,Date,Tweet
0,2022-08-30 23:58:57+00:00,"@CNNIndonesia Woi bangke!!  Si PC punya hak  imunitas apa?? Atau jgn2 benar adanya info setoran ke anggota @DPR_RI ?? Kl ibu yg lain meski punya bayi n ada yg jamin tetap ditahan,  apa bedanya sm si PC?? Istimewa amat dia?? Ayo pak @ListyoSigitP berlaku adil!! 
https://t.co/XamSZwPMow"
1,2022-08-30 23:58:31+00:00,"DPR mengebut pembahasan RUU Papua Barat Daya. Sebelumnya, ada  tiga UU DOB Papua yang telah disahkan. Hal itu karena pembentukan daerah otonomi baru di Papua dinilai berpengaruh terhadap  persiapan Pemilu 2024. #Polhuk #AdadiKompas

https://t.co/Y9XCcTZ9PB"
2,2022-08-30 23:58:17+00:00,Tepat. Anggota DPR yang terhormat ini yang harus disasar. Jangan rakyat yang dikorbankan terus.
3,2022-08-30 23:58:03+00:00,Anggota DPR Lasmi Tolak Jadi Saksi untuk Ayahnya Budhi Sarwono https://t.co/UPwzI22qSQ
4,2022-08-30 23:58:02+00:00,"Anggaran pengadaan DPR lagi-lagi bikin geger. Kali ini, DPR menganggarkan biaya untuk kalender 2023 Rp senilai 955 juta. https://t.co/nMkkaVR2o2"
5,2022-08-30 23:57:56+00:00,@msaid_didu Wooii..... DPR.... DPR.... https://t.co/GP2BNWuSN9
6,2022-08-30 23:57:26+00:00,yg paling bener DPR itu ya artikel bru na doper. Stei tun!
7,2022-08-30 23:57:05+00:00,@msaid_didu Hallo @DPR_RI
8,2022-08-30 23:57:01+00:00,"@asumsico Ribut kalender, apa kabar yg ganti gorden di gedung DPR min @asumsico ?"
9,2022-08-30 23:55:58+00:00,"Ada Anggota DPR yang Bela Ferdy Sambo Mati-matian di Balik Layar, IPW: Ini Orang yang Saya Kenal Dekat
https://t.co/2lC0rMmdUO"
10,2022-08-30 23:55:10+00:00,Anggota DPR Pahami Penyidik yang Tolak Pengacara Brigadir J Ikut Rekonstruksi https://t.co/t9eWLFDbQO
11,2022-08-30 23:55:02+00:00,@msaid_didu DPR tidur terus sdh ngak memikirkan rakyatnya yg memilih dia sebagai wakil rakyat jgn pernah melupakan rakyat yg lagi susah.
12,2022-08-30 23:54:47+00:00,@alisyarief Harus audit independen semua bersangkutan dengan pemerintah hasil sama kecualinindependen dpr bukan milik rakyat lagi...bisa jadi memeng negara sudah tidak ada uang
13,2022-08-30 23:54:19+00:00,@CNNIndonesia Hhmm mencurigakan 🤣🤣 DPR ini perwakilan rakyat berduit n berkuasa sepertinya yaaa
14,2022-08-30 23:54:09+00:00,"Mohon maaf @DPR_RI , jika suara kalian ""mewakili "" suara rakyat, coba kalian baca komen masyarakat pada berita ini 👇. Kayaknya masyarakat banyak yang tidak setuju lho."
15,2022-08-30 23:53:29+00:00,"@korantempo Mission impossible sih, krn DPR yng buat UU nya"
16,2022-08-30 23:53:08+00:00,"Gaji/pesangon anggota DPR gak kena dampak UU Cipta Kerja sama sekali, meskipun UU itu mereka sendiri yg kekeuh ngesahkan. Namun, itu bisa dimaklumi, UU Cipta Kerja kan untuk mengatur orang yg bekerja. Anggota DPR kan nggak."
17,2022-08-30 23:53:00+00:00,"Harga bbm sebentar lagi akan dinaikkan dengan alasan terlalu boros subsidi,
Padahal bisa mengurangi pemborosan dengan mengurangi jumlah staf khusus unfaedah dan gaji pensiunan DPR.

#BebanHidupMeroket 
#BebanHidupMeroket"
18,2022-08-30 23:52:29+00:00,@Dennysiregar7 SQUAD LAMA (EJAAN YANG PALING SANGAT BENAR) TAPI KLO SIKUAT LAMA (PASTI YANG NGEJA BLOON) @DPR_RI @jokowi @ASEAN @g20org @UN
19,2022-08-30 23:52:10+00:00,"@nin_oraurus @2ndonesia @Kasepakudaa @babel_gami @quoraindo Lah terserah gw, lu siapa ngatur? DPR? Wkwkkwkw tuh gw balikin omongan lu sendiri wkwkwkkw"
20,2022-08-30 23:51:33+00:00,@attarimai @zarazettirazr seharusnya begitu sprt rapat dpr
21,2022-08-30 23:51:26+00:00,@Tan_Mar3M Ini wakil rakyat apa wakil keluarga Ferdi Sambo sih @DPR_RI  ?
22,2022-08-30 23:51:00+00:00,@CNNIndonesia apa apaan....apa ini anggota komisi 3 yang ditelpon Sambo pasca kejadian?? make sense...@DPR_RI
23,2022-08-30 23:50:46+00:00,"@mei_peseek @DPR_RI Alahhh itu yg anak sama ibunya msh balita tetep aja di sel keduanya sama polisi juga heyy @DPR_RI punya nurani ga sih dia itu ikut membunuh jangan hanya karna anak ya kalau anak kandung dr fs sama pc kalau dr anak kw gimana? Punya wakil ko kerjanya setengah"" katanya mau tranparan"
24,2022-08-30 23:50:33+00:00,"@korantempo Hapus langsung sumbernya, hapus DPR nya gk guna juga 🤭"
25,2022-08-30 23:50:01+00:00,oi jeni
26,2022-08-30 23:48:57+00:00,Jangan Pilih Ketua DPR Tersangkut Korupsi. Berikut ini Setya Novanto Korupsi Baca selengkapnya. https://t.co/sZ20eGH9m5
27,2022-08-30 23:48:38+00:00,"@Christi28566166 @MochamadRofiq8 @Maya83206301 @CasanovaX8X @cebongsejati1 Karena...bagaimnpun dpr jg dpt cipratan cuan dr sambo...hrs balas budi😤
Sungguh membagongkan🤦"
28,2022-08-30 23:48:28+00:00,Akhirnya DPR jadi pembela
29,2022-08-30 23:47:44+00:00,"Ayo dibeli keripiknya harganya masih dibawah gaji DPR aowwkowk 
https://t.co/lvvylQQhtR"
30,2022-08-30 23:47:31+00:00,Rekonstruksi ini kan versi tersangka dg semua kelompoknya. Apakah itu fakta ?  Sy mmilih tidak percaya sepenuhnya dulu. Apalagi Judi Online tiba2 seperti kena badai. Yg ditangkap bgt byk tp hny kelas terinya. Jg DPR yg lbh bnyk memuji polisi.  https://t.co/xGgqsyVOTz
31,2022-08-30 23:46:55+00:00,"Dibongkar IPW, 2 Anggota DPR Bela Ferdy Sambo, Usai Ketahuan Ngakunya Sudah Tertipu | 
Pagii Jokowi Poligami Cebong Kuwat Ngabalin ikn pasti mangkrak Deolipa #BreakingNews #SubsidiBBMBodong #PresidenPenipuRakyat #BBM_NaikJokowiTurun #TolakKenaikanHarga_BBM https://t.co/A8jlMp17pw"
32,2022-08-30 23:46:39+00:00,@kr1t1kp3d45_pro @ListyoSigitP @DitjenPajakRI @mohmahfudmd @infoLPSK @kemenkeu @kompolnas_ri @DPR_RI @LBHMasyarakat @LBH_Jakarta Negeri wakanda dagelan .... Mrk gak sadar ada kehidupan hari kemudian .... Kalian akan dihisab dgn sangat berat !!
33,2022-08-30 23:46:39+00:00,@VIVAcoid Msh ada yg percaya sama DPR ?
34,2022-08-30 23:45:57+00:00,@sblfsdumpside Dilarang protes anda bukan DPR xixixi
35,2022-08-30 23:45:57+00:00,"@CNNIndonesia Bisa gak klo anggota DPR macem ini dikurangi? Maaf, bukan apa2. Buat ngurangin belanja anggaran, apalg gak keliatan benefitnya. Selalu berat sebelah bagi rakyat kecil, padahal kita yg bayarin mereka lewat Pajak, tp klo hasilnya gini knp merasa rugi ya?"
36,2022-08-30 23:45:19+00:00,"@CNNIndonesia mungkin komisi 3 dpr tidak setuju, tapi netizen setuju."
37,2022-08-30 23:44:59+00:00,"@nin_oraurus @oyyeen @2ndonesia @Kasepakudaa @babel_gami @quoraindo Ya kalo dia mau, punya duit dan riset kepuasan wajar2 aja. Situ siapa ngatur? DPR? (Wkwkwk gw balikin omongan lu sendiri) Emang ada statement dia bilang ga layak pakai?"
38,2022-08-30 23:44:05+00:00,Kuasa hukum Bigadir J protes karena tak dilibatkan dalam proses rekonstruksi. Anggota DPR Komisi III menilai apa yang dilakukan oleh polisi sudah tepat. https://t.co/nfEjw4yiNi
39,2022-08-30 23:43:03+00:00,"Kalo misalnya dihitung angka kekayaan pejabat DPR sebelum dan sesudah menjabat naiknya berapa, udah paling bener emang pensiun dihapus 🤪"
40,2022-08-30 23:42:16+00:00,"PENSIUN  ‼️
...

Hak pensiun bagi pimpinan dan anggota DPR diatur mulai pasal 12-21 UU Nomor 12 tahun 1980.

https://t.co/ziF9dfa1xH"
41,2022-08-30 23:41:43+00:00,2. Mantan Anggota Komisi II DPR Abdul Malik Haramain
42,2022-08-30 23:40:58+00:00,"@papa_loren Bacaaaa !!!
...

Hak pensiun bagi pimpinan dan anggota DPR diatur mulai pasal 12-21 UU Nomor 12 tahun 1980."
43,2022-08-30 23:40:01+00:00,Kuasa hukum Bigadir J protes karena tak dilibatkan dalam proses rekonstruksi. Anggota DPR Komisi III menilai apa yang dilakukan oleh polisi sudah tepat. https://t.co/fcdEXG88xQ
44,2022-08-30 23:40:01+00:00,@MardaniAliSera Sebaiknya pensiunan DPR dihapus
45,2022-08-30 23:39:23+00:00,@CttnDmkrs Harusnya media ini segera menghub Puan Ketua DPR utk matijan Mic Ngabalin
46,2022-08-30 23:39:21+00:00,"@nin_oraurus @oyyeen @2ndonesia @Kasepakudaa @babel_gami @quoraindo Serah dia mau ganti hape setengah tahun sekali, Ngapain lo ngatur2 dengan terus berasumsi, situ DPR?"
47,2022-08-30 23:39:17+00:00,"@papa_loren Jaman p Harto loe ribut soal undang2? Bsk ente ada dmn, kita gak tahu.
...
Hak pensiun bagi pimpinan dan anggota DPR diatur dalam Bab IV mengenai pensiun. Hak pensiun bagi pimpinan dan anggota DPR diatur mulai pasal 12-21 UU Nomor 12 tahun 1980."
48,2022-08-30 23:38:44+00:00,"DPR RI Diminta Segera Mengesahkan RKUHP
https://t.co/fW2HEHJeuf"
49,2022-08-30 23:38:00+00:00,"Komisi III DPR Tak Persoalkan Kuasa Hukum Brigadir J Tak Diizinkan Ikut Rekonstruksi |
Pagii Jokowi Poligami Cebong Kuwat Ngabalin ikn pasti mangkrak Deolipa #BreakingNews #SubsidiBBMBodong #PresidenPenipuRakyat #BBM_NaikJokowiTurun #TolakKenaikanHarga_BBM https://t.co/GPRxk4SgYe"
50,2022-08-30 23:37:33+00:00,"@dutaMasarya Harus dicurigai ! Jàdi isu yang berkembang tentang POLRI dikuasai kaisar sambo itu benar. Mustinya ga usah ada penangkapan, penahanan, Rapat pendapat dengan DPR, rekonstruksi dan
 konferensi pers kalau hasil sinetronnya jelek tapi mahal biayanya, mending nonton sinetron lain 😁😁"
51,2022-08-30 23:36:47+00:00,"@AnthonyBudiawan Mengapa selalu yang dikorbankan rakyat, kenapa tidak tunjangan para pejabat mulai dari Presiden sampai Lurah termasuk @prastow, anggota MPR, DPR dan badan-badan lain yang tidak ada manfaat seperti @brin_indonesia @BPIPRI  yang dipotong syukur-syukur dihilangkan,masuk akal khan?"
52,2022-08-30 23:36:23+00:00,@papa_loren Enak banget kerja 5 tahun pensiun seumur hidup.UU nya dibuat sendiri  disahkan sendiri.inikah keadilan? sedangkan guru yg bekerja seumur hidup malah nggak bisa jadi PNS.bahkan dihapus utk jadi PNS.justru beban keuangan negara semakin karena biaya pensiun anggota DPR yg kerja 5thn
53,2022-08-30 23:35:33+00:00,@CNNIndonesia Baaanyaaak kali pak @DPR_RI yg ngalamin sperti PC...tp hukum tdk peduli....kok berbeda yach dgn PC...ada apa pak @DPR_RI
54,2022-08-30 23:34:05+00:00,@CNNIndonesia Ngak guna punya @DPR_RI
55,2022-08-30 23:32:59+00:00,"@Usuludin321 @RagilSemar Sepertinya percuma. Lapor polisi, satu gerbong mereka. DPR gak berkutik karena yang kontra hanya minoritas suara. Tentara juga gak fungsi untuk itu dan hanya siap Ndan."
56,2022-08-30 23:32:14+00:00,"@CNNIndonesia Kasus Pembunuhan harus di PERLAKUKAN TEGAS Pelakunya mesti ditahan, jangan kangkangi Undang Undang @DPR_RI @Gerindra.
Tangkap juga itu si pemain film porno Gisella Anastasia, nunggu sampe anaknya masuk kuliah baru ditangkap @DivHumas_Polri @ListyoSigitP @mohmahfudmd. @jokowi"
57,2022-08-30 23:31:54+00:00,@CNNIndonesia DPR= DEWAN PERWAKILAN RICHPEOPLE  🤭🤭
58,2022-08-30 23:31:44+00:00,"@CNNIndonesia Hey komisi III DPR terhormat, kalian dapat amplop berapa ? Demi matamu ..."
59,2022-08-30 23:31:24+00:00,"Perzinahan terbukti membawa banyak mudarat mulai dari penyakit kelamin menular hingga paling parah terjangkit penyakit HIV/AIDS. Bagaimana Komisi VIII DPR merespon usulan Poligami sebagai Sebuah Solusi?

[TALK] Ketua Komisi VIII, Yandri Susanto https://t.co/uPuSluZDJW"
60,2022-08-30 23:31:16+00:00,"@msaid_didu @fadlizon justru pada saat tema hangat soal subsidi BBM &amp; anggaran sisa 1600 trilyun yg diprediksi gak nyampe sampe akhir tahun itu,  yg seharusnya kita sering tonton itu komisi XI DPR. Tapi kita lagi asyik dgn komisi 3 kasus konflik rumah tangga berujung pembunuhan."
61,2022-08-30 23:30:46+00:00,"@PartaiSocmed Nanya dong, kalau jadi anggota dpr/menteri dalam 2 periode,pensiunnya 1x apa 2x ya ?"
62,2022-08-30 23:30:37+00:00,"@abu_waras Pembaqa acara nya jg bikin emosi...
Apa gak bisa matiin mic kah kayak ibu ketua dpr sering contohkan..."
63,2022-08-30 23:30:04+00:00,DPR dah adem ayem dgn pensiun
64,2022-08-30 23:29:18+00:00,"@asumsico HEH MANA KALENDERNYA 

Gw aja gapernah dapet, itu DPR cetak kalender buat siapa? Makhluk mars? 
Aneh deh, tau gtu gausah bayar pajak, gw gadapet kalendernya😏"
65,2022-08-30 23:29:09+00:00,Mari kita lihat apakah menkeu berani berstatement menghentikan jatah pensiunan buat dpr.
66,2022-08-30 23:28:20+00:00,"@RamliRizal Kalau jujur&amp; konsisten tidak akan jadi presiden, rakyat kecil sprti kami, kyaknya  tidak percaya kalau pemerintah/ aparat &amp; DPR- MPR jujur&amp; konsisten,,buktinya: negara yg kaya raya sumber alamnya, utangnya buanyak,.ke Adilan hukum,sosial.politik&amp; ekonomi untuk segenap rakyat..no?"
67,2022-08-30 23:28:03+00:00,"Rapat di DPR, Mendag Zulhas Jelaskan Hubungan Bansos dengan Kenaikan Harga Telur Ayam https://t.co/po3TGjZUpK"
68,2022-08-30 23:27:59+00:00,"@Abahpurwa1 ngeri bang.. jauh ngeri lagi kalau ada anggota DPR dan perwira TNI terlibat.. dan jauh jauh jauh lebih ngeri lagi kalau ulama, KH, Ustad, Habib terlalu lama diam dan membisu tidak berani fatwa mutkhir. karena menjelang pemilu ini."
69,2022-08-30 23:27:11+00:00,@CNNIndonesia Apa hubungannya DPR dgn penegakan hukum? Makin curiga sdh banyak terima tips dr sambo ini anggota dewan
70,2022-08-30 23:26:29+00:00,"#Jam #ID_Card #SeminarKit #Kaos Buat Momentmu semakin Berkesan
Just Call me at 085725054237 pin BBM 79062369 Jogjamedia
https://t.co/08gHooSKVk"
71,2022-08-30 23:26:23+00:00,"Penguasa @DPR_RI mental PKI ..
Mereka korupsi untuk mmbeli suaramu agar jd penguasa lagi https://t.co/0IGBKs6ZYj"
72,2022-08-30 23:25:49+00:00,@tanyakanrl banyaknyeuuu dpr ian
73,2022-08-30 23:24:51+00:00,@tanyakanrl nerves - dpr ian masih nangkring paling atas ☝🏻 https://t.co/oIZ8nntO9u
74,2022-08-30 23:23:36+00:00,@vdvc_talk @tvOneNews DPR SEBENARNYA HARUS DI BUBARKAN SAJA CUMA NGABISIN UANG NEGARA
75,2022-08-30 23:22:56+00:00,"Setelah mengikuti bapak @budimandjatmiko
Saya Langsung pengin jadi DPR RI 😁 https://t.co/VQVXsWVJ9o"
76,2022-08-30 23:22:38+00:00,@tanyakanrl yg anggaran buat kalender DPR bisa ga di alokasikan
77,2022-08-30 23:22:31+00:00,@msaid_didu Wah kalo denger Dpr jadi inget alm GUSDUR..
78,2022-08-30 23:22:31+00:00,@VIVAcoid Lebih berjasa guru apa DPR?
79,2022-08-30 23:22:01+00:00,@Askrlfess ga setuju. soalnya pns kerja sampe pensiun 58-60 thn dan uang pensiun itu kan dipotong tiap bulan dr gaji. jd itu emg hak pegawai. mending yg ditiadakan itu uang pensiun dpr yg bisa diwariskan ke anak cucu. kerja cm 5 thn tp dpt pensiunan seumur hidup. itu the real beban negara.
80,2022-08-30 23:20:05+00:00,"Tu denger wakil ketua komisi III DPR RI  kadang kalau ngangenin jugapasti sahabat suka kan 🙋‍♂️
@Maya83206301 
@newIding30 
@_MbakSri_ 
@maryanti_oemar 
@nezloves2 
@cebongsejati1 
@CasanovaX8X 
@firzahusainInc 
@yusuf_dumdum 
@p1_eka 
@WagimanDeep212_ 
@moh_aak 
@bobby_risakotta https://t.co/kFFCW3R1Y6"
81,2022-08-30 23:20:00+00:00,@ZUL_Hasan Semoga dengan adanya rapat paripurna DPR RI ini dapat membuka peluang ekspor bagi para UMKM semangat terus pak mendag
82,2022-08-30 23:19:13+00:00,@RadarKorupsi Akbar faisal juga ex anggota DPR khan...jadi kemungkinan dia tahu tentang permainan ini
83,2022-08-30 23:19:05+00:00,"Astaghfirullah...Ya Allah ini di Indonesia lho 
Cc : 
@jokowi 
@DPR_RI"
84,2022-08-30 23:18:15+00:00,"@msaid_didu Kalian ketahuan @jokowi @KemenkeuRI , @DPR_RI ???"
85,2022-08-30 23:17:45+00:00,"@AsepApep @maspiyuaja @msaid_didu @DPR_RI Fatsun politik yg skrg untuk memperkuat sistem presidensial, baik posisi politis maupun pengambilan keputusan dan kebijakan yg diambil, koalisi pemerintah DPR justru berpotensi  hanya  akan menjadi Bumper utk kebijakan keliru dr presiden, jd kebal terhdp kritik &amp; upaya pelurusan"
86,2022-08-30 23:17:43+00:00,@CNNIndonesia Ko DPR di kasus ini nimbrung mulu yak. biasanya gada suara.
87,2022-08-30 23:16:37+00:00,"@LTwitland @KemenkeuRI Katanya jadi beban APBN
DPR ngalahlah sikik
Kerja cuman beberapa tahun mau pake.pensiun"
88,2022-08-30 23:16:21+00:00,@CNNIndonesia Berawal dari sambo.polisi-kejaksaan-DPR-pemerintah. Terbuka semua keburukannya.
89,2022-08-30 23:16:20+00:00,Ini kasus polwan yg dipecat di polres donggala - sulawesi krn melawan rekayasa kasus...@mohmahfudmd @ListyoSigitP @DivHumas_Polri @propampolri @kompolnas_ri @jokowi @KSPgoid @DPR_RI @puanmaharani_ri @KomnasHAM https://t.co/gemYm9fa0E
90,2022-08-30 23:16:03+00:00,"@CNNIndonesia Gilingan! DPR ini memang gak ada yg mewakili suara rakyat, bubarrrrr aja"
91,2022-08-30 23:15:57+00:00,@korantempo Anggota DPR seharunya org org yang bukan dari kader partai dan bukan seorang pengusaha.
92,2022-08-30 23:14:29+00:00,"@korantempo Motif mereka ke DPR jelas beda dg dedikasi PNS, makanya pesangon juga cukup utk anggota DPR. Mereka makilin rakyat aj sudah dapat kompensasi dan kesempatan berkembang besar, beda sama PNS salah sedikit kewenangan aj berisiko koruptor. Mutlak saya setuju pensiunan DPR dihapus."
93,2022-08-30 23:14:06+00:00,@papa_loren @2dibukaB Rakyat tidak ada yang tahu anggota DPR Silent @Fahrihamzah apa kabar
94,2022-08-30 23:13:40+00:00,"@CNNIndonesia air mengalir sampai jauh…
alhirnya ke dpr…"
95,2022-08-30 23:13:32+00:00,Sudah gila dimana adil nya coba ini DPR ga bisa dibubarin gitu ga ada guna nya cuma abisin duit aja ~
96,2022-08-30 23:13:17+00:00,@msaid_didu DPR ?. Semakin kaya mereka semakin pendiam ?.
97,2022-08-30 23:13:14+00:00,dpr = produk kegoblokan .....
98,2022-08-30 23:13:11+00:00,"Dibongkar IPW, 2 Anggota DPR Bela Ferdy Sambo, Usai Ketahuan Ngakunya Sudah Tertipu
https://t.co/ER8buSbUSq"
99,2022-08-30 23:13:05+00:00,"@MSadeWoO saya usul di pemilu th 2024, logo partai dipasang di bawahnya : dasar partai. karena ada yg asas Pancasila, a yg asas Islam dll. supaya pemilih tidak membeli kucing dalam karung.
@mohmahfudmd 
@KPU_ID 
@DPR_RI"
100,2022-08-30 23:12:31+00:00,"@CNNIndonesia Sebanyak itu tahanan wanita, tetap aja dipenjara walaupun punya anak. Knp yg ini dispesialkan? Udh dapat cipratan duit brp? Bubarin aja dpr, ga guna."
101,2022-08-30 23:12:01+00:00,"@AlayTwips @danielcitayem @asumsico 500 itu jumlah DPRnya, jumlah pekerja di DPR RInya."
102,2022-08-30 23:11:56+00:00,1. Mantan Pimpinan Komisi II DPR Ganjar Pranowo (kini Gubernur Jawa Tengah)
103,2022-08-30 23:11:24+00:00,@CNNIndonesia DPR B*g.
104,2022-08-30 23:10:51+00:00,"@papa_loren @rifyuds Yg beban negara malah pns yg udah ngabdi puluhan tahun
Dan pns itu udah lama skema daper pensiunan
Ini anggota dpr sejak kapan dapan uang pensiun, dan ga di bilang beban negara
Sri sri"
105,2022-08-30 23:10:48+00:00,@detikcom Terus terang saya bingung. Mana kebijakan anggota DPR atau pejabat negara asal PDIP yg betul2 pro wong cilik?
106,2022-08-30 23:09:32+00:00,@JSuryoP1 @ListyoSigitP @DPR_RI @jokowi Sambo
107,2022-08-30 23:09:08+00:00,"@fanstanetwork DPR Live and DPR IAN in Los Angeles, please 🥲"
108,2022-08-30 23:07:03+00:00,"@CNNIndonesia Apa-apan ini @DPR_RI,buka mata mu!"
109,2022-08-30 23:06:58+00:00,"@msaid_didu Dpr dong yang harus bersuara terkait Subsidi tersebut mereka yang lebih tau, sampai saat ini mungkin belum ada yang komentar"
110,2022-08-30 23:05:13+00:00,@Hasbil_Lbs Coba @DPR_RI   Sah kan  RUU Perampasan Aset Koruptor
111,2022-08-30 23:04:57+00:00,"Kok bisa @MahkamahAgung punya data aliran dana dari KEMENHAN-RI yang ada dibawah kepemimpinan @prabowo

Anehnya lagi pengakuan Lemos tak sesuai data yang dimiliki lembaga hukum negara tersebut
Itukah tujuan sipeselingkuh masuk @DPR_RI ?

#UsutKembaliKM50
https://t.co/KZ0HJr1mzy"
112,2022-08-30 23:04:55+00:00,@CNNIndonesia tunjangan DPR dan Menteri juga dihapus biar tdk jadi beban APBN.
113,2022-08-30 23:03:58+00:00,"@CNNIndonesia Tangan Yang Sering menerima maka akan sulit memukul..!!
Itulah gambaran DPR yang sesungguhnya."
114,2022-08-30 23:03:57+00:00,@msaid_didu @DPR_RI ikut menikmati
115,2022-08-30 23:03:13+00:00,"@msaid_didu Disayangkan DPR skrg tidak maksimal menggunakan hak2 yg melekat pada mrk, Padahal dulu saat ada wacana soal APBN Perubahan dan terkait kenaikan BBM, sampai dibahas &amp; voting di sidang paripurna, Krn rapat komisi dead lock terus, sampe ada fraksi walk out"
116,2022-08-30 23:02:31+00:00,@dr_meddocs @CNNIndonesia DPR bukan pemimpin itu mewakili kamu. Rakyat
117,2022-08-30 23:02:24+00:00,"adem kalau anggota DPR sudah ngomong,cermin keadilan sosial bagi seluruh rakyat indonesia..."
118,2022-08-30 23:01:27+00:00,@CNNIndonesia Nkri negara dmokrasi bukan negara otokrasi tpi sayang dpr ri dg mpr ri nya otoriter&amp; diktaktor kyak orba kyaknya klo gk di demo brjlid2 dg rakyat ke dpr ri gugat ke makamah internasional LN&amp; MNCANEGARA BOLEH 3 PERIODE/LBiH rakyat trzolimi jika revisi uu pilpres ditolak dpr ri🙏🏼👍
119,2022-08-30 23:00:16+00:00,"@anti__air @emerson_yuntho @dhanyapri Walah waton bacot.. 
Jaman orba semua pemimpin dipilih oleh DPR -DPRD, rasa sungkan bisa jadiin putra.mahkota jadi walikot..
Jaman sekarang rakyat langsung pilih, rakyat bebas mau pilih sapa Bae.. 
Otak di pake jangan cuman JD hiasan kepala ya dek.."
120,2022-08-30 23:00:16+00:00,"@msaid_didu Ini kan masuk ranah komisi XI DPR, apakah kebijakan ini menggunakan opsi APBN Perubahan atau opsi Perppres yg tdk melibatkan DPR? Pada saat kenaikan BBM menjadi topik atau isu panas, harusnya Fungsi kontrol dan pengawasan digunakan oleh DPR, Setidaknya Rapat dengar pendapat Umum."
121,2022-08-30 23:00:09+00:00,"#AlihSubsidiTepatGuna

Pemerintah alihkan subsidi BBM jadi bansos.
Akhirnya, cabut subsidi BBM.
Banggar DPR bekerja. https://t.co/ay4bXpEq76"
122,2022-08-30 23:00:03+00:00,"#AlihSubsidiTepatGuna

https://t.co/7VGzfZsUfy

Ketua Badan Anggaran (Banggar) DPR RI Said Abdullah menyetujui rencana kenaikan harga Pertalite. Pasalnya, selama ini subsidi yang diberikan memang tidak tepat sasaran dan justru banyak dinikmati orang mampu."
123,2022-08-30 23:00:02+00:00,"Saya dukung BANGGAR DPR.

#AlihSubsidiTepatGuna

https://t.co/IhfzdA9EcQ"
124,2022-08-30 23:00:02+00:00,"Besaran subsidi dan kompensasi energi sampai akhir 2022 diperkirakan akan mencapai Rp 700 triliun. Anggota DPR RI mengusulkan harga Pertalite maksimal Rp 10 ribu per liter.

#AlihSubsidiTepatGuna
https://t.co/AxwMGIh3E9"
125,2022-08-30 23:00:01+00:00,"Mau Seret Jokowi Soal Rekonstruksi Ferdy Sambo, DPR Heran Sama Pengacara Brigadir J: Tahu Apa Sih? https://t.co/brgS7MLHET"
126,2022-08-30 23:00:01+00:00,"#AlihSubsidiTepatGuna telah disetujui banggar DPR

https://t.co/8LEfN2hzhg"
127,2022-08-30 23:00:01+00:00,"Ketua Badan Anggaran DPR Said Abdullah mengungkapkan dukungannya terhadap rencana kenaikan harga BBM bersubsidi. beban subsidi energi sudah terlalu berat bagi keuangan negara

#AlihSubsidiTepatGuna
https://t.co/mr3mLzWtBU"
128,2022-08-30 23:00:01+00:00,"BANGGAR DPR setuju #AlihSubsidiTepatGuna

https://t.co/blW2kkA1Qf"
129,2022-08-30 23:00:00+00:00,"DPR menyetujui #AlihSubsidiTepatGuna agar tepat sasaran.

https://t.co/a9W817eVq8"
130,2022-08-30 23:00:00+00:00,"DPR RI setuju #AlihSubsidiTepatGuna asalkan tepat sasaran.

https://t.co/E2MwdWevoU"
131,2022-08-30 23:00:00+00:00,"Usulan DPR lho

Besaran subsidi dan kompensasi energi sampai akhir 2022 diperkirakan akan mencapai Rp 700 triliun. Anggota DPR RI mengusulkan harga Pertalite maksimal Rp 10 ribu per liter

#AlihSubsidiTepatGuna
.

https://t.co/n6xLiMCIvY"
132,2022-08-30 23:00:00+00:00,"#AlihSubsidiTepatGuna
Banggar DPR Setuju Pengalihan Subsidi BBM Agar Tepat Sasaran
https://t.co/QIgW6xJPe9"
133,2022-08-30 22:59:58+00:00,"Masih ada DPR?
Kalau pun ada masih bisa diandalkan sebagai wakil rakyat?
Banyak kehancuran ekonomi, keadilan, kebobrokan masih ga ada gerakannya, masih dibilang wakil rakyat???
Hanya beberapa orang di dpr yang masih mau membela rakyat, tapi sayang, taring mereka masih lemah."
134,2022-08-30 22:56:12+00:00,RT DPRIANarchive: DPR IAN's MITO nail art 🖤 https://t.co/aPZpKpDBgC
135,2022-08-30 22:55:21+00:00,@coachaddie_off Oke oke. Gimana kalo dpr ?
136,2022-08-30 22:55:17+00:00,"Mantan artis, mantan atlet buta politik, lalu jadi DPR krn tenar, terus gak ngapa2in tapi digaji besar dan pensiun itu nggatheli banget. &gt;&gt;"
137,2022-08-30 22:55:06+00:00,"Astagfirullah.....kan masih ada keluarga FS atau PC.
Wong wkt melakukan kejahatan, PC ga inget anak. Skrg ngapain @DPR_RI latah sok merhatiin anak nya?
Ini kejahatan pembunuhan berencana lhoooo....
Mencoreng rasa keadilan rakyat kecil"
138,2022-08-30 22:54:51+00:00,DPR Geram Atas Penembakan Di Papua Oleh KST: Biadab Dan Langgar HAM https://t.co/4fi4ftT6aF
139,2022-08-30 22:54:46+00:00,"@msaid_didu DPR mah harusnya bekerja seruis, bukan bersuara doang 👍🏼masa kerjanya cuma nikmatin fasilitas doang 😍😍😍"
140,2022-08-30 22:54:43+00:00,"Anggota DPR Lasmi Indaryani menolak bersaksi di perkara korupsi ayahnya, yakni Bupati Banjarnegara Budhi Sarwono. Budhi dijerat dengan perkara TPPU. https://t.co/WbQsCy5Mof"
141,2022-08-30 22:52:57+00:00,"RT kebulrokok: tato, tarung derajat

dpr ian (christian yu) au https://t.co/uA4gdmQc9I"
142,2022-08-30 22:52:52+00:00,Hanya berlaku Jika berduit dan berpangkat :)) DPR GA GUNA
143,2022-08-30 22:52:30+00:00,@msaid_didu Act dihentikan..dpr kapan???
144,2022-08-30 22:50:50+00:00,Anggota dpr/dprd memang ada yg bersekongkol jahat yg dpt menyusahkan rakyat
145,2022-08-30 22:50:30+00:00,@msaid_didu sami mawon BASMI DPR
146,2022-08-30 22:49:31+00:00,@msaid_didu Kalo DPR nya juga sekomplotan piye om
147,2022-08-30 22:48:56+00:00,Jangan Pilih Ketua DPR Tersangkut Korupsi. Berikut ini Setya Novanto Korupsi Baca selengkapnya. https://t.co/sZ20eGq6k5
148,2022-08-30 22:48:36+00:00,"@korantempo ini yang benar ...
Hapus Gaji Pensiun Anggota DPR/DPRD !!! ✊"
149,2022-08-30 22:46:57+00:00,"@korantempo sulit mengukurnya, karena pekerjaan anggota DPR/DPRD itu kolektif ...
per Dapil diwakili oleh 5 - 7 orang Anggota DPR/DPRD ..."
150,2022-08-30 22:46:35+00:00,"@abu_waras DPR bu,,, sikat dong... Sy yakin penghabis uang negara terbanyak adalah mereka..."
151,2022-08-30 22:44:29+00:00,"@msaid_didu Jgn berharap dpr bersuara,mereka bagian dr rezim ini...koalisi...!!!.pokoke jgn pilih dewan yg dr partai koalisi dgn rezim ini,mungkin kedepan aman...!!!."
152,2022-08-30 22:44:07+00:00,"@Askrlfess Taspen noh diusut, kok bisa membenani. Seharusnya malah untung dong, bisa ngelola dana orang. Apalagi DPR, buat apa dikasih pensiunan banyak, kerjanya aja gaje"
153,2022-08-30 22:43:48+00:00,"Pengamat Komunikasi Politik Universitas Pancasila Gede Moenanto Soekowati menilai kinerja Puan Maharani sejak menjadi Menko Pembangunan Manusia dan Kebudayaan sampai dengan Ketua DPR sudah teruji sehingga dia layak menjadi pemimpin nasional.

#puan2024 #puanmaharani ... #pm2024"
154,2022-08-30 22:43:10+00:00,"@fadlizon Lah gunanya anda jadi anggota dewan apa Zon,,
Bukankah semua harus melalui DPR 

berarti ngk ada fungsinya anda di dewan 
Kalau cuma berani ngomong di luar dewan"
155,2022-08-30 22:43:06+00:00,Banggar DPR RI menyoroti anggaran pengadaan kalender cetak untuk tahun 2023 sebesar Rp 955 juta oleh Setjen DPR. Said meminta pengadaan kalender itu disetop. https://t.co/33rAyWGYds
156,2022-08-30 22:42:41+00:00,"@Askrlfess Bukan pensiunan pns yg hrs dirombak, tunjangan dpr, pejabat dan petinggi petinggi lain yg hrs di rombak. Hmm"
157,2022-08-30 22:42:36+00:00,@JSuryoP1 @ListyoSigitP @DPR_RI @jokowi bpk @ListyoSigitP ... Ini nih yg begini BERANTAS. Digaji rakyat ko malah Malak rakyat.
158,2022-08-30 22:42:30+00:00,pantes semua org penngen jadi dpr
159,2022-08-30 22:42:16+00:00,DPR Dorong Anak Muda Jadi New Content Creator https://t.co/W60B6kJ7lq
160,2022-08-30 22:41:31+00:00,@msaid_didu Nggak mungkinlah DPR bersuara mereka sangat menikmati hasilnya kok
161,2022-08-30 22:39:08+00:00,"@msaid_didu Di negeri konoha antah berantah  DPR nya bukan dewan perwakilan rakyat, namun dewan penghianat rakyat"
162,2022-08-30 22:37:41+00:00,"@asumsico DPR= Dewan Perwakilan Rakyat?
Tp emang iya ya? Wakil rakyat? Oh iya kan emang udh diwakilkan jalan"",barang mewah dan yg lin"
163,2022-08-30 22:37:30+00:00,"Duitnya banyak... Duit apakah ini?..
@PPATK @tvOneNews @KompasTV @bpkri @PKSejahtera @DPR_RI @mohmahfudmd @Kiyai_MarufAmin"
164,2022-08-30 22:36:26+00:00,@ernestprakasa Bayar pajak buat bayarin pensiunan dpr kah?
165,2022-08-30 22:35:10+00:00,"Surat Penetapan PN sudah keluar Pak @jokowi yang terhormat tapi sampai skrg sertifikat di atas tanah tersebut blm di batalkan oleh BPN mohon pencerahan nya.
@RajaJuliAntoni 
@mohmahfudmd 
@DPR_RI 
@atr_bpn 
@kanwilbpnsumsel 
@TjahjantoHadi https://t.co/Kym7bo8lm6"
166,2022-08-30 22:35:02+00:00,"Formappi pertanyakan kalender DPR yang menghabiskan Rp955 juta untuk siapa aja?
https://t.co/e8i8hYuMmH
.
KKN di Desa Penari Poligami Ngabalin Kris Kuwat https://t.co/PJpnqIxBLt"
167,2022-08-30 22:34:45+00:00,"Contoh pembenaran. 
Setelah ketahuan bhw dlm APBN 2022 tdk ada angka subsidi sbsr Rp 502 trilyun, mereka menunjukkan sumber dan sibsidi/kompensasi BBM dari dana cadangan ekonomi. Cara ""penyelundupan"" anggaran seperti ini hrs diakhiri.
DPR seharusnya bersuara. https://t.co/akq8VOIlo1"
168,2022-08-30 22:34:00+00:00,"@Askrlfess ngapain gakk dpr aja, gajinya ga semena"" kerja cmn tdur."
169,2022-08-30 22:33:31+00:00,@detikcom apa gunanya gedung @DPR_RI
170,2022-08-30 22:32:17+00:00,"@benuaandin @bachrum_achmadi Gibran&amp;booby ngakunya gak mau masuk politik. Dan mereka asalnya pengusaha.

Anak2 suharto cuma mbak tutut aja yg berpoltik. Itupun cuma sbg anggota dpr di akhir th 90an

Ga usah debat bgmn bisnis anak suharto ato anak jokowi dpt previlege ya. Krn sama saja"
171,2022-08-30 22:30:41+00:00,@ernestprakasa Ini ketua dpr nya bisa diganti ga?
172,2022-08-30 22:30:27+00:00,@ernestprakasa Pantes banyak yg kepingin jadi DPR
173,2022-08-30 22:29:01+00:00,"Di Indonesia? 

Revolusi cara griliya, 
duduki kantor dprd tk2/dprd tk1 di pemkot pemda dan provinsi, jakarta / dpr pusat setiap hari sampai RI1 Lengser.
karena dpr sbg wakil rakyat sdh jd bagian dari penguasa yg semena mena dlm penegakkan hukum dll."
174,2022-08-30 22:28:37+00:00,"@diluc_dpr itu yg mana deh, yg aw botas masih rame rame aja deh"
175,2022-08-30 22:28:09+00:00,"Revolusi cara griliya, 
duduki kantor dprd tk2/dprd tk1 di pemkot pemda dan provinsi, jakarta / dpr pusat setiap hari sampai RI1 Lengser.
karena dpr sbg wakil rakyat sdh jd bagian dari penguasa yg semena mena dlm penegakkan hukum dll."
176,2022-08-30 22:27:22+00:00,"Haloo @Error_signals 😃👋 Selamat membaca!
""Langkah pertama yang perlu dilakukan Menkeu Sri Mulyani dalam rencana mengubah skema pensiun PNS adalah menghapus jatah untuk anggota DPR. #KoranTempo #PNS ..."" https://t.co/Y9N7xxSVmP"
177,2022-08-30 22:23:31+00:00,"@maspiyuaja Order baru tidak ada Wacana 2, 3, 4,5 Periode, tapi DPR, MPR memilih kembali presiden yang sama. 
Sekarang mau meniru apa bgmn?"
178,2022-08-30 22:22:06+00:00,"@Askrlfess Kak Jill aja udah, mayan ntar kalo dpr minta ganti hordeng ga mahal-mahal banget."
179,2022-08-30 22:20:18+00:00,"HEBOH Uang Pensiun Anggota DPR, Cuitan Sarkas Ernest Prakasa Jadi Sorotan: Jaga Mulut Anda
 
https://t.co/Tx82kZNz88 via @tribunmedan"
180,2022-08-30 22:18:16+00:00,"@CNNIndonesia Spesial sekali sampe diksh usulan dr anggota DPR RI sprt itu,,
Seberapa besar apa sih jasanya bagi Negri ini...???
Rakyat kecil saja ttp dipenjara ketika dia pny anak balita.
Jadi beda ya perlakuan dimata hukum antara rakyat kecil sm org yg bekas punya pangkat/jabatan..!!!!!"
181,2022-08-30 22:17:29+00:00,@papa_loren Cabut UU yg mengatur pensiun anggota MPR/DPR. Tidak bermanfaat sama sekali.
182,2022-08-30 22:12:10+00:00,"Para anggota @DPR_RI pasti protes lah. Mana mau mereka jatahnya disunat.

#KopiSusi"
183,2022-08-30 22:10:55+00:00,"@ernestprakasa Dana pensiun DPR seumur hidup , untuk nutupin malah naikin harga BBM walaupun harga minyak dunia turun"
184,2022-08-30 22:10:21+00:00,@ernestprakasa Masih mau pilih DPR?
185,2022-08-30 22:08:14+00:00,"@Askrlfess harusnya tunjangan DPR yg perlu dihapus, its called beban rakyat"
186,2022-08-30 22:06:28+00:00,@CNNIndonesia Bubarkan DPR
187,2022-08-30 22:06:27+00:00,@Askrlfess dpr noh ilangin
188,2022-08-30 22:06:06+00:00,Twitter ni sprti dpr yg tk mw mndngrkan suara rkyat
189,2022-08-30 22:04:05+00:00,"Pimpinan Komisi III DPR Setuju Putri Candrawathi Tak Ditahan Demi Anak - https://t.co/3izXLSxaup 
Ya karena orang kaya , coba tengok kebelakang berapa sering terjadi seorang ibu yang menyusui langsung ditahan jika menjadi tersangka , dengan alasan bisa menyusui di dalam tahanan"
190,2022-08-30 22:03:17+00:00,"@Mr_Akwan @jokowi @mohmahfudmd @DPR_RI Kembali kepada Hukum Rimba, mana yg kuat itulah pemenangnya."
191,2022-08-30 22:03:08+00:00,Anggota DPR dari Demokrat Lasmi Indaryani Mengaku Rekeningnya Diblokir KPK https://t.co/I8yNAEMQqi
192,2022-08-30 22:03:05+00:00,"Mungkin bung @fadlizon  sebagai anggota fraksi Gerindra di DPR bisa dong menyampaikan hal ini ke Pk. @prabowo , sebagai pembina fraksi anda. Dan kalian kan da msk koalisi pemerintah., Saatnya Gerindra berjuang utk Rakyat bung,...🙏🙏"
193,2022-08-30 21:56:47+00:00,@egisaputra723 @KAI121 ganti dengan kursi DPR misal
194,2022-08-30 21:55:25+00:00,Formappi Pertanyakan 20 Ribu Kalender DPR Rp 955 Juta: Untuk Siapa Saja? https://t.co/PavXDeJFUf
195,2022-08-30 21:54:58+00:00,"@OposisiCerdas Kader PDIP iini tak sanggup menutupi rasa dengki dan kebenciannya pd pak @aniesbaswedan  
Karakter spt ini kok bs jadi ketua DPR ya"
196,2022-08-30 21:54:36+00:00,Dpr live
197,2022-08-30 21:54:28+00:00,@BabehCendol @AnthonyBudiawan Loh...kan sudah dibahas bersama DPR..mau ditanyakan apanya?
198,2022-08-30 21:53:35+00:00,@exolbutXJswifey Boom by dpr ian &amp; dpr live✨
199,2022-08-30 21:49:23+00:00,@Askrlfess Mending DPR aja pensiunannya dihapusin sama tunjangan ga jelasnya.
200,2022-08-30 21:47:08+00:00,Anggota DPR dari Demokrat Lasmi Indaryani Mengaku Rekeningnya Diblokir KPK: Lasmi menyebut dalam rekening itu ada uang tunjangan hasil kerja sebagai anggota DPR. Dia mengaku rekeningnya sudah diblokir lembaga antirasuah hampur satu tahun lamanya. https://t.co/KZVG423nDv
201,2022-08-30 21:41:08+00:00,"Kasian pemerintah. Giliran harus mengurangi subsidi BBM, anggota DPR nya rebutan panggung. Disaat pemerintah babakbelur mencari dana untuk subsidi BBM, anggota DPR nya rame-rame rebutan panggung juga.
Yg lebih bodoh rakyat miskin yg teriak-teriak dijalan karena  harga BBM naik. https://t.co/ypimRANPd8"
202,2022-08-30 21:37:37+00:00,@UmarHasibuan77_ @tvOneNews Ngabalin itu siapa sih? Apakah anggota DPR atau pejabat tinggi bagian apa atau staf kepresidenan bagian mana? Dan rakyat mana yang diwakili oleh  Ngabalin? 🤔
203,2022-08-30 21:37:03+00:00,@susipudjiastuti DPR penyebar hoax
204,2022-08-30 21:36:33+00:00,"@Askrlfess Anda tanpa darah keturunan pak Karno, hanya ibu ibu biasa, yang kapasitasnya mohon maaf (kurang atau bahkan diragukan) sebagai ketua DPR ataupun presiden"
205,2022-08-30 21:34:44+00:00,"@kangwaqfi2 APAKAH GARA2 ULAH SAMBO, POLRI HARUS DIBUBARKAN? APAKAH ADA ANGGOTA DPR YG KORUPSI, DPR HARUS DIBUBARKAN? APAKAH ADA ANGGOTA PARTAI KORUPSI, PARTAINYA HARUS BUBAR? MIKIR !!!!!https://t.co/NOmAubbIEK"
206,2022-08-30 21:31:12+00:00,"@papa_loren RUKUHP  @DPR_RI  mah sergep kl ada yg menguntungkan mrk. Pdhl mrk HANYA  mewakili rakyat ,ntah yg mana, selama 5 th. Knp hrs ada pensiun ?? 
@jokowi
@KemenkeuRI 
@kemenkeu 
TOLAK !!
CABUT UU NO12 TH 2018.
@OmbudsmanRI137 
@OmbudsmanPh"
207,2022-08-30 21:30:48+00:00,@Pejuang01733866 @jokowi @mohmahfudmd @DPR_RI Kembali ke zaman kerajaan
208,2022-08-30 21:27:59+00:00,@JSuryoP1 @Sjaechu @ListyoSigitP @DPR_RI @jokowi Brp org yg bisa dipercaya sebagai Pol?
209,2022-08-30 21:25:36+00:00,@JSuryoP1 @donnypribadi @ListyoSigitP @DPR_RI @jokowi Awalnya dari yg kecil2 dulu lama2 jadi kakap = “polisi gendut”
210,2022-08-30 21:23:10+00:00,Stan DPR IAN periodt.
211,2022-08-30 21:20:25+00:00,@CNNIndonesia Makin ngawur DPR ini
212,2022-08-30 21:14:50+00:00,"@MardaniAliSera Uang pensiun DPR itu dihapuskan saja, karena gaji dan tunjangan sudah besar dan masih juga terima pensiun padahal kerjanya hanya cuap cuap doang........
Mana mahasiswa dukung dong kementrian keuangan menggolkan kebecoran APBN itu...."
213,2022-08-30 21:14:17+00:00,"@DPR_RI @KSPgoid @jokowi
@kemenkeu
Memang mulai kampanye kerja nya banyak berbohong !
Kartu SEMBAKO MURAH !
MOBIL ESEMKA!
TIDAK NGUTANG ! 
EKONOMI MEROKET !
Panjang dah daftar kebohongan nya !
ADA YANG TANYA ; HEBAT NYA DIMANA ?
HEBAT BERBOHONG NYA BRO  😅
https://t.co/XiHv7Nhly5 https://t.co/SsGCrsrqg6"
214,2022-08-30 21:08:42+00:00,@Askrlfess putus yg dpr sih gapapa
215,2022-08-30 21:08:24+00:00,SUNMI! Seori! TAEYEON! Key! Leehi! Bambam! DPR Ian!
216,2022-08-30 21:07:03+00:00,dpr ian E dpr live?* sim             (dabin
217,2022-08-30 21:04:29+00:00,"@DPR_RI @kompolnas_ri @KejaksaanRI @KomisiKejaksaan @DivHumas_Polri @mabespolri_
@ListyoSigitP @jokowi @mohmahfudmd 
SEPERTINYA ADEGAN PELECEHAN TIDAK ADA DIPRAGAKAN di Magelang!
Padahal MOTIF NYA ""PELECEHAN""
Apakah memang ada PELECEHAN?
Halo semua nya !
Masyarakat tambah bingung"
218,2022-08-30 21:03:27+00:00,@CNNIndonesia Bubarin aja dpr
219,2022-08-30 21:02:41+00:00,@RadarKorupsi DPR Unfaedah bgt cm jd rayap doang !! #BubarkanDPR
220,2022-08-30 20:59:40+00:00,"@emerson_yuntho Pak Harto juga dipilih  Rakyat yang diwakili  MPR/DPR, dan tentu  jika anaknya naik mekanismenya sama.."
221,2022-08-30 20:52:20+00:00,@sbyfess Masukno spd motor ke dpr
222,2022-08-30 20:52:14+00:00,@DPR_RI Mengapa DPR RI hingga saat ini tidak memiliki undang undang perlindungan ideologi negara.. agar tidak dikacaukan oleh para petualang politik yg berkedok agama..
223,2022-08-30 20:44:41+00:00,@korantempo Emang DPR kerja?
224,2022-08-30 20:39:27+00:00,@CNNIndonesia Kenapa DPR KOMISI 3 IKUTAN MELAWAK ???? Saya kira sekarang hanya POLRI yang melawak
225,2022-08-30 20:38:45+00:00,D-66 until dpr concert!!
226,2022-08-30 20:38:25+00:00,@korantempo Enak benar nih jadi DPR
227,2022-08-30 20:36:08+00:00,DPR Ian ou DPR Live ? https://t.co/fDqsxfVe1N
228,2022-08-30 20:30:00+00:00,"DPR apresiasi pemerintah turunkan rasio utang ke 37,91 persen di 2022

https://t.co/urVaaJaZBM"
229,2022-08-30 20:26:57+00:00,"@DPR_RI pak Kapolri @ListyoSigitP
Pak @jokowi @mohmahfudmd
@mabespolri_ @kompolnas_ri
https://t.co/AoQpmJNeER"
230,2022-08-30 20:26:27+00:00,"#Jam #ID_Card #SeminarKit #Kaos Buat Momentmu semakin Berkesan
Just Call me at 085725054237 pin BBM 79062369 Himappbuny
https://t.co/08gHooSKVk"
231,2022-08-30 20:26:25+00:00,@Nabil59387805 @ernestprakasa Kek kentut di kasih nyawa loh.. duit segitu di beliin kacang atom kelelep tuh gedung DPR
232,2022-08-30 20:26:15+00:00,"Komisi VII DPR Nilai Pengalihan Subsidi BBM ke Bansos Bisa Jaga Daya Beli

 #Sindonews #BukanBeritaBiasa .https://t.co/nEdyKjvi4A"
233,2022-08-30 20:11:17+00:00,@sQvYgLUNf4m1nor @DPR_RI sepaket
234,2022-08-30 20:05:03+00:00,"@mei_peseek @DPR_RI Ya begitulah adanya.. 
Ini fakta yg tak dapat dibantah.. 
Dari awal kasus ini mmng dah penuh kejanggalan.."
235,2022-08-30 20:03:07+00:00,"DPR Kebut RUU Papua Barat Daya, Target Selesai 6 September https://t.co/EwTwQKQ4fS"
236,2022-08-30 19:59:02+00:00,jasmine - dpr live
237,2022-08-30 19:55:58+00:00,@asumsico apa urgensinya sebuah kalender? serius nanya ini mah 😊 @DPR_RI
238,2022-08-30 19:53:57+00:00,"@sitajir89 @MprAldo @FPKSDPRRI @bangalifptk @DPR_RI Iya, bgm pak @MardaniAliSera . Anda saya pilih utk mewakili kami. Ku DM saja gak pernah balas, sekali sajapun tidak.
Nah bgm implementasi keputusan MA ttg vaksin?"
239,2022-08-30 19:53:42+00:00,"@ernestprakasa Apa iya bang? Apa gw siap2 jual rumah sama tanah buat nyalon dpr nih bang? Soalnya kalo di itung pake payback period 4 tahun 2 bulan modalnya balik sih bang, nah income bersih seumur hidup lagi bang...cuan banyak nih"
240,2022-08-30 19:52:56+00:00,"TOLONG DONG JODOHIN AKU SAMA YU BAROM PLISSSSS TOLONGLAH, KALO ENGGA JODOHIN AMA ROME, KALO ENGGA AMA CHRISTIAN YU, KALO ENGGA NIH YA PILIHAN TERAKHIR DEH AMA DPR IAN AJAAAA. GILA BANGETTTT TOLONGGG"
241,2022-08-30 19:51:42+00:00,"DPR Kebut RUU Papua Barat Daya, Target Selesai 6 September https://t.co/ISG6smOs4a"
242,2022-08-30 19:51:10+00:00,Komisi VII DPR Nilai Pengalihan Subsidi BBM ke Bansos Bisa Jaga Daya Beli https://t.co/Bm1zx0UqjY
243,2022-08-30 19:50:53+00:00,Komisi VII DPR Nilai Pengalihan Subsidi BBM ke Bansos Bisa Jaga Daya Beli https://t.co/LjBU0E27Ny
244,2022-08-30 19:50:31+00:00,"+
Kalian ada yg bisa jelasin maksud lagu DPR yang Jasmine gaa? Ak ga ngerti, tp lagunya enak sih"
245,2022-08-30 19:49:42+00:00,@CNNIndonesia Bubarin ajah nih DPR kerjanya udah melenceng dari sumpahnya
246,2022-08-30 19:48:52+00:00,"DPR Kebut RUU Papua Barat Daya, Target Selesai 6 September https://t.co/Z9d8nRxxNm"
247,2022-08-30 19:48:03+00:00,DPR: Pembentukan Provinsi Papua Barat Daya tingkatkan kesejahteraan https://t.co/QHEskc2z60 https://t.co/9pkmUOhnp6
248,2022-08-30 19:46:54+00:00,"@CNNIndonesia Apa kata gusdur dulu nampak nya menjadi kenyataan, dpr ibarat TAMAN KANAK KANAK"
249,2022-08-30 19:46:43+00:00,"TOLONG DONG JODOHIN AKU SAMA YU BAROM PLISSSSS TOLONGLAH, KALO ENGGA JODOHIN AMA ROME, KALO ENGGA AMA CHRISTIAN YU, KALO ENGGA NIH YA PILIHAN TERAKHIR DEH AMA DPR IAN AJAAAA. GILA BANGETTTT TOLONGGG"
250,2022-08-30 19:45:53+00:00,"@chaererina @DPR_CHRISTYU Kalau nggak main pokemon aja deh, yg game nyamain gambar. 🥲"
251,2022-08-30 19:45:22+00:00,"@CNNIndonesia DPR yang terhormat,hukum itu berlaku buat semua atau cuma buat orang kecil,banyak kok ibu ibu yang dihukum padahal bila demi anaknya kebanyakan si ibu dipenjara karena desakan ekonomi buat kasih makan anaknya,mereka nekad mencuri"
252,2022-08-30 19:38:11+00:00,@Miduk17 @baiqdende @DPR_RI @DivHumas_Polri Kmu sangat pantas di doakan jelek.
253,2022-08-30 19:37:49+00:00,@CNNIndonesia Sy gk percaya dpr knp ya?
254,2022-08-30 19:37:29+00:00,@detikcom Rutuhin aja Gedung DPR gak guna juga
255,2022-08-30 19:35:25+00:00,@_KangAen @jokowi @DPR_RI @ListyoSigitP @mohmahfudmd @DivHumas_Polri .. ayo pak selidiki kasus making love ibu PC dan Art nya Kuwat..
256,2022-08-30 19:33:13+00:00,Pimpinan Komisi III DPR Setuju Putri Candrawathi Tak Ditahan Demi Anak https://t.co/sNmlXURRML
257,2022-08-30 19:32:10+00:00,Teruntuk DPR Ian km gamau bacain thirst tweet Buzzfeed juga kah
258,2022-08-30 19:32:08+00:00,"@mei_peseek @M45Broo_ @DPR_RI Kl melarikan dri trs gmn, sapa yg tanggung jwb"
259,2022-08-30 19:30:58+00:00,@democrazymedia @jokowi @DPR_RI @mohmahfudmd @ListyoSigitP  @DivHumas_Polri .. ayo usut tuntas kebenaran making love mereka pak..
260,2022-08-30 19:28:53+00:00,@detikcom @DPR_RI @jokowi @mohmahfudmd @ListyoSigitP @humas .. ayo pak selidiki kasus making love haram mereka yang membuat Alm Yosua jadi korban fitnah keji mereka.. ayo pak selidiki kebenaran nya
261,2022-08-30 19:26:22+00:00,@rosebewry walaaah
262,2022-08-30 19:26:07+00:00,@DemonstranTL @mdfzeh Uki vs dpr
263,2022-08-30 19:25:28+00:00,@rosebewry sorry lu siapa gua lupa
264,2022-08-30 19:21:40+00:00,"@geloraco @ListyoSigitP @DivHumas_Polri @jokowi @mohmahfudmd @DPR_RI .. ayo pak selidiki kasus making love mereka,, kasihan Alm Yosua jadi korban fitnah dan gelap mata Sambo.."
265,2022-08-30 19:17:56+00:00,@FerdinandHutah4 itu peraturan disiplin dari dini jgn kek anggota DPR
266,2022-08-30 19:16:15+00:00,"Pen ketemu dpr ian:"""
267,2022-08-30 19:13:41+00:00,Pimpinan Komisi III DPR Setuju Putri Candrawathi Tak Ditahan Demi Anak https://t.co/2BRDWkZ4PA
268,2022-08-30 19:11:29+00:00,@CNNIndonesia Udah gila! Dulu ada ibu-ibu ditahan malah sekalian anaknya yang masih balita. Bajingan memang anggota DPR.
269,2022-08-30 19:10:12+00:00,@yeonktts Dpr Ian y artic monkeys xfa 😭
270,2022-08-30 19:08:40+00:00,Pimpinan Komisi III DPR Setuju Putri Candrawathi Tak Ditahan Demi Anak https://t.co/H49n4DSvVJ
271,2022-08-30 19:07:30+00:00,"@jokowi Ketidakpercayaan masyarakat dgn polri, dpr tinggi terkait kasus brigadir J, Sy speechless melihat kondisi hukum n keadilan indonesia yg bobrok. Jika hukum manusia tdk berhasil, sbg negara mayoritas islam knp tdk pakai kompilasi hukum islam. Kecewa kami pak..."
272,2022-08-30 19:05:27+00:00,"BBM naik sama dengan rakyatnya jadi pada miskin, kita disuruh ngirit2 DPR minta naik gaji"
273,2022-08-30 19:03:32+00:00,"MKD resmi menyetop aduan terhadap anggota Komisi III DPR RI Aboe Bakar Alhabsyi terkait suara 'Sayang' saat rapat dengan Kapolri belum lama ini.

https://t.co/USjhLGucPc"
274,2022-08-30 19:02:29+00:00,@haechanduit Nonton dream aja kak nanti dpr kasih ke aku 😭🙏🏻
275,2022-08-30 18:57:37+00:00,"Koran Online: Pensiunan PNS Jadi Beban Negara, Bagaimana dengan Pensiunan DPR? https://t.co/jHW0cyoMJx"
276,2022-08-30 18:55:19+00:00,@mas_javelin2001 @rotikan_a Sudah tau hal gini pekara oligarki dan DPR nya. Yang jadi korban ginian adalah Jokowi sih. Dan saya yakin Masyarakat selalu salahkan pak Jokowi.
277,2022-08-30 18:51:24+00:00,Wtb tiket dpr regime tour in jakarta section blue #dprregimetourinjakarta #DPRRegimeTour
278,2022-08-30 18:48:34+00:00,Semakin yakin untuk bercita-cita menjadi anggota DPR.
279,2022-08-30 18:46:31+00:00,"@ernestprakasa Padahal mereka bukan pekerja (tetap), tapi kontrak 5 tahunan alias PKWT
Emang ada pegawai kontrak dapat pensiun?
Cuma anggota DPR yg mulia yg dapat, pengecualian yg tidak adil"
280,2022-08-30 18:46:06+00:00,@nagabonar7145 @jokowi @mohmahfudmd @setkabgoid @KemensetnegRI @DPR_RI 😁😁 sehat selalu
281,2022-08-30 18:45:45+00:00,Anggota DPR Menyetujui Naturalisasi Jordy Amat dan Sandy Walsh Sesuai Am... https://t.co/tHW4um8F7V lewat @YouTube
282,2022-08-30 18:44:55+00:00,@Megatop99 @jokowi @mohmahfudmd @setkabgoid @KemensetnegRI @DPR_RI Makasih senior 🙏🏻🙏🏻
283,2022-08-30 18:44:46+00:00,"@mahpeyker27 @ahmadsahroni88 apa yg kau harap dari DPR,DPR itu lembaga paling korup nomer satu di indo,POLRI nomer dua,jadi DPR itu lbh buruk dari POLRI,kau lihat saja gayanya para anggota dpr,gaya hidup mereka mewah,padahal mereka itu pelayan rakyat,alias babu,tapi sering ngelunjak pada majikan,pada rakyat"
284,2022-08-30 18:39:22+00:00,"Uang cucuran masyarakat jatuhnya
ke DPR juga"
285,2022-08-30 18:39:14+00:00,"JAKARTA,
https://t.co/aVQbN7pPmR - Wakil Ketua Komisi III DPR
RI Desmond J. Mahesa meminta Tim Advokat Penegak Hukum Dan Keadilan ( https://t.co/T1jpDuW9WQ https://t.co/4vnm2W1Xmw"
286,2022-08-30 18:38:27+00:00,"@Askrlfess Pensiunan itu potongan dari gaji, putus yg bagian dpr aja"
287,2022-08-30 18:38:10+00:00,"halah kontol...,lembaga kalian,DPR tetap tetap lembaga paling korup di indonesia,lebih buruk dari polri"
288,2022-08-30 18:37:59+00:00,"JAKARTA,
https://t.co/aVQbN7pPmR - Wakil Ketua Komisi III DPR
Desmond J. Mahesa menyatakan saat ini Komisi III DPR RI fokus melakukan
reformasi di tubuh Kepolisian N https://t.co/JbejcKddBF https://t.co/HwJpf6Euou"
289,2022-08-30 18:37:27+00:00,"JAKARTA,
https://t.co/aVQbN7pPmR - Anggota Komisi III DPR RI
Sari Yuliati secara tegas menyetujui naturalisasi Jordy Amat Maas dan Sandy
Harry Walsh pe https://t.co/LrGqRpAmyQ https://t.co/v1rxofbThz"
290,2022-08-30 18:36:10+00:00,"@KemensetnegRI ingetin dong pak @jokowi dg ucapanx...😁😁
klo @DPR_RI Unfaedah mah sdh pst gk berani ngingetin...

#Ambyar"
291,2022-08-30 18:32:58+00:00,"@ian__dpr Aku kayanya vibesnya kurang cocok, agaknya lebih cocok kamu gak sih? :p"
292,2022-08-30 18:32:36+00:00,dpr concert in boston next month 😔
293,2022-08-30 18:28:15+00:00,@papa_loren Aku mikir deh buat milih caleg dpr ke depan ya meding kosong saja di bagian itu
294,2022-08-30 18:27:13+00:00,@cerrxi semut semut meraah
295,2022-08-30 18:26:48+00:00,@ian__dpr Semut
296,2022-08-30 18:25:00+00:00,@ian__dpr Iya berat kaya cintamu padanya
297,2022-08-30 18:24:20+00:00,@PonAzira @samurai_tenro @AnthonyBudiawan Apa hubunganya dgn DPR pak tua? Apa DPR ikut menyetujui harga pertamax yg katanya disubsidi dan dinikmati orang kaya? Itu yg lg dibahas pak tua yg lahir 68
298,2022-08-30 18:24:10+00:00,"Perbandingan dua wacana?
🤔🤔🤔

Ojo dibanding-bandingke.
🤭🤭🤭

Itu urusannya DPR/MPR.
Mau 3 atau 10 periode, atau mau diganti tiap bulan boleh-boleh saja wong ya sebatas wacana.
😷😷😷"
299,2022-08-30 18:23:44+00:00,@syaotingg lirik adek
300,2022-08-30 18:23:35+00:00,@jooyish waduh berat
301,2022-08-30 18:21:46+00:00,@aulianzl_ @Askrlfess kak jiil mending jd dpr aja biar gorden mahal disana bisa 10 gelombang kanan 10 gelombang kiri
302,2022-08-30 18:18:02+00:00,DPR Setujui Keanggotaan Indonesia di Kemitraan Ekonomi yang Didukung China https://t.co/3RKlsvLTah
303,2022-08-30 18:17:31+00:00,"@ian__dpr Selamat, kamu masuk tv (ss)!"
304,2022-08-30 18:17:15+00:00,"@duanieIIe jangan dong, kasian masa depan saya"
305,2022-08-30 18:15:44+00:00,"@ian__dpr Seringg, aku sering bermain sama murid murid bigel 😭🫶"
306,2022-08-30 18:14:26+00:00,@jooyish mata bangsawan itu
307,2022-08-30 18:14:15+00:00,@gantariabi banyak banyak main di luar internet
308,2022-08-30 18:13:49+00:00,@ian__dpr Wkwkwkkw mohon maaf itu mata ada adsnya kah?
309,2022-08-30 18:13:06+00:00,@ian__dpr Apa aku abg labil aja kak? Soalnya aku sedihnya gara gara baca au 😭🥲
310,2022-08-30 18:11:54+00:00,"@gantariabi waduh, bisa konsul ke yang expert sepertinya"
311,2022-08-30 18:11:38+00:00,@ian__dpr kan jadi ga curiga orang orang
312,2022-08-30 18:10:59+00:00,"@aherrys @september__2609 @ChusnulCh__ Orang golkar, mantan ketua DPR, begitu bukti kuat, ngandang tuh https://t.co/5XsLPu1QJo"
313,2022-08-30 18:10:45+00:00,@ian__dpr Kalo mata najwa kelilipan pake insto atau rotho kak?
314,2022-08-30 18:10:44+00:00,"@ian__dpr Bukan kak.. jadi pas ketawa trs tiba tiba inget sesuatu yg bikin sedih, terus ketawanya berenti malah jadi sedih ovt gitu kak :("
315,2022-08-30 18:10:05+00:00,@gantariabi ketawa sampi nangis maksudnya?
316,2022-08-30 18:09:53+00:00,@Dr_RubabaBuledi @SenatorMumtaz @AQuddusBizenjo @PDMABalochistan @OfficialDGISPR @PakistanFauj @dpr_gob Ap b tho Sectry oh na Brae mehrbani har Distt ma medical camp lgay  Aaj ka jild ki bemariya Baot pail raha hai barish seelab k bad
317,2022-08-30 18:09:50+00:00,@ian__dpr kucing kan lebih umum atau tikus 😶
318,2022-08-30 18:09:04+00:00,"@ian__dpr Yahh, padahal itu kaya..seru tapi sedih tapi aneh loh kak"
319,2022-08-30 18:08:43+00:00,netizen jangan gampang betul lah dibohongin internet
320,2022-08-30 18:08:24+00:00,ada saran hewan lain?
321,2022-08-30 18:07:37+00:00,DPR Ian - Deredam Deredam
322,2022-08-30 18:07:28+00:00,mata najwa yang bisa
323,2022-08-30 18:04:04+00:00,"@AnthonyBudiawan Yg disampaikan sllu harga keekonomian, brpa Harga Pokok Produksinya sprtinya blm pernah dipublish. Knpa di negara tetangga kita BBM dg RON yg lbh tinggi bisa dijual dg harga yg lbh murah, apa  @DPR_RI  tak tertarik utk menelisiknya?
https://t.co/NVqYnu9UVF"
324,2022-08-30 18:02:53+00:00,@ian__dpr wkw deepnya kelewatan bang
325,2022-08-30 18:02:26+00:00,@ian__dpr ohh eluu sendernyaa
326,2022-08-30 18:01:50+00:00,@dstlsr dpr ian ena 👍🏻👍🏻👍🏻
327,2022-08-30 18:00:01+00:00,"DPR menyetujui RUU yang memperkokoh keanggotaan Indonesia dalam Kemitraan Ekonomi Komprehensif Regional (RCEP) yang didukung China, dan menjadikannya negara Asia Tenggara terbaru yang bergabung dengan blok perdagangan terbesar di dunia.

https://t.co/QFG8NhPMnU"
328,2022-08-30 17:59:30+00:00,"@oohnayy yaallah samaa😭 tp gue mertahanin dpr, dan nunggu smtown world tour😭"
329,2022-08-30 17:57:00+00:00,my baby jaehyun with dpr ian😭
330,2022-08-30 17:55:05+00:00,"@Askrlfess daripada pns jujur w lebih setuju pensiunan dpr sih yg ditiadakan......soalnya anggota dpr kan rata2 waktu kerja 5-10 thn tp kok kek enak bgt abis masa jabatan selesai dpt uang pensiun seumur idup, sdngkan pns tu rata2 kerja lebih dari 10 thn jd gue pikir ya deserve sib mrk dpt"
331,2022-08-30 17:52:16+00:00,"@Askrlfess ngga sih klo pns mengabdi bisa beruluh2 tahun

kayanyaa pensiunan DPR sih lebih tepatnya diapuskan
menjabat 5 tahun
dengan fasilitas dan anggaran yg terlalu dimanja itu terlalu berlebihan untuk dapetin pensiunan seumur hidup 🤣🤦"
332,2022-08-30 17:50:41+00:00,@haechyn ampun tuhan
333,2022-08-30 17:49:31+00:00,"@Askrlfess Masyarakat yg mengabdi jadi ""beban"", giliran DPR yg tidur di ruangan &amp; kursi mewah malah gajinya selangit. Ikut dipotong dong, masa rakyat terus yang ngalah 🙄"
334,2022-08-30 17:48:08+00:00,@ian__dpr ntar nangis di ketek u bang 😔
335,2022-08-30 17:47:30+00:00,@msaid_didu Walaupun nyata tapi Kalian semua para cerdik pandai tidak berani melawan secara konstitusional ...baik lewat dpr maupun mpr
336,2022-08-30 17:46:27+00:00,"Anggota DPR RI dari Dapil Pulau Lombok Tersebut sebelum memulai laporannya, mengajak seluruh hadirin mengirim doa untuk almarhum Taufik Kiemas, ayahanda Puan Maharani, yang bagi kader PDIP adalah Bapak Empat Pilar Kebangsaan Indonesia. pm2024"
337,2022-08-30 17:45:15+00:00,"Surat Teruntuk bapak Jokowi, Boleh kah pak DPR Di Bubarkan untuk sementara Lalu pemilihan DPRD/DPR-RI tahun 2024 dilaksanakan pemilihan tetapi anggota dewan yang sebelumnya tidak boleh ikut mencalonkan atau Perpes di terapkan ""Apa bila seorang pejabat melakukan penggelapan https://t.co/Qrlkq2EMxP"
338,2022-08-30 17:43:38+00:00,@svetlansie mudah bener masalah hidupnya asli
339,2022-08-30 17:42:40+00:00,@ian__dpr bangg wkwkwkwk
340,2022-08-30 17:41:22+00:00,permasalahan hidup lu yang macam gini bikin gua iri dah
341,2022-08-30 17:40:45+00:00,@henderyoe mana belum nangis orangnya
342,2022-08-30 17:39:16+00:00,"Ade udh nonton Hanbin kmrn. 
Kmrn gak dapet tiket DPR, 
bisa jadi opsi tapi kenapa november 😭. 
Atau mari bersabar sampai chanyol keluar saja 😓"
343,2022-08-30 17:38:42+00:00,Komisi V DPR Aceh Gelar RDPU Terkait Raqan Perubahan Qanun Kesehatan https://t.co/XdTnHUODlQ
344,2022-08-30 17:38:38+00:00,Buat bayar anggota dpr bang
345,2022-08-30 17:38:30+00:00,"Anggota DPR RI dari Dapil Pulau Lombok Tersebut sebelum memulai laporannya, mengajak seluruh hadirin mengirim doa untuk almarhum Taufik Kiemas, ayahanda Puan Maharani, yang bagi kader PDIP adalah Bapak Empat Pilar Kebangsaan Indonesia. pm2024"
346,2022-08-30 17:38:26+00:00,"@8_cOFFe_8 @jokowi @KemenkeuRI @DPR_RI @mprgoid DPR, MPR kerja nya cuma tidur https://t.co/0rmknemuGi"
347,2022-08-30 17:38:21+00:00,"@Askrlfess Tunjangan DPR gede, kalau udah gk menjabat lagi dapat pensiunan padahal kerja cuma 5 tahun. Ini sebenarnya yang bikin beban"
348,2022-08-30 17:37:28+00:00,"Ramai DPR Tolak Kenaikan BBM, Ini Tanggapan Sri Mulyani! https://t.co/7LCmAF7aVJ"
349,2022-08-30 17:36:32+00:00,@Tan_Mar3M Dpr lihat https://t.co/ab0tDZ4lwB
350,2022-08-30 17:34:12+00:00,Lasmi Indaryani Tolak Bersaksi untuk Ayahnya Hingga Protes Rekening Gaji DPR Diblokir KPK https://t.co/HwrhSuWQXk
351,2022-08-30 17:33:56+00:00,"@MardaniAliSera @smindrawatii , Mau tanya Bu Sri, logis apa tidak kalau mantan anggota DPR yg kerja kontrak lima tahunan tapi dapat pensiun seumur hidup?"
352,2022-08-30 17:33:06+00:00,@henderyoe @LUNERP marahin bang
353,2022-08-30 17:32:36+00:00,"Gmn pak @jokowi @KemenkeuRI @DPR_RI @mprgoid 
Hrusnya tdk mengusik uang pensiun PNS,TNI,POLRI yg masa kerjanya juga lama.

Harusnya uang pensiun Lembaga negara dihapus dgn di ganti pesangon,krn masa kerja juga relatif singkat

Berani?? https://t.co/87539hh0uh"
354,2022-08-30 17:31:35+00:00,"DPR SAMPAH 

SAMBO SAMPAH

PDIP SAMPAH"
355,2022-08-30 17:30:37+00:00,"@CttnDmkrs Medianya lebih tolol lagi, kalau tidak bisa menghentikan suara gonggongan, minimal sediakan tombol untuk matikan volume mic, kalau nggak ngerti caranya tanya sama Ketua DPR..!!"
356,2022-08-30 17:30:33+00:00,"BBM naik DPR stuju?https://t.co/GaItzFISeq
KAMI RAKYAT JUGA SETUJU KOK PAK TUNJANGAN PENSIUN ANGGOTA DPR DI BERIKAN BAHKAN SEUMUR HIDUP...BAPAK ATUR SAJA YA PAK...y sudah lah...mumpet ndase."
357,2022-08-30 17:29:25+00:00,"DPR KONTOL
SAMBO KONTOL
PDIP KONTOL"
358,2022-08-30 17:27:56+00:00,@ian__dpr Mau heran tp gua juga begini
359,2022-08-30 17:26:28+00:00,"#Jam #ID_Card #SeminarKit #Kaos Buat Momentmu semakin Berkesan
Just Call me at 085725054237 pin BBM 79062369 TDAKampus_jogja
https://t.co/08gHooSKVk"
360,2022-08-30 17:25:32+00:00,@vkoouk dpr ian
361,2022-08-30 17:22:29+00:00,hidup gua ini sepertinya gak begadang gak hidup
362,2022-08-30 17:21:54+00:00,@sharonmyooi ceritanya gak muat kalau kamu ikutan
363,2022-08-30 17:21:19+00:00,@xescoxee siapa tuh?
364,2022-08-30 17:21:17+00:00,@ian__dpr Kok dipangku? Jadi beneran kaya di angkot. :')
365,2022-08-30 17:21:10+00:00,@cerrxi terciduk
366,2022-08-30 17:18:48+00:00,"@SaveSangihe @bersihkan_indo @AlfredPontolon2 @Greenpeace @ecosocrights @jatamnas @AksiKamisan @JATAMupdates @FPKSDPRRI pak kasih perhatian dong ke kasus ini

@DPR_RI"
367,2022-08-30 17:17:36+00:00,@ian__dpr Mahalininya disini nih
368,2022-08-30 17:17:07+00:00,@tijabar @4nd103125330 Setelah ke dpr urusan semuanya sdh di anggap beress...yg lain2 dianggap anjing menggonggong kafilah berlalu. Kalau rakyat marah mau protes kemana juga sebab semua mereka sama hanya beda wajah saja.
369,2022-08-30 17:16:45+00:00,@KITTY1NAE DPR Live https://t.co/9JBjirMYq9
370,2022-08-30 17:15:57+00:00,@ernestprakasa Wajar dong DPR kan kerjanya cape walaupun cuma bobo
371,2022-08-30 17:15:44+00:00,@TAERIYAKll greeting dulu dek
372,2022-08-30 17:15:34+00:00,@xescoxee rizky febrian itu
373,2022-08-30 17:15:17+00:00,@sharonmyooi dipangku?
374,2022-08-30 17:14:59+00:00,"heran banget nengok kating, rapat sana sini kalah anggota dpr"
375,2022-08-30 17:14:27+00:00,"Rencana Kenaikan Harga BBM Terus Mencuat, Cek dari Zaman Soeharto hingga @jokowi

""Pak BJ Habibie Terbaik,
Semoga almarhum Husnul khatimah amin 🤲🙏"".

@DPR_RI @KemenkeuRI

👇
https://t.co/8AtRfDH9fO https://t.co/zxl1V2WzKQ"
376,2022-08-30 17:14:00+00:00,"DPR, MPR kita mah minim apresiasi atas kreatifitas rakyatnya, karena mereka lebih sibuk mengapresiasi diri sendiri 😁"
377,2022-08-30 17:13:56+00:00,"@Syarman59 @DPR_RI Ajudan .....!. Siap jendral.
Amplop hibah ntk anggota DPR sdh diterima ??
Siap jendral
S u D a H
Wkwkwkwkw
Pantes lemah gemulai"
378,2022-08-30 17:12:59+00:00,@ian__dpr Jisamsu
379,2022-08-30 17:12:18+00:00,tebak rokok https://t.co/uqFd8qd3GT
380,2022-08-30 17:10:28+00:00,@CNNIndonesia DPR kok tidak mencerminkan aspirasi rakyat yg diwakili sih
381,2022-08-30 17:10:03+00:00,@CNNIndonesia @DPR_RI emang kalian hadir disitu??? 💩💩💩
382,2022-08-30 17:08:18+00:00,"@CNNIndonesia @BangKarto86 Eh ada dpr ikut?
Pengacara aja gak dapat masuk!?"
383,2022-08-30 17:08:06+00:00,"@Tan_Mar3M Perasaan banyak deh kasus2 sebelmnya yg punya anak balita tp ibunya tetap dibui, gak ada penangguhan malah, tp gak pernah DPR belain, atau sy yg kelewat baca britanya ya..."
384,2022-08-30 17:07:31+00:00,"Uang pensiun DPR itu lebih ke penghinaan dari negara daripada penghargaan sih.

Dari THP 70an jt, jadi pensiun 3.5jt.

Dihapus gak dihapus, gadak bedanya bagi mereka.

Kecuali, yang benar2 bersih ya. Bagi mereka, kadang itu persoalan hidup mati."
385,2022-08-30 17:07:31+00:00,"@ian__dpr Eh, boleh? Aku mau nyempil di tengah-tengah deh hoho."
386,2022-08-30 17:07:16+00:00,Kamu anggota DPR ya? kalo jadi anggota keluarga papaku mau?
387,2022-08-30 17:06:07+00:00,@toftawan Ordal bs gak? Bapakku dpr.
388,2022-08-30 17:06:03+00:00,@sharonmyooi eits bilang aja mau ikutan
389,2022-08-30 17:04:07+00:00,"@prastow Gak ada gunanya ngopi2 mas. Cuma nimbulkan curiga aja di persepsi orang lain. 

Pembuat kebijakan publik harus bisa menjelaskan dengan common sense kebijakan yang sudah diambil. 

Apalagi tanpa bahas dengan dpr, dan subsidi yang salah sasaran."
390,2022-08-30 17:03:25+00:00,Anggota DPR mendapat uang pensiun seumur hidup meski hanya menjabat lima tahun atau satu periode. | #UangPensiun #DPRRI #JernihkanHarapan #DPR https://t.co/AShsgbXUvA
391,2022-08-30 17:02:47+00:00,@tempodotco Sekelas dirjen kok ya tolol sihh.. beraninya cuma ngerecoki pns daerah yg jelata ini.. coba itu komentari dana pensiun DPR yg masa kerjanya cuma 5tahun tapi dapat pensiun jg seumur hidup
392,2022-08-30 17:00:26+00:00,Emang DPR satu ini ngajak serumah yaa
393,2022-08-30 16:56:28+00:00,"@alextham878 Tadi nonton di podcasnya Dedy yang sama anggota DPR katanya Sambo yang nembak duluan sampai mati, baru buat memastikan kalau benar benar mati dia nyuruh barada R buat nembak lagi cuma ditolak terus akhirnya barada E yang disuruh nembak. Yang bener mana woyy"
394,2022-08-30 16:55:25+00:00,Setuju banget sih. Emang beban negara anjir DPR ini.
395,2022-08-30 16:55:08+00:00,"@Syarman59 @DPR_RI Kalau ngoceh sok galak, ini khan yg ungkit KM50...nyawa wooiii..."
396,2022-08-30 16:54:48+00:00,"Kenapa diusir para pengacara ???...
Cacat hukum dong rekontruksi itu,pasti menambah lg asumsi negatif atas polri,ini gimana @kompolnas_ri @mohmahfudmd @DivHumas_Polri @ListyoSigitP @DPR_RI @DPDRI @jokowi ,serius ngak polri mengungakap fakta kasus ini ?..."
397,2022-08-30 16:54:31+00:00,"Ikut memeriahkan gelaran seni yang diselenggarakan dalam rangka tahun baru Islam dan HUT ke 77 Kemerdekaan RI, Gubernur Rohidin bersama anggota DPR RI M. Saleh, Bupati Rejang Lebong, Wakil Bupati RL, Ketua DPRD Rejang Lebong dan tamu undangan lainnya ikut bermain Kuda Kepang."
398,2022-08-30 16:52:14+00:00,"Sosialisasi Bersama @KemenkopUKM: Konsultasi Bisnis Bagi Wirausaha di Solo

Sebagai Wakil Ketua Komisi VI @DPR_RI, menyampaikan pentingnya pendampingan UMKM dalam menjalankan kegiatan bisnis, terutama terkait strategi pemasaran, penjualan, analisis pasar.

#PDIPerjuangan https://t.co/XN3qQXee3H"
399,2022-08-30 16:52:12+00:00,"@sutanmangara RDP @riekediahp 

Dulu paling Garang di DPR saat RDP 

WalkOut bersama Ibu Mega dn @puanmaharani_ri menolak kenaikan BBM 

Sekarang kemanakah suaramu ONENG ? Are they pay ? How do I have a room"
400,2022-08-30 16:52:10+00:00,@awemany Ayat pemberian pensiun bagi anggota DPR yg gak berguna sama sekali buat rakyat aja yg dihapus. Jadi anggota DPR juga pengin ngeruk duit negara dan terima sogokan.
401,2022-08-30 16:50:21+00:00,"this thread semacem “lagi free, gak? maen yok.” terus berangkat aja gitu, foto2 seru banyak bgt. mau jalaaaaaan sama mas nattaaaaaa. ayo kita muter2 kavling dpr dari ujung sampek ujung."
402,2022-08-30 16:49:29+00:00,"ceritanya dante baru masuk sma # mantap. terus ospek lah bliau. nah pas ospek gak dapet temen soalnya dia nyeremin udahan ambis + tinggi + gede + bapaknya dpr [DIKEROYOK] mksudnya bapak die pejabat, jadilah pada takut mau nemenin"
403,2022-08-30 16:49:02+00:00,"VIDEO 6 September, Said Iqbal: Partai Buruh dan KSPI Akan Gelar Aksi Tolak Kenaikan Harga BBM di DPR
 
https://t.co/t0nkNPBUCq via @tribunnews"
404,2022-08-30 16:47:53+00:00,Pake omong dapen pns beban negara sih.. jadi diblejeti kan ternyata anggota dpr 5 thn menjabat malah dpt pensiun turah2. Lebih beban negara drpd pi en ais 🤣
405,2022-08-30 16:47:03+00:00,@MeisonPardede @Tony_Harto @aleaonkai110 @tvOneNews @mohmahfudmd @ListyoSigitP @KOMPOLNAS @infoLPSK @KomnasHAM DPR nya butuh pundi pundi dari sana 😅. Pemerintah saja gak berani sama sono.
406,2022-08-30 16:46:29+00:00,mahal ko na din dpr
407,2022-08-30 16:45:42+00:00,"@joon_eun @KhhFess Pliss gak kuat dompet guaa, baru aja keluar buat DPR WE GANG GANG"
408,2022-08-30 16:45:21+00:00,@jaksapedia @DPR_RI @ST_Burhanuddin @KejaksaanRI Beuuhhh udah ada dua tersangka lagi nih. Emang gercep banget kerja nya @KejaksaanRI . Jangan kasih kendor Pak @ST_Burhanuddin ✊✊
409,2022-08-30 16:45:07+00:00,@CNNIndonesia kompak ya mulai dari DPR sampai Wakil Presid*n bilangnya transparan 🤭🤭🤝…tinggal nunggu negara2 G2* bikin statement transparan juga biar kloppp 🤣🤣
410,2022-08-30 16:43:16+00:00,@jaksapedia @DPR_RI @ST_Burhanuddin @KejaksaanRI D Indonesia ini apa yg gk d korupsi. Untung ada @KejaksaanRI @ST_Burhanuddin yg siap memberantas semua kasus korupsi d Indonesia. Kerja bagus @KejaksaanRI
411,2022-08-30 16:43:12+00:00,"@tvOneNews Struktur nya harus dirubah, POLISI HARUS DI BAWAH NYA TNI @DPR_RI  Kerja pakk mosok cuan terus 😅."
412,2022-08-30 16:40:24+00:00,siapapun bagi au dpr ian dong
413,2022-08-30 16:37:56+00:00,mak gamau anime tapi boleh punya suami kaya dpr ian aja yaa
414,2022-08-30 16:37:34+00:00,@jaksapedia @DPR_RI @ST_Burhanuddin @KejaksaanRI Ayo min @KejaksaanRI percepat penyidikan. Jangan sampai pelaku lolos atau menghilangkan barang bukti. Ngawur ini orang emang. Indonesia negara penghasil garam kok ya tega impor garam.
415,2022-08-30 16:35:24+00:00,@Abysmal_Knights @catchmeupid Bisa tunjukkan siapa yg bilang pensiunam beban negara? Sy pegang rekaman di DPR dan tak ada satu pun pernyataan seperti itu.
416,2022-08-30 16:35:22+00:00,@jaksapedia @KejaksaanRI @DPR_RI Benar ini kata Bang @arteriadahlan pujian harus dipertanggungjawabkan dengan  terukur dan berdasar. Percepat  penyidikan jangan sampai molor.
417,2022-08-30 16:35:00+00:00,"@knpiharis Seperti apa yg sy duga.. semenjak awal carut marut kasus brigadir J...😁
Pasti ada SESORG YG BESAR dibelakang FS.. krn sangat tdk mungkin seorg yg HANYA jenderal 2* mampu mengkadali bnyk instansi.. mulai dr Polri, Kompolnas, HAM, Komisi Perempuan bahkan sampe ke DPR..."
418,2022-08-30 16:34:20+00:00,@zehrijournalist @AQuddusBizenjo @PDMABalochistan @OfficialDGISPR @PakistanFauj @dpr_gob InshAllah
419,2022-08-30 16:34:10+00:00,"Driver ojek online (ojol) melakukan demo besar-besaran di DPR, Senin (29/8/2022). https://t.co/DI0bIRcc4b"
420,2022-08-30 16:33:19+00:00,@jaksapedia @KejaksaanRI @DPR_RI Nah kan emang kinerjanya udh gk d ragukan lgi @KejaksaanRI ini. Karena emang kinerjanya akhir2 ini bagus banget. Semoga stabil dan jangan smpek anjlok kinerjanya
421,2022-08-30 16:32:37+00:00,"WTB DPR REGIME JAKARTA 
SECTION BLUE / VIP RED 
  1 TIX ONLY

Boleh dm harganya ya 🥹🫶"
422,2022-08-30 16:32:20+00:00,@Abahpurwa1 @RamliRizal Se7 kembalikan polri ke marwahnya &amp; Bubarkan DPR!!!
423,2022-08-30 16:32:17+00:00,"@jaksapedia @DPR_RI @ST_Burhanuddin @KejaksaanRI Tidak akan lolos jika sudah berhadapan dengan @KejaksaanRI. Terus selidiki, pak @ST_Burhanuddin dalam menuntaskan korupsi di negara ini. Semua percaya bahwa kinerja @KejaksaanRI sangat memuaskan."
424,2022-08-30 16:31:40+00:00,"@korantempo Please,viralin terus tentang ini guys.sampai jadi,mumpung bu sri bahas2 beban apbn. Kasih serangan balik guys, gencar kan narasi hapuskan pesiunan anggota dpr mentri2"
425,2022-08-30 16:31:29+00:00,@halogudbye @FOODFESS2 Rawon semanggi.. habisnya jembatan semanggi sebelah masjid kalo dri arah DPR
426,2022-08-30 16:30:41+00:00,"@Syarman59 @DPR_RI Oh jadi  begto, ini bukn nya yg kmren suaranya keras itu"
427,2022-08-30 16:29:34+00:00,@jaksapedia @KejaksaanRI @DPR_RI Patut diacungi jempol memang dalam kinerja @KejaksaanRI. Seluruh apresiasi dan penghargaan sudah diberikan kepada @KejaksaanRI. Kinerja yang tidak diragukan lagi.
428,2022-08-30 16:29:15+00:00,@CNNIndonesia DPR mewakili siapa ?
429,2022-08-30 16:29:13+00:00,Ketua Komisi II DPR RI Menyelesaikan 154 DIM RUU Provinsi Papua Barat Daya https://t.co/hYpN4ttVWz
430,2022-08-30 16:28:52+00:00,Nonton bokep dibayar pensiun seumur hidup...tidur dibayar seumur hidup... DPR harga mati !!!
431,2022-08-30 16:28:43+00:00,"Wakil Ketua Komisi XI DPR RI, Fathan Subchi, mengingatkan tentang dilema global baik tentang krisis energi, pangan, dan bahan bakar, harus diantisipasi dengan baik. Fathan mewanti, kebijakan anggaran subsidi harus didudukan secara adil.  

https://t.co/JcECJdRGUY"
432,2022-08-30 16:28:25+00:00,"@prastow @catchmeupid maksudnya itu koruptor juga termasuk beban negara, kali aja mau bikin thread list beban negara selain pensiunan pns 😊. Kemarin ada thread pensiunan dpr saya mention juga bapak, apa bukan beban kalo pensiunan dpr kali y"
433,2022-08-30 16:28:17+00:00,@jaksapedia @KejaksaanRI @DPR_RI Keren sih emng apalagi poin 2&amp;3 ini menjadi catatan sejarah krna berani membuat trobosan baru dan kasus kasus kakap dibrantas semua sampai tuntas!!! @KejaksaanRI dn pimpinan @ST_Burhanuddin lanjutkan berjalanan masih panjang 🙌 semangat juga semoga selalu membara🔥🔥
434,2022-08-30 16:28:16+00:00,@jaksapedia @KejaksaanRI @DPR_RI Apresiasi ini sudah sepantasnya di dapatkan oleh @KejaksaanRI di karena kan kinerja nya yang produktif dalam menangani kasus2 yang ada di negara indonesia.kami selalu bersama @KejaksaanRI semangat bravo.
435,2022-08-30 16:26:16+00:00,"@jaksapedia @DPR_RI @ST_Burhanuddin @KejaksaanRI Sangat luar biasa , semakin hari semakin baik kinerja @KejaksaanRI yang kita lihat kasus terpecahkan mafia ketangkap dan kasus yang tertutup bisa terbuka, semagat trus pak @ST_Burhanuddin"
436,2022-08-30 16:25:47+00:00,"@jaksapedia @DPR_RI @ST_Burhanuddin @KejaksaanRI Waww udh 2 aja tu tersangka, kapan sih negara ini bisa bebas korupsi hal smcm garam saja masuk kedlm koprupsi :') sedih rasanya. BRAVO @KejaksaanRI proses semua nya sampai sidang dan mndpt hukuman yg setimpal!!!"
437,2022-08-30 16:22:20+00:00,@PKSejahtera Yg di tunggu dari hadiah Agustusan hilangkan semua tunjangan anggota @DPR_RI @mprgoid dimulai dari fraksi @PKSejahtera ...BERANI?
438,2022-08-30 16:22:03+00:00,@arrpage Pengennya sih angkat aku jadi ketua dpr
439,2022-08-30 16:21:30+00:00,@prambodo_ @jembermfs Tahu tek ibu didin depan dpr gasss
440,2022-08-30 16:20:36+00:00,"makin hari makin cepet bgt waktu, kdg gue ngerasa lewat aja ngga ada yg berkesan, krn gue selalu minta utk cpt2 berakhir hari ini(yg gak enak) dan ingin trs lanjut hari esok supaya dpr yg sekiranya masi enak dihati buat jalaninnya"
441,2022-08-30 16:20:08+00:00,@Sitoneizer @baworRockNRoll Mulane pada milih dadi anggota DPR sematine se soale 7 turunan aman.
442,2022-08-30 16:18:33+00:00,"@fadlizon Pak @jokowi ...mending gini deh,bubarin aja DPR...lagian lebih banyak mudharatnya tenimbang manfaat.mereka cuman sekumpulan anak2 TK😅sidang pada bubu,tunjangan bikin bangkrut negara,dan wujudnya yaa macam ikan buntel salah satunya"
443,2022-08-30 16:18:32+00:00,@jaksapedia @KejaksaanRI @DPR_RI Yang terpenting disini @KejaksaanRI sudah membuktikan dengan kerja dan upaya nya. Yang kini membuat masyarakat begitu mempecayai akan kinerjanya. Untuk apresasi dari @DPR_RI memang perlu karena disini beruntungnya negara ini memiliki kejaksaan yang amanah
444,2022-08-30 16:18:31+00:00,"@mei_peseek @DPR_RI Kalo saya tidak setuju, pertimbangan saya demi rasa keadilan."
445,2022-08-30 16:18:02+00:00,@jaksapedia @KejaksaanRI @DPR_RI @DPR_RI Arteria Dahlan aja sampe muji @KejaksaanRI berarti kan kinerja kejagung memang sangat membanggakan. Mantappp
446,2022-08-30 16:17:56+00:00,@ernestprakasa @faeiriest Kalender versi DPR ada contonya gak? Kok gw belom pernah liat ya? Proyek terooos
447,2022-08-30 16:16:26+00:00,"@VIVAcoid @ryanlesmana lo gak mao demo apa? Pensiunan lo dibilang beban, pensiunan DPR dibilang penghargaan negara 🤣🤣🤣🙃🙃🙃🙃😭😭😭"
448,2022-08-30 16:16:21+00:00,@jaksapedia @DPR_RI @ST_Burhanuddin @KejaksaanRI Babat abis para koruptor indonesia. Jangan sampai kasus ini hilang ditelan bumi @KejaksaanRI
449,2022-08-30 16:15:44+00:00,@ernestprakasa yuk bisa yuk bubarin @DPR_RI
450,2022-08-30 16:15:08+00:00,"Gaji pensiun Wakil rakyat DPR/MPR Ini beban Negara, kerja cuman 5tahun.
Bukan begitu Pak presiden?
Selain itu pangkas juga gaji para menteri di kabinet Indonesia maju yg @jokowi pimpin 
https://t.co/JnCYfoCURw"
451,2022-08-30 16:14:14+00:00,"@korantempo Antara Sri Mulyani &amp; DPR: saling gosok punggung, saling cover. Ya gak mungkin dilaksanakan lah."
452,2022-08-30 16:13:22+00:00,ada gila gilanya juga dpr yang satu ini🫠
453,2022-08-30 16:12:05+00:00,"https://t.co/Ymwo0gaG4E
Mahkamah Kehormatan Dewan DPR RI Lakukan Kunjungan Ke Polres Sumedang @DPR_RI @FPKSDPRRI https://t.co/X1B3xmXBIX"
454,2022-08-30 16:12:05+00:00,"@papa_loren anggota dpr kan pejabat negara wajar dapat pensiun, di negara2 lain juga ada pensiun buat senator. biasa itu"
455,2022-08-30 16:11:58+00:00,@infinitriss gw berasa anak anggota dpr dah maen kesitu
456,2022-08-30 16:11:17+00:00,"@kuraifox_ @Askrlfess tetep bakal ada yang milih karena 1. beliau ada di pdip dan org pdip itu BANYAK
 2.  SEMUA warga Indonesia berhak memilih termasuk mereka yang di parpol itu. 3. bakalan ada aja orang yang milih beliau (yg fanatik sm parpol itu, yg di dpr, dsb) 4. hasil pemilu disabotase"
457,2022-08-30 16:09:22+00:00,"Ketua DPR: Lembaga Audit 20 Bawa Dampak Positif

https://t.co/U5LW60cuyR"
458,2022-08-30 16:08:26+00:00,@asumsico Mungkin hp DPR kita belum ada kalendernya :)
459,2022-08-30 16:08:08+00:00,Rekomendasi tersebut disampaikan TAMPAK dalam Rapat Dengar Pendapat Umum (RDPU) bersama Komisi III DPR RI. https://t.co/QZkx57qdAo
460,2022-08-30 16:07:19+00:00,"@SuyadiPatmo @detikcom 😄 salah jokowi ya,,,lucu yu ,,,
Anak emasnya presiden yg selalu prihatin 😃
Tanya saja sama dpr 😀"
461,2022-08-30 16:06:13+00:00,"@Kopikasihsayang @danielcitayem @asumsico Dpr 500an orang ngab. Yakin nggak harga kalender 2jutaan doang? Nggak dong pastinya.
Kalender paling 100ribuan lah semahal2nya (gw gatau itu semewah apa kalender doang 100ribu).
Sisanya bisa 2 kemungkinan, diambil sama yg ngadain atau ditabung gabung sisa pengadaan lain"
462,2022-08-30 16:05:52+00:00,Komisi VIII DPR Setujui Lima Dewas BPKH Periode 2022-2027 https://t.co/2VyUWsXauN
463,2022-08-30 16:04:47+00:00,ak mau wts dpr regimetour section blue 2tiket!! alasan jual krn mo nonton jongdae 🫠
464,2022-08-30 16:04:45+00:00,"Kuasa Hukum Keluarga Brigadir J Ancam Lapor Presiden dan DPR Terkait Tak Boleh Hadir di Rekontruksi, Komisi III: Berlebihan!

#BrigadirJ #Rekonstruksi #sinpo #sinpotv #sinpoid https://t.co/om0ZS8GCJj"
465,2022-08-30 16:04:38+00:00,"@RadarKorupsi THR DPR kaya THR buat pengurus RT ga sih?Gula 1kg, teh,migor 2liter,indomi,sm wafer tango sekaleng."
466,2022-08-30 16:04:10+00:00,"Ramai DPR Tolak Kenaikan BBM, Ini Tanggapan Sri Mulyani! https://t.co/t0DQk5lhWt"
467,2022-08-30 16:03:50+00:00,"@convomf Coba kamu dengerin semua lagu dpr ian, vibesnya kaya beuh indah pokoknya"
468,2022-08-30 16:02:49+00:00,"Komisi III DPR Tak Persoalkan Kuasa Hukum Brigadir J Tak Diizinkan Ikut Rekonstruksi
#komisi3dpr #dpr #sinpo #sinpotv #sinpoid
 https://t.co/GI4lwLsZ0U"
469,2022-08-30 16:02:43+00:00,@Hoo_Becky @sugikchan @kusmiatun_ambar @ndananti @detikcom Pemerintah daerah sama busuk nya dengan tikus berdasi di gedung DPR
470,2022-08-30 16:02:06+00:00,"Ini Acintya, Wagub Jabar sama pensiunan DPR kenapa lagi dah... kayak ketinggalan berita banyak banget hari ini"
471,2022-08-30 16:02:02+00:00,@convomf km dengerin aja semua lagunya dpr ian soalnya adjslksk cakep banget lagunya 🥹☝️
472,2022-08-30 16:02:01+00:00,@liputan6dotcom Pemotongan gaji DPR cerminan sejati bgmn wakil rakyat membalas budi baik rakyat yg sdh memberikan suaranya saat pileg dn sbg bentuk tanggung jawab moral dimana sdh mnjd kewajiban bahwa DPR sejatinya pelayan/pembantu masyarakat..
473,2022-08-30 16:00:51+00:00,@CNNIndonesia DPR ko malah seperti seperti mainan anak-anak kalau di kasih koin baru bergerak 😂
474,2022-08-30 16:00:45+00:00,"@S1LOKA smg segera terjadi d Era REZIM DHOLIM ini Amin yaa Allah .
@jokowi @DPR_RI https://t.co/OYiz6rklex"
475,2022-08-30 16:00:21+00:00,"Anggota DPR RI, Lasmi Indaryani Tolak Jadi Saksi Ayahnya, Budhi Sarwono dalam Kasus TPPU https://t.co/W5b73QPpzH"
476,2022-08-30 16:00:01+00:00,💭 gaess ada yg tau lagu yg vibes nya mirip ballroom extravaganza - dpr ian? sumpah sekali denger ni lagu telingaku berasa diberkati 🤧😭 https://t.co/eBfeYqOtfY
477,2022-08-30 15:57:46+00:00,"@jaksapedia @DPR_RI @ST_Burhanuddin @KejaksaanRI Tuhkan main main sih,udah dikasih enak tanggung jawab enak tinggal diemban aja. Ini garem aja malah di korup walah walah. Kasih jera aja pak buat oknum seperti ini jangan dikasih ampun kasih hukuman yang berat aja @KejaksaanRI"
478,2022-08-30 15:56:50+00:00,dpr queline
479,2022-08-30 15:55:50+00:00,"@tanyakanrl soalnya kalau mau jadi DPR gak butuh guru, cuma butuh duit🤗"
480,2022-08-30 15:55:32+00:00,"Aktor Ernest Prakarsa melempar kritik pedas terkait anggaran DPR untuk cetak kalender senilai Rp955 juta

@ernestprakasa 
https://t.co/Z3CMCroisx"
481,2022-08-30 15:55:03+00:00,@kkuljoong_ @mbulyi DPR Ian aja deh sama gue
482,2022-08-30 15:54:42+00:00,"@MardaniAliSera TANTE MAR, …. MAKSUDNYA PENSIUNAN ANGGOTA DPR YG MAAA KERJA 5 THN, TAPI MINTA JATAH PENSIUN SEUMUR HIDUP, PAHAM ENTE ???"
483,2022-08-30 15:53:41+00:00,@skittyzc @mbulyi Afh Iyh? Tapi yah sapa tau lu bisa membangkitkan generasi DPR Solehah
484,2022-08-30 15:53:14+00:00,@SenatorMumtaz @AQuddusBizenjo @PDMABalochistan @OfficialDGISPR @PakistanFauj @dpr_gob Best of luck Senator Sahiba
485,2022-08-30 15:53:08+00:00,DPR: Pengalihan Subsidi BBM ke Bansos Bisa Jaga Daya Beli: Komisi VII mendukung pengalihan subsidi untuk menjaga daya beli masyarakat di tengah rencana pemerintah menyesuaikan harga BBM. https://t.co/Jot3KHASm6
486,2022-08-30 15:52:03+00:00,"@jaksapedia @KejaksaanRI @DPR_RI Para pejabat @DPR_RI banyak yg ngasih apresiasi kepada @KejaksaanRI , ini menunjukkan kinerja kejaksaan emang layak diakui. Ayook @KejaksaanRI lanjutkan terus kinerja baiknya.."
487,2022-08-30 15:51:15+00:00,RDP Komisi III DPR RI dan TAMPAK Bahas Kasus Pembunuhan Brigadir J https://t.co/PgkgWvf1WM
488,2022-08-30 15:51:03+00:00,"@ernestprakasa @Esti_Dee Seharusnya tidak tepat jika anggota DPR mendapatkan Dana Pensiunan,
Dan juga seharusnya Masa Jabatan Anggota DPR itu HARUS DIBATASI."
489,2022-08-30 15:50:52+00:00,@kkuljoong_ @mbulyi Aamiin kan Caca jadi ketua DPR tahun 3000
490,2022-08-30 15:50:17+00:00,@mbulyi @skittyzc Ah elu mah ketua DPR
491,2022-08-30 15:50:05+00:00,"@CNNIndonesia Halah.. seandainyapun dihemat gak akan dialokasikan ke jalan, RS, sekolah dll. Paling jg buat naikin gaji DPR, IKN dll. Rumah sakit dr dl jg gak nambah, universitas apalagi"
492,2022-08-30 15:49:29+00:00,"@ernestprakasa Tapi kalau dia Anggota DPR yang bagi2 jatah lamanya menjabat, tetep bakalan dapat dana pensiunan seumur hidup?"
493,2022-08-30 15:49:28+00:00,"@sthfuck @moonareas yg ngajarin kan dpr, bukan aku"
494,2022-08-30 15:49:06+00:00,"@M45Broo_ Itu EMAK EMAK TAMPANG LONTE.
ORANG MACAM GANJAR KOK DIDUKUNG,,
GANJAR TUH PENERIMA SUAP SAAT DIA JADI ANGGOTA DPR RI DI SENAYAN.

GANJAR TUH BUAJINGANN"
495,2022-08-30 15:49:04+00:00,"Ada Anggota DPR yang Bela Ferdy Sambo Mati-matian di Balik Layar, IPW: Ini Orang yang Saya Kenal Dekat https://t.co/YatetIGpck"
496,2022-08-30 15:48:29+00:00,@tvOneNews Hukum hrs ditegakkan!! Tersangka harus ditahan!! Semua sama di mata hukum! Kita negara hukum! Jgn tebang pilih! @ListyoSigitP @mohmahfudmd @jokowi @DPR_RI @DivHumas_Polri jgn bilang penegak hukum klo tdk bisa menegakkan hukum
497,2022-08-30 15:48:17+00:00,"@sigitwid Kalender buat apa?
Wong di toko material dan toko emas juga banyak
Belum lagi dari caleg , ormas
Apalagi sekarang ada HP 
Gak mutu blas @DPR_RI"
498,2022-08-30 15:48:16+00:00,"@PanciB0zz Cc @ListyoSigitP 
@Roni_ASC 
@DPR_RI 
Mohon atensinya demi marwah POLRI yg berintegritas.."
499,2022-08-30 15:48:11+00:00,@jaksapedia @KejaksaanRI @DPR_RI Kan lagi lagi apresiasi ke @KejaksaanRI . Emang bukan kaleng2 @KejaksaanRI dibawah kepemimpinan bapak @ST_Burhanuddin . Semangat terus semua tim yg bertugas untuk membersihkan kejahatan2 di negeri ini.
