,Date,Tweet
0,2022-04-29 23:59:19+00:00,"@democrazymedia 🤣🤣🤣🤣mulai deh ngaku² bekerja untuk rakyat, baiknya harga kebutuhan pokok minyak goreng BBM dan pajak, kamu sebagai ketua DPR wakil rakyat tidak ada protesnya kepada kebijakan pemerintah, diem bae, udah deket pilpres ngaku bekerja untuk rakyat, matamu picek @PuanMaharani"
1,2022-04-29 23:58:14+00:00,@vdandre3 @justice51617 @DokterTifa @jokowi @DPR_RI @mprgoid Aduhh perutku atit... 😅🤣
2,2022-04-29 23:57:54+00:00,@vdandre3 @justice51617 @DokterTifa @jokowi @DPR_RI @mprgoid Dan sampahnya adalah penyembah Ilmu yg diberikan penjajahnya.. 🤣🤣🤣 pantes pernah 350 thun lamanya..  follower yg mimpi jadi leader.. udah gitu leadernya penjanjah..🤣🤣 konyol akut..
3,2022-04-29 23:57:24+00:00,@AXLDIGITAL @justice51617 @DokterTifa @jokowi @DPR_RI @mprgoid Beruntung Jokowi bermental high-achiever.
4,2022-04-29 23:55:48+00:00,@growup55272627 @vontGiv @prastow @her_alone Dasar hukumnya UU bukan peraturan menteri....jadi domainya beda..mungkin DPR bisa merevisi UU nya
5,2022-04-29 23:53:22+00:00,"@AXLDIGITAL @justice51617 @DokterTifa @jokowi @DPR_RI @mprgoid D kelompok OKI sj sudah memuncaki ranking. D Asia sdh ranking 5, d dunia ranking 16.

Berkat pondasi kokoh pembangunan infrastruktur yg masif dlm Indonesia sentris, berbagai institusi dunia bahkan skrg bikin proyeksi Indonesia bergerak menuju 8 besar dunia. https://t.co/mPWkl5AwRR"
6,2022-04-29 23:52:08+00:00,"@marlina_idha Anggaran disetujui DPR bukan berarti pemakaian anggaran boleh dikorup dgn pemenang tender kantornya sdh tutup,"
7,2022-04-29 23:51:48+00:00,"Ada yg nafsu jadi capres, padahal modalnya sebatas pintar matikan mic saat pimpin sidang DPR &amp; mem-bangga2kan kakeknya berkata: Jgn pilih capres yg hanya modal tampang ganteng saja tapi tak bisa kerja? Lha, itu lbh baik drpd sudah berwajah jelek, hanya pura2 bisa kerja pula😃😃😃"
8,2022-04-29 23:50:31+00:00,Lingkar Madani: Autokritik Puan untuk Kinerja Legislasi DPR https://t.co/1ZskfcwMT1
9,2022-04-29 23:50:30+00:00,"@fauzilubiss84 @DokterTifa Di parlemen itu maksudnya DPR MPR? Bukannya dungu, tp rakus dan itu jg udah dr jaman baheula era Suharto"
10,2022-04-29 23:48:55+00:00,@vdandre3 @justice51617 @DokterTifa @jokowi @DPR_RI @mprgoid Dalam sistem Kompetisi emang Indonesia mampu menindas dan memoecundangi bangsa lain??  Kalau gk mampu jangan mimpi akan menjadi terdepan .... wong mental jongos kok mau menindas dan menginjak bangsa lain biar juara..
11,2022-04-29 23:47:39+00:00,"@AXLDIGITAL @justice51617 @DokterTifa @jokowi @DPR_RI @mprgoid Berakhir menjadi sampah, sampah masyarakat...🤣"
12,2022-04-29 23:46:20+00:00,"@Ericksemaunya @jokowi @mohmahfudmd @DPR_RI @DivHumas_Polri Mereka lg sibuk lebaran
🤭"
13,2022-04-29 23:46:16+00:00,@vdandre3 @justice51617 @DokterTifa @jokowi @DPR_RI @mprgoid Hahaha tertinggal untuk apa?? Tertinggal karena ikut balapan?? Kenapa gk bikin jalan sendiri biar gk ikutan balapan??
14,2022-04-29 23:45:32+00:00,DPR : Deretan Pinggir Rel 🤣
15,2022-04-29 23:44:11+00:00,"DPR Ingatkan Kemenkes soal Vaksin Kadaluarsa dan Halal
https://t.co/Uh9ywpRcNN"
16,2022-04-29 23:43:12+00:00,"@AXLDIGITAL @justice51617 @DokterTifa @jokowi @DPR_RI @mprgoid Cipta dan rasa utk jadi manusia gagal, selalu tertinggal d belakang."
17,2022-04-29 23:43:00+00:00,@Akun___Receh @jokowi @mohmahfudmd @DPR_RI @DivHumas_Polri APARAT MANA NIH? APAKAH HRS RAKYAT YG MENGHABISI GEROMBOLAN HTI ? JGN SAMPE RAKYAT GK PERCAYA LG DGN PENEGAK HUKUM.
18,2022-04-29 23:42:59+00:00,"@val_jiung0t6 piwon, bts, bruno, &amp; dpr live!!"
19,2022-04-29 23:42:49+00:00,"@LOVE_AG4EVER @jokowi @budimandjatmiko @AdianNapitupul1 Yakin, mereka hidup nyaman, dari menjadi anggota DPR, jadi ingat mata najwa dan Krisdayanti."
20,2022-04-29 23:40:48+00:00,"@vdandre3 @justice51617 @DokterTifa @jokowi @DPR_RI @mprgoid Kalau gw ogah pakai sistem dan doktrin ilmunya Kapitalis..yg sudah nyata2 cacat dengan segala indikatornya.. 
.karena gw punya cipta rasa dan karsa.."
21,2022-04-29 23:40:34+00:00,"@marlina_idha Iya gak madalah itu, pake baju anis for presiden juga gak papa lah, kan sekalian dan udah disepakati dpr..."
22,2022-04-29 23:36:50+00:00,"@AXLDIGITAL @justice51617 @DokterTifa @jokowi @DPR_RI @mprgoid Kyknya Turki lbh butuh solusi. Ekonominya kalah dibandingkan Indonesia. Skrg sdh terlempar dr 20 besar dunia. Inflasi jg sangat tinggi, mencapai 54,4% (Indonesia 2,1%).

Ekonomi Indonesia melaju mantap, ranking 5 Asia, ranking 16 dunia. Posisi d kelompok OKI no.1, Turki melorot. https://t.co/O9FOyujLgN"
23,2022-04-29 23:33:59+00:00,"@alextham878 Mintax pd DPR/MPR weiii... 
Bkn jokowi
😜😇"
24,2022-04-29 23:26:32+00:00,"@BatakIsMe_ @SisiwittFrida AHY mah bukan siapa2, tapi bisa perintahkan Fraksi Partai Demokrat DPR RI, Fraksi Partai Demokrat DPRD Propinsi &amp; DPRD Kab/kota se Indonesia."
25,2022-04-29 23:23:53+00:00,"@JokoLipService protokol istana mngharuskn pak Jokowi brdinas di luar istana. Seandainy beliau full power di istana,sdh selesai itu buzerp2 menterinya..
Perhatikn pola2 kebijakan yg sangat banyak tidak melibatkn presiden dan DPR! Bkn tanpa sebab,tapi sengaja agar pak Jokowi tinggal tanda tangan"
26,2022-04-29 23:19:44+00:00,@KemensosRI @DPR_RI Bagaimana yah rasanya mndapatkn bntuan sosial dari pemerintah. Sy sama skali blm pernah merasakan bntuan dri pemerintah mskipun status sy seorang single parents yg hnya memiliki gaji dibawah UMR dan kadang gaji sy tdk lebih dri sejuta. Apa kabar Indonesia ku ☺
27,2022-04-29 23:18:32+00:00,"@Nicho_Silalahi bubar kan DPR dewan perompak rakyat ,pejabat jadi tukang jual aset untk mempekaya diri ,mentri lbh berkuasa dari presiden"
28,2022-04-29 23:10:19+00:00,"@H4L15541D @suprislur @gogrex @susipudjiastuti Makanya mrlamar jadi presidenlah kalau kau merasa pintar,  paling tidak jadi anggota dpr dululah"
29,2022-04-29 23:09:26+00:00,"@KompasTV Emang loe Sbg ketua DPRI ..bisa kerjanya apa ? DPR RI sejak di pimpin loe sdh Mati Suri, Sdh jd DEWAN PENGHIANAT RAKYAT, DEWAN PENIPU RAKYAT, DEWAN PEMBUNUH RAKYAT @DPR_RI @puanmaharani_ri ..."
30,2022-04-29 23:08:12+00:00,"@DaengWahidin2 @Nicho_Silalahi @msaid_didu @m_mirah @OposisiCerdas @CNNIndonesia @RamliRizal @SMuheka @democrazymedia @EmnurBang @Sautaritonang12 @mprgoid @DPR_RI Jgn henti, sbgm mrk juga tak henti merusak negara"
31,2022-04-29 23:01:40+00:00,dpr ian ig story https://t.co/GA0EmfGN9O
32,2022-04-29 22:56:15+00:00,"Berikan Arahan Agenda Struktur, Mahfudz Ajak Jaga Kekompakan untuk Raih Kemenangan https://t.co/TB7DLydNtL lewat @FPKSDPRRI | @mahfudz_DPR | @Mahfudz_AR"
33,2022-04-29 22:54:57+00:00,@PapuaWeb @jokowi @mohmahfudmd @titokarnavian_ @DPR_RI @PolhukamRI @kemendagri Manusia biadap ko siapa yg suru ko bicara utk pemakaran ajing biadap ko kminorg Papua tdk mau namanya Pemakaran itu.
34,2022-04-29 22:54:26+00:00,"@HASapardan Andaikan saja DPR menyetujui UU penyitaan aset harta kekayaan yang berasal dari hasil KORUPSI,maka pejabat pejabat tdk akan berani korupsi"
35,2022-04-29 22:51:03+00:00,Apakah ada yg pernah melihat aktifitas puan spt belakangan ini sjk awal jd ketua dpr?
36,2022-04-29 22:49:21+00:00,Kepedulian Anggota Fraksi DPR RI Partai Demokrat terhadadap tekanan ekonomi rakyat NTT di tengah naiknya harga bahan pokok. #Janganbiarkanrakyatlapar https://t.co/jjMM5F8FOK
37,2022-04-29 22:46:36+00:00,"DPR Ian, Vlad Hoshin, Eli Jang"
38,2022-04-29 22:41:04+00:00,Anggota DPR minta DKI bangun rumah korban kebakaran Pasar Gembrong - ANTARA News https://t.co/RQ6xIN8oZ5 -&gt; Puan
39,2022-04-29 22:41:04+00:00,Anggota DPR minta DKI bangun rumah korban kebakaran Pasar Gembrong - ANTARA News https://t.co/GY7TcDRXMM ~ PM
40,2022-04-29 22:41:04+00:00,Anggota DPR minta DKI bangun rumah korban kebakaran Pasar Gembrong - ANTARA News https://t.co/izQvnqGWze  ~ Puan Ketua DPR
41,2022-04-29 22:41:03+00:00,Autokritik Puan untuk Kinerja Legislasi DPR | Berita Sampit https://t.co/eehPzIfY1B -&gt; Puan
42,2022-04-29 22:41:02+00:00,Autokritik Puan untuk Kinerja Legislasi DPR | Berita Sampit https://t.co/JGYIYSQH5D ~ PM
43,2022-04-29 22:41:02+00:00,Autokritik Puan untuk Kinerja Legislasi DPR | Berita Sampit https://t.co/0h3DY83g04  ~ Puan Ketua DPR
44,2022-04-29 22:40:57+00:00,@justice51617 @DokterTifa @jokowi @DPR_RI @mprgoid @msaid_didu @RamliRizal Tapi apakah masukan² beliau juga digubris..?? Sama sekali tidak bukan?? Artinyamemang NDABLEG.. dan merasa superior..
45,2022-04-29 22:39:55+00:00,"@AXLDIGITAL @DokterTifa @jokowi @DPR_RI @mprgoid Aku lebih respect sama orang² seperti
pak @msaid_didu  
pak @RamliRizal 
mereka selalu mengkritisi kebijakan pemerintahan tetapi tidak lupa menyertakan masukan² pribadi mereka terkait masalah yg dihadapi bangsa ini."
46,2022-04-29 22:39:43+00:00,@hrdbacot Sekelas DPR masa cuma 5jt
47,2022-04-29 22:38:39+00:00,"@detikcom Jika oràng ga ada prestasi spalagi jasa bg negara ini tp gemar menilai dan mendiskreditkan pemimpin yg sendiri tidak memiliki pengetahuan tentangnya, sungguh sangat menyedihkan ente Puan. Ente jd ketua DPR bkn karena ente layak semua otak waras tahu itu. Sadarlah..."
48,2022-04-29 22:38:15+00:00,"Ormas yang mau jadi OP, harus merevisi minimal 3 UU, yakni UU Praktek Kedokteran, UU Tenaga Kesehatan, UU Pendidikan Kedokteran. #CobaDiPeriksa otaknya anggota DPR"
49,2022-04-29 22:35:50+00:00,"Saksikan Program Kurma DPR dengan tema ""Kandungan Surat Al Asr"" bersama Anggota Komisi XI DPR RI Siti Mufattahah.

Hanya di Akun Resmi Media Sosial DPR RI.

#BulanPuasa  ​​​
#Ramadan  ​​​
#RamadanKareem  ​​​
#RamadanMubarak  ​​​
#KurmaDPR​​​
#BerkahRamadan
#1443H https://t.co/xORqC3gg7n"
50,2022-04-29 22:34:50+00:00,"@KompasTV Jangan Pilih capres cewek, nggak bisa kerja apalagi dekat dg rakyatnya.  Coba jd DPR Jaya dari pendukungnya."
51,2022-04-29 22:29:42+00:00,Rambut lu kayak atap gedung dpr kin https://t.co/MFYCL3tyBh
52,2022-04-29 22:29:10+00:00,mimpin sidang DPR berantakan asal ada interupsi mic di matikan prestasi nya apa?
53,2022-04-29 22:27:24+00:00,"Jumat (29/04/2022), Anggota DPR RI Dari Fraksi Partai Demokrat Ibu Anita Gah melakukan reses untuk menyerap aspirasi dan membagikan 100 paket sembako untuk masyarakat Naioni, Kota Kupang. Masyarakat Naioni saat berjumpa dengan Ibu Anita Jacoba Gah menyampaikan kebutuhan mereka. https://t.co/mJr8XpadSn"
54,2022-04-29 22:26:27+00:00,"JAM DINDING
INFO HARGA &amp; ORDER"
55,2022-04-29 22:23:57+00:00,"@HisyamMochtar makanya 2024 di list semua nama2 anggota DPR/DPRD jgn di pilih... 
partai paing korup"
56,2022-04-29 22:23:48+00:00,"""Jadi kalau dibilang mahal, ya jangan nonton. Ini kan tidak memaksakan orang untuk menonton,"" kata Ketua Pelaksana Formula E, H. Ahmad Sahroni yang juga adalah politisi Partai NasDem dan Wakil Ketua Komisi III DPR RI periode 2019–2024 
https://t.co/t07El1yBMW"
57,2022-04-29 22:19:05+00:00,@bos_sir Orang ini kepengin tiket gratis dan KLo pulang diberi amplop sangkanya LG rapat di DPR?
58,2022-04-29 22:18:33+00:00,"@justice51617 @DokterTifa Solusi ??  Bicara solusi .. mugkin bukan hanya  @DokterTifa  yg sudah kasih solusi.. ribuan Surat meluncur di ke @jokowi  @DPR_RI  @mprgoid  dan lembaga² lain .. faktanya mereka NDABLEG.. atau mungkin tidak menghargai.. atau bahkan tidak dibaca..

https://t.co/yaZgLOCEg2"
59,2022-04-29 22:11:16+00:00,Anjg itu yang dpr bagi bagi duit 5 juta 20 orang pasti aslinya miskin
60,2022-04-29 22:09:48+00:00,"Kamis (28/04/2022), Anggota DPR RI Dari Fraksi Partai Demokrat Ibu Anita Gah melakukan reses untuk menyerap aspirasi dan membagikan 100 paket sembako untuk masyarakat Naioni, Kota Kupang. #AnitaJacobaGah #LeoLelo #AHYPresidenRI #agusharimurtiyudhoyono #PartaiDemokrat #DemokratNTT https://t.co/Hp78pPKAXJ"
61,2022-04-29 22:09:38+00:00,@dikakush Dari rakyat untuk rakyat tp ko cuma segitu :( om om dpr apaan
62,2022-04-29 22:07:39+00:00,"@lynmtea Iya euy, apa jangan"" om DPR bikin alter juga ya 😅"
63,2022-04-29 22:07:18+00:00,"@IiiZahrah @msaid_didu @bpkri @DPR_RI Kenapa hukum pidana korupsi lemah mungkin karena partai elektabilitas naik takut turun,,,"
64,2022-04-29 22:07:13+00:00,@Cilorconnoistre DPR: Dibawah Pohon Rindang
65,2022-04-29 22:06:24+00:00,@extranababi @lcheeryart DPR IAN?
66,2022-04-29 22:05:59+00:00,"@_Syazwana2__ @Matahari_1912 @IiiZahrah @desita5769 @Nong_Dewintha @ORakyat4 @annourcharity @uusbustami @RFauzy5 @alamanda_maroon @ISTANA_CLina10 @NayoanAngelyca @RadarKorupsi @LuNaEndelia @RizkiAsihan @agamlangsa @tegaxdirimu @hendri_donal65 @Dhanny76978950 @setgeldong @JangkrikLampung @yasenosa @bangozie18 @Muslihun_I @amuda_saiful @MurazzaA @RezimSampah @TsaniAnwar @SMujsin @GanisArfianiar @eddie_volkers @naimgoera @panglima_z @bi__sa @matta_2103 @me_kiea_ @CindyBexter @akunkeenam212 @Bob_eT3k3WeR @miss_kadrun @by_blackangel @Lelaki_5uny1 @Pecel_Lele5678 @RumahGudeg @Srikandi_sunda @_Qirani__Ayara @Stevaniehuangg @DPR_RI @jokowi @muhammadiyah Islam Nusantara belum banyak pengikut, muncul lagi Islam merah putih. Kiblatnya kemana? apakah.... ..... (Takut dibully)"
67,2022-04-29 22:05:15+00:00,"Kami honorer  Operator sekolah memohon dan beeharap kepada bpk ibu DPR RI khusunya di komosi X untuk dapat memperjuangkan nasip kami yang udah lama mengabdi di dunia pendidikan sebagai OPS, agar kami juga bisa mendapatkan kesejah teraan seperti yang di berikan kepada guru honorer"
68,2022-04-29 22:00:01+00:00,Hasil survei menunjukkan Ketua DPR RI Puan Maharani lebih unggul daripada Menteri BUMN Erick Thohir untuk maju PIlpres 2024 #pilpres2024 https://t.co/hinsA1KFQ8
69,2022-04-29 21:58:39+00:00,@FWBESS @Rijaaaaaaaaaaal DPR maen kek ginian wkwk.
70,2022-04-29 21:57:04+00:00,"""Apakah karena besar kemungkinan adanya keterlibatan orang penting dan 'kuat', penyebab Harun Masiku sulit ditemukan? Dengan dalih apapun, harusnya KPK tidak boleh menyerah, harus segera menangkap dan menguak keberadaan buron HM dalam kondisi apapun."" - @DidikMukrianto (@FPD_DPR) https://t.co/czRHt7yPD9"
71,2022-04-29 21:56:50+00:00,KOK UDAH PD DPR THR SIH
72,2022-04-29 21:54:04+00:00,"@detikcom crazy rich priok mana ngerti urusan etika, anggota dpr yg demen flexing di medsos dikasih jabatan proyek pemakai apbd ya seneng2 aja duit masuk ngalir ke kantong tp lupa kalo yg dia pake duit pajak rakyat dki 😤"
73,2022-04-29 21:50:24+00:00,"@TalkaboutBUMN Gaslah ikutan dong (((Om-Om Biyuemen)))

Biar ga kalah saing ama (((Om-Om DPR)))
🤣👍"
74,2022-04-29 21:46:32+00:00,"@Catatan_ali7 @MohArifWidarto @ganjarpranowo Tanya ke @provjateng @dprdjatengprov untuk sosialisasi Capres 2024 @ganjarpranowo pake dana APBD kah? 
Adu cepat jualan dengan @puanmaharani_ri @DPR_RI"
75,2022-04-29 21:43:04+00:00,@Hayuningrat7 Pancasila dan UUD 1945 dah cukup.. Dpr/dpd dan dprd serta ulama awasi aja pelaksanaan pasal 28 n pasal 33 UUD 1945 dari para oknum keserakahan sumberdaya alam. (salah satunya problem itu)
76,2022-04-29 21:41:50+00:00,"Peimpin jelek tapi pencitraan yaMukidi https://t.co/sqVDoyExQ9

Pernyataan Ketua DPR RI Puan Maharani tentang 'pemimpin ganteng tak bisa kerja' kini masih menjadi teka-teki. Belum diketahui siapa sosok pemimpin ganteng itu."
77,2022-04-29 21:37:40+00:00,"@KakekHalal Pancasila dan UUD 1945 sdh sangat cukup.., tinggal DPR/DPD dan DPRD nya harus awasin semua yg brhubungan dgn pasal 28 n pasal 33 UUD 1945.. Trus BPK, BPKP dan Inspektorat wajib independen jgn mau disuap dan main mata dgn oknum birokrasi."
78,2022-04-29 21:37:37+00:00,Autokritik Puan untuk Kinerja Legislasi DPR | Lintas Lampung https://t.co/EKzvuStKWK
79,2022-04-29 21:37:37+00:00,Autokritik Puan untuk Kinerja Legislasi DPR | Lintas Lampung https://t.co/8SaAuveuV1  ~ Puan Mantul
80,2022-04-29 21:37:37+00:00,Autokritik Puan untuk Kinerja Legislasi DPR | Lintas Lampung https://t.co/F3NIKer40p  ~ Puan Keren
81,2022-04-29 21:37:36+00:00,Autokritik Puan untuk Kinerja Legislasi DPR | Lintas Lampung https://t.co/biaK6ICLav
82,2022-04-29 21:37:35+00:00,Autokritik Puan untuk Kinerja Legislasi DPR | Lintas Lampung https://t.co/WABhMeEJLs  ~ Puan Top
83,2022-04-29 21:37:35+00:00,DPR RI - https://t.co/wwJCGAukUL https://t.co/tdfoB7sFPX ~ Puan
84,2022-04-29 21:37:35+00:00,DPR RI - https://t.co/0TuUD6J0vi https://t.co/Vyd4DNtHyH  ~ Puan Maharani
85,2022-04-29 21:37:35+00:00,DPR RI - https://t.co/Uv9RW4QpXr https://t.co/hGX5abZsjk -&gt; Puan
86,2022-04-29 21:37:35+00:00,DPR RI - https://t.co/0ZaARsXe2R https://t.co/b1i4Rtx47u  | Puan
87,2022-04-29 21:37:34+00:00,DPR RI - https://t.co/FZyr9tjY0k https://t.co/uenkQMpnWf ~ Puan Keren
88,2022-04-29 21:37:34+00:00,Autokritik Puan untuk Kinerja Legislasi DPR | Lintas Lampung https://t.co/zqRY1MCJmV ~ Puan Keren
89,2022-04-29 21:37:34+00:00,DPR RI - https://t.co/kPcIkhOaB8 https://t.co/VO5ov3fbUM  ~ Puan Ketua DPR
90,2022-04-29 21:37:34+00:00,Anggota DPR RI ingatkan BSI agar mesin ATM berfungsi maksimal selama Idulfitri - https://t.co/tAXfrXtF2k https://t.co/wbqDyS6cXm ~ Puan
91,2022-04-29 21:37:34+00:00,Anggota DPR RI ingatkan BSI agar mesin ATM berfungsi maksimal selama Idulfitri - https://t.co/Tu4QgHOf0k https://t.co/L2HEboFrxl  ~ Puan Maharani
92,2022-04-29 21:37:34+00:00,Anggota DPR RI ingatkan BSI agar mesin ATM berfungsi maksimal selama Idulfitri - https://t.co/qRoCc279E4 https://t.co/fDIaZLywXN -&gt; Puan
93,2022-04-29 21:37:34+00:00,Anggota DPR RI ingatkan BSI agar mesin ATM berfungsi maksimal selama Idulfitri - https://t.co/W0Ga3VK4h2 https://t.co/wHHQRrcBJ5  | Puan
94,2022-04-29 21:37:33+00:00,Anggota DPR RI ingatkan BSI agar mesin ATM berfungsi maksimal selama Idulfitri - https://t.co/0kOhHu0ELz https://t.co/OpuSz1stXL ~ Puan Keren
95,2022-04-29 21:37:32+00:00,Anggota DPR RI ingatkan BSI agar mesin ATM berfungsi maksimal selama Idulfitri - https://t.co/wGXZpkgOWK https://t.co/oHyxIzkA9m  ~ Puan Ketua DPR
96,2022-04-29 21:35:52+00:00,"Gue takut banget, itung2 misal 3/4 tahun lagi jungkook tbtb modelan full tato kayak dpr ian gue sanggup gak ya?"
97,2022-04-29 21:34:35+00:00,@qore__ HAHSHAHAHA SHUTA KASI SI DPR IAN HUHUHU 🥲🥲🥲
98,2022-04-29 21:33:49+00:00,@dpr_graciously eh jpp c’est trop
99,2022-04-29 21:32:50+00:00,Pernyataan Ketua DPR RI Puan Maharani tentang 'pemimpin ganteng tak bisa kerja' kini masih menjadi teka-teki. Belum diketahui siapa sosok pemimpin ganteng itu. https://t.co/s3WlQdkcuG
100,2022-04-29 21:32:21+00:00,@hrt4yves dpr ian
101,2022-04-29 21:29:37+00:00,"@moonareas dpr ian, jeno, mark"
102,2022-04-29 21:28:33+00:00,@democrazymedia Sela puan maharani memjabat sebagai ketua DPR tidak pernah puan sebagai ketua DPR membela kepentingan rakyat dari kebijakan pemerintah yg merugikan rakyat
103,2022-04-29 21:27:51+00:00,"@moonareas mark, dpr ian"
104,2022-04-29 21:26:52+00:00,"@msaid_didu @bpkri @DPR_RI ibarat bertepuk sebelah tangan..
terjadi jika tangan yang satunya tidak berniat bertepuk tangan"
105,2022-04-29 21:26:48+00:00,"@democrazymedia Memangnya puan punya prestasi apa? Jadi ketua DPR juga bukan karena puan berprestasi, tapi hadiah dari partai pdip sebagai partai pemenang pemilu, dan partai tersebut yg di ketuai oleh ibunya, prestasi puan maharani hanyalah mematikan mic saat sidang bila terjadi intrupsi"
106,2022-04-29 21:26:08+00:00,@moonareas dpr ian
107,2022-04-29 21:26:07+00:00,"@9kmulticast lho lho lho, tpi nek dpr tenan gk kelas to mas karo modelan bakul konten twt minim spek model lah yo ra?😏"
108,2022-04-29 21:25:08+00:00,@KompasTV Aku kok lebih heran lg .. DPR kok kerjanya gak maksimal padahal di gaji tinggi... masalah2 rakyat sering ga tau bisanya ngomong di media
109,2022-04-29 21:12:46+00:00,@puanmaharani_ri Warga takut lah.yg di gedung dpr aja berani kau matikan Mic..Apalagi sekelas masyarakat kecil
110,2022-04-29 21:11:29+00:00,dpr Ian please kenal sama Lee Taeyong
111,2022-04-29 21:10:04+00:00,"@Tan_Mar3M Pak putin, istana sama DPR rudal aja lah"
112,2022-04-29 21:08:23+00:00,@baromeyuu @LUNERPW berarti aku dpr joy 😂
113,2022-04-29 21:07:28+00:00,"@democrazymedia Kmren Islam Nusantara
Skrang Islam merah putih
Panca sila  mau di amputasi jadi 
Ekasila
Anda siapa siapa sih..??
Yg kata nya NKRI harga mati apa kah cuma untuk mendulang suara
Sekelas ketua DPR gini amat
Semakin jelas siapa anda"
114,2022-04-29 21:00:27+00:00,@cinnamoncroll YA EMANG DODOL KATA SIAPA NADHIF ORANG DPR
115,2022-04-29 20:57:43+00:00,DPR LIVE via Instagram https://t.co/E9A3ariU3m
116,2022-04-29 20:57:24+00:00,dpr we gang gang nulle part jpp aller au concert
117,2022-04-29 20:57:06+00:00,"@evylagi Ih ngeri.....
Dr om om DPR?
Uang milik anggota parlemen dong?
Uang gajinya?
Dari APBN donk?
Jiahhhh...."
118,2022-04-29 20:53:53+00:00,"@NCTsmtown MasyaAllah, abis saur langsung dpr updatean"
119,2022-04-29 20:52:57+00:00,"Anggota DPR RI dari Fraksi PKS Dapil Jakarta Timur, Anis Byarwati, melakukan kunjungan ke bekas lokasi kebakaran pasar Gembrong, Jl.Basuki Rahmat, Kecamatan Jatinegara, Kelurahan Cipinang Besar Utara,Jakarta timur, Jum’at (29/04/2022). - https://t.co/IaqChbnWMC"
120,2022-04-29 20:52:01+00:00,@FOODFESS2 bismillah dpr thr dri mimin🥰
121,2022-04-29 20:48:09+00:00,Pemerintah dan DPR Terus Mengkaji Kedudukan Lembaga Otoritas Pengawas ... - InfoPublik https://t.co/d9QGW0Hbfc ~ PM
122,2022-04-29 20:48:08+00:00,Pemerintah dan DPR Terus Mengkaji Kedudukan Lembaga Otoritas Pengawas ... - InfoPublik https://t.co/KwKyddtg8n  ~ Puan Ketua DPR
123,2022-04-29 20:48:06+00:00,Pemerintah dan DPR Terus Mengkaji Kedudukan Lembaga Otoritas Pengawas ... - InfoPublik https://t.co/EBjcBAZORg  ~ Puan Maharani
124,2022-04-29 20:48:05+00:00,Pemerintah dan DPR Terus Mengkaji Kedudukan Lembaga Otoritas Pengawas ... - InfoPublik https://t.co/z77aEbuR7b -&gt; Puan
125,2022-04-29 20:47:45+00:00,"@rrronoazoro Halal sih halal tapi itu kan duit dari rakyat malah dibuat GA mana di base alter pula :"") mending uangnya buat beli minyak tanah terus bakar gedung DPR rame rame"
126,2022-04-29 20:46:36+00:00,Mantan Pecatan DPR Yang Tukang Tidur @musniumar Ketahuan Pernah Nonton Porno. Pasti Ente Adalah Cabul Kayak Gatot Nurmantyo &amp; BeRizieq Shihab https://t.co/hrt2dl0Faj
127,2022-04-29 20:46:00+00:00,"Apbn dan hutang negara bisa diminimalisir dengannya dibubarkannya sistem DPR, lalu diganti dengan.. entahlah, sistem baru?

Soalnya DPR ini gak solid, gak guna Pula."
128,2022-04-29 20:44:40+00:00,"@detikcom Coba urus itu hrg2 keb masy, baru namanya ibu ketua hebat ...daripada urus orang ganteng tidak ada korelasinya dg jabatan ketua dpr .."
129,2022-04-29 20:43:53+00:00,@pipqqooo DPR wkwkwkk
130,2022-04-29 20:39:07+00:00,@nk_achakzai @YahyaMirOrakzai @92_seiler @EUPakistan @PaBalochistan @JanMJamali @dpr_gob @AKaminara @tomas_niklasson @EU_Commission Mashallah Great
131,2022-04-29 20:34:32+00:00,Autokritik Puan Maharani untuk Peningkatan Kinerja Legislasi DPR - Kabar Banten - Halaman 2 https://t.co/JJ8GmOxvRw ~ Puan Keren
132,2022-04-29 20:34:32+00:00,Autokritik Puan Maharani untuk Peningkatan Kinerja Legislasi DPR - Kabar Banten - Halaman 2 https://t.co/LyZPMPQbJG  ~ Puan Top
133,2022-04-29 20:34:11+00:00,"Partai Ramah Akademisi, 15 Bacaleg Tingkat DPR RI Bergabung ke Partai Perindo https://t.co/gzq417L5ZN"
134,2022-04-29 20:26:52+00:00,"@KompasTV ngomong apalagi sih ini? tiap ke jateng atau kunjangan daerah ngomong nya kok cuma nyacat. kinerja dpr yg kw pimpim jeblok. ngaca bu, NGACA!"
135,2022-04-29 20:23:29+00:00,@hrdbacot mantapp ini negara berbagi.. 5 juta buat anggota dpr mah kek beli cendol tumpah
136,2022-04-29 20:21:50+00:00,Dpr Ian👺👺👺🧟🧟🧟🧟
137,2022-04-29 20:18:04+00:00,Modal kakek doang gak malu tuh ketua mu @DPR_RI ?!? https://t.co/MGnOJj7Eog
138,2022-04-29 20:15:00+00:00,"Setelah sebelumnya sempat bertikai dengan DPR, kini IDI harus menghadapi 'lawan' baru dengan berdirinya PDSI (Perkumpulan Dokter Seluruh Indonesia).

Ngeliat keributan ini, dokter umum sih ketawa-ketawa aja. #Esai https://t.co/aklkNhPnns"
139,2022-04-29 20:04:21+00:00,@sebatzzzz loe dpr kh sibuk bgt
140,2022-04-29 20:02:26+00:00,@WidasSatyo DPR LER
141,2022-04-29 20:00:57+00:00,"Ijin praktek profesi suatu masalah besar negara jika diberikan bkn lembaga negara yaitu jajaran presiden krn terikat konstitusi.
Cc @jokowi @puanmaharani_ri @mohmahfudmd @DPR_RI @fahiraidris @Fahrihamzah @dr_koko28 @tirta_cipeng @muannas_alaidid  @nadiemmakarim @budimandjatmiko"
142,2022-04-29 19:58:15+00:00,"Wakil Ketua Komisi VII DPR, Bambang Haryadi mengusir Direktur Utama PT Krakatau … https://t.co/4DXgYftsgX"
143,2022-04-29 19:58:05+00:00,"Ijin prakter otoritas kementrian terkait, tdk bisa dari organisasi profesi krn beresiko biaya pendidikan mahal serta akan timbulkan kartel bisnis
Cc @jokowi @DPR_RI @puanmaharani_ri @mohmahfudmd @dr_koko28 @tirta_cipeng @Fahrihamzah @nadiemmakarim @budimandjatmiko @fahiraidris"
144,2022-04-29 19:55:27+00:00,"Perguruan tinggi negeri/swasta dibiaya negara,tiba 2 dimatikan dg ada lembaga profesi baik IDI,Peradi dll ijin prakter. Itu namanya mafia/kartel ilmu pengetahuan. Makanya BPJS bisa tekor dll
Cc @jokowi @DPR_RI @puanmaharani_ri @nadiemmakarim @dr_koko28 @tirta_cipeng @mohmahfudmd"
145,2022-04-29 19:53:52+00:00,"Matinya fungsi DPR ‼️
Orasi ternyata hanya Variasi demokrasi #OligarkiMakinBrutal"
146,2022-04-29 19:53:10+00:00,@FWBESS @DPR_RI bruh
147,2022-04-29 19:52:31+00:00,@Aur0rax @Viviane_DPR @DaisyLetourneur Jolie meringue
148,2022-04-29 19:51:52+00:00,"@DaengWahidin2 @djonprasetyanto @Nicho_Silalahi @msaid_didu @m_mirah @__Sridiana_3va @OposisiCerdas @CNNIndonesia @aguswidarto13 @Sautaritonang12 @fahiraidris @mprgoid @DPR_RI @tamsilinrung @LaNyallaMM1 bukan DPR, taoi biangnya presiden"
149,2022-04-29 19:50:33+00:00,@DaengWahidin2 @Nicho_Silalahi @msaid_didu @m_mirah @__Sridiana_3va @OposisiCerdas @CNNIndonesia @aguswidarto13 @Sautaritonang12 @fahiraidris @mprgoid @DPR_RI @tamsilinrung @LaNyallaMM1 Rakyat yg mn woi anjing² https://t.co/Xgy7EtFh5y
150,2022-04-29 19:49:04+00:00,"@detikcom Lain kali jngn pilih ketua DPR yang suka matiin mik,apa lagi klu dipilih jadi presiden .Hancuf lebur bangsa ini"
151,2022-04-29 19:48:50+00:00,Kebodohan  anggota DPR Lihat video jOhn gLewO! #TikTok https://t.co/HtL7XyoyH7
152,2022-04-29 19:45:20+00:00,"Instruksi Presiden  Menghentikan Ekspor Minyak  Goreng  untuk Mengetahui Siapa yang Berkhianat 

@DPR_RI @DPDRI @KejaksaanRI @KPK_RI @DivHumas_Polri @Kemendag @PerekonomianRI @KSPgoid @KemenBUMN @jokowi 
https://t.co/3IGbVAKDQ2"
153,2022-04-29 19:41:29+00:00,Dpr we gang gang
154,2022-04-29 19:39:07+00:00,Pangkoarmada III Merima Kunjungan Kerja Anggota Komisi I DPR RI - Detik Peristiwa https://t.co/U6aJQqXmEo ~ Puan Keren
155,2022-04-29 19:39:07+00:00,Pangkoarmada III Merima Kunjungan Kerja Anggota Komisi I DPR RI - Detik Peristiwa https://t.co/O7TucvgbtX ~ Puan
156,2022-04-29 19:39:07+00:00,Pangkoarmada III Merima Kunjungan Kerja Anggota Komisi I DPR RI - Detik Peristiwa https://t.co/c2qlLIqfXK  | Puan
157,2022-04-29 19:39:06+00:00,"Perjuangkan Nasib Perempuan, Sejumlah Lembaga Minta DPR Segera Sahkan RUU PPRT https://t.co/9vW13rQbMx ~ PM"
158,2022-04-29 19:39:06+00:00,"Perjuangkan Nasib Perempuan, Sejumlah Lembaga Minta DPR Segera Sahkan RUU PPRT https://t.co/bCuL8QA5je ~ Puan Keren"
159,2022-04-29 19:39:05+00:00,"Perjuangkan Nasib Perempuan, Sejumlah Lembaga Minta DPR Segera Sahkan RUU PPRT https://t.co/JWUjYIXZD8  ~ Puan Ketua DPR"
160,2022-04-29 19:39:05+00:00,"Perjuangkan Nasib Perempuan, Sejumlah Lembaga Minta DPR Segera Sahkan RUU PPRT https://t.co/cYLUrOenwU  ~ Puan Maharani"
161,2022-04-29 19:31:41+00:00,@sutan_roi @HisyamMochtar Kita gak ada wakil di DPR bang. Sementara cuma bisa julid sama pemerintah pusat. 🙏
162,2022-04-29 19:26:43+00:00,"@desigpy @BoecienN Dalam pengoperasian,perawatan,sampai investasi, anyak bgt..makanya ayo bersama membangun negara,dg cara qt,mengkritik boleh,tp d sertai solusi,,bukan narasi,datengin DPRD/ DPR salurkan aspirasi duduk bareng.."
163,2022-04-29 19:26:26+00:00,"KALENDER
INFO HARGA &amp; ORDER"
164,2022-04-29 19:19:06+00:00,"@LoveOfSpeechz @pikiran_rakyat Halo @DPR_RI ?
Itu tolong di tanyain pakai duit siapa?
Duit pribadi kah?"
165,2022-04-29 19:19:01+00:00,@detikcom Giliran ada yg bagibagi sembako ada foto anggota DPR  gak protes......pusing aku jadinya
166,2022-04-29 19:08:35+00:00,dpr we gang gang
167,2022-04-29 18:58:47+00:00,@Viviane_DPR @UltimateGaucho @DestroyedVaran ptdr quoi
168,2022-04-29 18:57:29+00:00,"Jam segini, kebayang gimana rasanya bisa nonton konser DPR secara langsung. Gila-"
169,2022-04-29 18:57:09+00:00,@detikcom Leren no dadi DPR ae ndok...
170,2022-04-29 18:52:56+00:00,"Salah satu tujuan diamandemennya UUD45 adalah liberalisasi agar sumberdaya alam dg mudah bisa dikeruk.

MPR dan DPR kita disetir oleh CUKONG, sehingga setiap TAP atau Keputusannya adalah cerminan sang cukong."
171,2022-04-29 18:51:11+00:00,"Menteri Badan Usaha Milik Negara (BUMN) Erick Thohir menyampaikan terima kasih atas dukungan panitia kerja (panja) penyelamatan PT Garuda Indonesia (Persero) Tbk (GIAA) Komisi VI DPR. 

#ETKom6SolusiGaruda https://t.co/fm9ebxOraA"
172,2022-04-29 18:50:51+00:00,Tiket Pesawat Mahal Ke Aceh Anggota DPR RI Fadhlullah Protes Menteri Perhubungan https://t.co/4AHzjP5BQ5
173,2022-04-29 18:50:42+00:00,"@kangdede78 Rusak negeri ini ada komisaris bahasanya seperti ini, cc. @jokowi @DPDRI @DPR_RI @prabowo @ListyoSigitP @mohmahfudmd @mprgoid"
174,2022-04-29 18:49:36+00:00,@hilmanhfzn @jemimazahavah *jabat ketua DPR*
175,2022-04-29 18:49:15+00:00,"@txt5kebgt sbnrnya ini bkan saur, tdi perut keroncongan di dpr ada mie ydh bkin aja 😔😔"
176,2022-04-29 18:47:30+00:00,"@aklaqul_k @Dennysiregar7 Kadal tolol, yg setujuin jg pleno parlemen DPR RI https://t.co/WRmmCl7Mmp"
177,2022-04-29 18:47:22+00:00,"sudah cukupkah kasus skandal mafia kartel migor itu dijadikan alasan atau dalih hukum selain alasan atau dalih lainnya yang valid bagi DPR atau Rakyat Indonesia untuk meng""impeach"" presiden jokowi?#MigorGate#sindikatmafiakartelmigor."
178,2022-04-29 18:45:25+00:00,"Berbagi Takjil Gratis di Teupin Raya, Anggota DPR RI Fadhlullah Ternyata Kebanggan Orang Kampung https://t.co/OIxvxm1fsl"
179,2022-04-29 18:38:01+00:00,@MamaHanin3 seperti org2 di DPR?
180,2022-04-29 18:29:51+00:00,@agitthecreator ngeri ya:( btw DPR gabut amat anjir mainnya fwbess. maksudku kalau dia pengen nyari spek dewa kan bisa ga di fwbess hm
181,2022-04-29 18:26:47+00:00,@midingparon1 @ResistUA DPR Russian Flag on tank.
182,2022-04-29 18:25:15+00:00,"@conan_idn @Fahrihamzah @DPR_RI Sentimen ""soal jodoh itu tuhan yang mengatur."
183,2022-04-29 18:22:36+00:00,DPR Live
184,2022-04-29 18:22:35+00:00,Autokritik Puan untuk Kinerja Legislasi DPR https://t.co/pghahjQtC1
185,2022-04-29 18:21:43+00:00,"Ketua DPR RI Puan Maharani mengatakan, pada November tahun 2020 lalu ia sempat meninjau langsung renovasi Masjid Istiqlal."
186,2022-04-29 18:21:40+00:00,"Ada berapa organisasi advocat di Indonesia ? Apa itu bukan organisasi keprofesian ?
Kalau advocat boleh banyak organisasi knapa dokter ga boleh ?
@DPR_RI 
@DPDRI 
@officialMKRI 
@mohmahfudmd 
@ReflyHZ 
@Yusrilihza_Mhd 
@jokowi"
187,2022-04-29 18:21:09+00:00,Lingkar Madani: Autokritik Puan untuk kinerja legislasi DPR - ANTARA News https://t.co/65w9cReVaH  ~ Puan Keren
188,2022-04-29 18:21:09+00:00,Lingkar Madani: Autokritik Puan untuk kinerja legislasi DPR - ANTARA News https://t.co/9SoHhUhH88
189,2022-04-29 18:21:09+00:00,Lingkar Madani: Autokritik Puan untuk kinerja legislasi DPR - ANTARA News https://t.co/ZMRlnrb8iT  ~ Puan Mantul
190,2022-04-29 18:21:09+00:00,Lingkar Madani: Autokritik Puan untuk kinerja legislasi DPR - ANTARA News https://t.co/XKFDfCFiCw  ~ Puan Top
191,2022-04-29 18:21:09+00:00,Lingkar Madani: Autokritik Puan untuk kinerja legislasi DPR - ANTARA News https://t.co/d2aZ4UieRN ~ Puan Keren
192,2022-04-29 18:21:09+00:00,Lingkar Madani: Autokritik Puan untuk kinerja legislasi DPR - ANTARA News https://t.co/0V60Yld1KO
193,2022-04-29 18:21:05+00:00,"Ketua DPR Puan Maharani , turut bangga atas atas penghargaan sertifikat Excellence in Design for Greater Efficiencies (EDGE) kepada Masjid Istiqlal ."
194,2022-04-29 18:19:48+00:00,Puan mengaku ingin fokus kerja sebagai ketua DPR dalam mengawal kebijakan pemerintah demi kepentingan masyarakat.
195,2022-04-29 18:19:30+00:00,"Ketua DPR, Puan Maharani mengaku tidak ingin terpangaruh dengan hasil survei calon presiden (capres) pada Pilpres 2024 yang dirilis sejumlah lembaga survei."
196,2022-04-29 18:19:03+00:00,Menurut Ketua DPR RI Puan Maharani yang terpenting adalah tetap menjalan kerja-kerja untuk kesejahteraan masyarakat.
197,2022-04-29 18:16:58+00:00,"“Aspirasi mahasiswa tadi juga sudah diterima DPR dalam pertemuan perwakilan mahasiswa dengan pimpinan DPR,” –Puan Maharani"
198,2022-04-29 18:15:05+00:00,"Lune nyari adek, rep ae nanti gua dm, ini dpr ian"
199,2022-04-29 18:14:35+00:00,"@FWBESS Ada Om² DPR blunder... 

Buat yg ngerti ajah 😅😅😜
https://t.co/GENM0vY8jf"
200,2022-04-29 18:14:30+00:00,DPR Minta Kemenkes Selektif dalam Pengadaan Vaksinasi: Hindari Vaksin Kedaluwarsa https://t.co/PztpaTwCxu
201,2022-04-29 18:14:20+00:00,Masa iya admin @FWBESS bisa kenal sama om2 DPR. Kalian disogok berapa woy sama mereka? 😂😂😂😂
202,2022-04-29 18:13:31+00:00,"@ALarenk @democrazymedia Loh emang tugas DPR apa? Pada gak ngerti,payah🤦‍♀️ ngerti nya bansos doang 🤣 segitu di awasin ,di kritik juga anggaran nambah tempat duduk berkurang 😆 nonton nya di LED besar lagi 
Komen tuh yang cerdasan dikit biar gak malu"
203,2022-04-29 18:12:26+00:00,DPR WE GANG GANG
204,2022-04-29 18:09:47+00:00,@Viviane_DPR Banger
205,2022-04-29 18:08:27+00:00,"@detikcom Selama ibu puan menjadi ketua DPR rakyat semakin hari semakin menderita dan tidak ada kedudukan di mata DPR, usulan rakyat di tiadakan, sekarang merayu rakyat
Terlambat SDH"
206,2022-04-29 18:06:43+00:00,@Argo00449750 Kemarin saja Pak Jokowi dan bu Sri mau menyita aset koruptor ditolak sama DPR? Curiga jgn2 sarangnya disana lagi😎😎
207,2022-04-29 18:06:36+00:00,"@Yuliant95452148 @democrazymedia @ocin71 Artinya kalau ada yang bilang"" minyak goreng "" mahal!! Pak jokowi boleh dong bilang gak usah beli😛 gila bangsa ini 😪 DPR itu tugasnya mengkritik kebijakan pemerintah 

Pejabat publik kok ngomong nya kaya tukang kambing ya? Emang gak pake APBD ntu duit?"
208,2022-04-29 18:06:05+00:00,"Anggota DPR RI ingatkan BSI agar mesin ATM berfungsi maksimal selama Idulfitri

 #atm #Bsi #Demokrat #dprri #popularitascom
https://t.co/yTAuX3k2RO"
209,2022-04-29 18:04:48+00:00,@buulannovember Klo g bawa2 predikat DPR juga keknya gabakal mikir aneh kek yaudah give away om om.
210,2022-04-29 18:04:19+00:00,"@DaengWahidin2 @Nicho_Silalahi @msaid_didu @m_mirah @__Sridiana_3va @OposisiCerdas @CNNIndonesia @aguswidarto13 @Sautaritonang12 @fahiraidris @mprgoid @DPR_RI @tamsilinrung @LaNyallaMM1 Ngapain ada wakil rakyat yg tidak mewakili rakyat, ya wajar klo di bubarin, krn tidak sesuai TUPOKSI adanya wakil rakyat di DPR"
211,2022-04-29 18:02:38+00:00,New QSO:PD1B-&gt;RM0L/P9  (DPR of Korea) USB 20m 8234km #hrdlognet
212,2022-04-29 17:58:08+00:00,"https://t.co/MzmPlxhYW7, JAKARTA -- Ketua Komisi V DPR Lasarus mengatakan, jumlah pemudik saat Ramadhan dan Idul Fitri tahun ini akan melonjak ketimbang dua tahun terakhir. Ia meminta agar pemerintah mengantisipasi...
https://t.co/ozF9iOMl8F"
213,2022-04-29 17:57:15+00:00,"#Repost @kementerian.atrbpn 
Kementerian Agraria dan Tata Ruang/Badan Pertanahan Nasional (ATR/BPN) bersama Komisi II Dewan Perwakilan Rakyat Republik Indonesia (DPR RI) menyelenggarakan kegiatan Sosialisasi Program Strategis Nasional (PSN) Kementerian...

https://t.co/4gyhoef5xU https://t.co/C7PqLrORLf"
214,2022-04-29 17:53:16+00:00,@ANYUJINew dah jadi anggota dpr
215,2022-04-29 17:47:10+00:00,"@Ardiesuhardi1 @Fossil2022T @alatif34974250 @GoyaJikko @Laila_Nn22 @BklTohir @Hilmi28 Bisa jadi Presiden , fakta kok , kl pun PDIP g mo calon in, partai lain pasti nyamber, jelas2 itu partai perlu suara , &amp;  perlu p Jokowi buat naikin kursi d DPR wkwkwkwk"
216,2022-04-29 17:46:42+00:00,"Setelah nonton cuplikan vid2 politik, saya menyatakan di Usia menuju 31 th ini saya masih tidak tahu peran DPR, MPR, Menteri dan DPRD. Sumpah Billahi..."
217,2022-04-29 17:46:34+00:00,"#BeritaSampit
Autokritik Puan untuk Kinerja Legislasi DPR https://t.co/mBncbFKhYp JAKARTA-- Ketua DPR RI Puan Maharani meminta kepada para anggota Dewan agar tolok ukur program legislasi yang dirumuskan DPR tidak berda... https://t.co/Ky1neMZijM"
218,2022-04-29 17:44:30+00:00,"Anggota DPR RI Ingatkan BSI Berfungsi Maksimal Selama Idul Fitri, https://t.co/2fPb7K8Uy4"
219,2022-04-29 17:43:40+00:00,@Suka2penguasa @msaid_didu @DaengWahidin2 @__Sridiana_3va @Nicho_Silalahi @m_mirah @CNNIndonesia @OposisiCerdas @darmintodjuremi @RamliRizal @democrazymedia @EmnurBang @FauziBuya @fahiraidris @LaNyallaMM1 @DPR_RI @mprgoid Kerja kerja kerja… 😅
220,2022-04-29 17:39:40+00:00,"Hallo pak Polisi @DivHumas_Polri @CCICPolri @ListyoSigitP @mohmahfudmd @jokowi @Puspen_TNI kapan DITANGKAP ini Orang yg mau MAKAR mau mengepung Istana Negara dan Gedung @DPR_RI katanya.

Terus berulang PROVOKASI nya karena gak pernah ada tindakan tegas dari Aparat hukum/Polisi. https://t.co/RWHBMJWC65"
221,2022-04-29 17:37:42+00:00,dpr = dapat Pangilinan-Robredo
222,2022-04-29 17:34:52+00:00,@ambudaff Si bohay numpang lewat https://t.co/ISXGDcHwsB
223,2022-04-29 17:32:24+00:00,@xxsheychan @sadbitchygirl @tvindonesiawkwk Coba dibaca dulu UU-nya
224,2022-04-29 17:32:05+00:00,Puan Maharani Minta Tolok Ukur Program Legislasi yang Dirumuskan DPR Berdasarkan ... https://t.co/q1CuquD0Yy ~ PM
225,2022-04-29 17:32:05+00:00,Puan Maharani Minta Tolok Ukur Program Legislasi yang Dirumuskan DPR Berdasarkan ... https://t.co/elcycT32g4 ~ Puan
226,2022-04-29 17:32:05+00:00,Puan Maharani Minta Tolok Ukur Program Legislasi yang Dirumuskan DPR Berdasarkan ... https://t.co/pAQWFoxjJz  | Puan
227,2022-04-29 17:32:04+00:00,Puan Maharani Minta Tolok Ukur Program Legislasi yang Dirumuskan DPR Berdasarkan ... https://t.co/UnStBiDCz2  ~ Puan Ketua DPR
228,2022-04-29 17:32:03+00:00,Ray Rangkuti Minta Puan Maharani Harus Bisa Memastikan DPR soal Pembuatan UU yang Bermutu https://t.co/zq5E1e4e97 ~ PM
229,2022-04-29 17:32:03+00:00,Ray Rangkuti Minta Puan Maharani Harus Bisa Memastikan DPR soal Pembuatan UU yang Bermutu https://t.co/hhnZZZN1j8 ~ Puan
230,2022-04-29 17:32:03+00:00,Ray Rangkuti Minta Puan Maharani Harus Bisa Memastikan DPR soal Pembuatan UU yang Bermutu https://t.co/IFAYUq9KIJ  | Puan
231,2022-04-29 17:32:03+00:00,Ray Rangkuti Minta Puan Maharani Harus Bisa Memastikan DPR soal Pembuatan UU yang Bermutu https://t.co/7cLL9zRJJu  ~ Puan Ketua DPR
232,2022-04-29 17:30:57+00:00,"Menteri Badan Usaha Milik Negara (BUMN) Erick Thohir menyampaikan terima kasih atas dukungan panitia kerja (panja) penyelamatan PT Garuda Indonesia (Persero) Tbk (GIAA) Komisi VI DPR. 

#ETKom6SolusiGaruda https://t.co/sW3aJJ9DFV"
233,2022-04-29 17:30:23+00:00,Ini Kata Anggota DPR RI ke Kemenkes Soal Vaksin Kedaluwarsa https://t.co/g5qh39qVie
234,2022-04-29 17:29:43+00:00,Autokritik Ketua DPR Disebut untuk Kinerja Legislasi https://t.co/Bvkali16TU
235,2022-04-29 17:28:38+00:00,"@democrazymedia Wanjir sdh jadi ketua dpr masih aja jualan kampanye..
Kerja yg benar bisa gak se.."
236,2022-04-29 17:28:11+00:00,@fatrajunet DPR apa maksudnya?
237,2022-04-29 17:27:07+00:00,@tokopeddia Ayo marah ke dpr
238,2022-04-29 17:27:02+00:00,"Ketua DPR RI, Puan Maharani, meminta pemerintah segera mengantisipasi peningkatan risiko ekonomi global imbas perang Rusia-Ukraina."
239,2022-04-29 17:25:12+00:00,"Selama terobosan tentara Rusia, hujan api jatuh dari langit lewat serangan Artileri &amp; *Rudal Kalibre*
di posisi parit² Nazi Azov di distrik Limansky DPR.

Militer Ukraina yang ketakutan bergegas menyelamatkan diri melalui ladang' meninggalkan banyak peralatan tempur mereka. https://t.co/Ztlo2hUU85"
240,2022-04-29 17:19:52+00:00,"@SisiwittFrida Mengelola keuangan keluarga adalah miniatur mengelola keuangan Negara,utang jika digunakan utk yg produktif maka akan menghasilkan profit,beda klo utang digunakan utk konsumtif dan utk dikorupsi, ada DPR yg mengawasi pemerintah,silahkan digunakan fungsi budgeter dan kontrolnya"
241,2022-04-29 17:19:37+00:00,@detikcom Di ajak sita hasil koruptor saja gk mau...gitu kok PD jadi ketua DPR 😡😡
242,2022-04-29 17:18:16+00:00,Yulian Gunhar Anggota Komisi VII DPR RI Apresiasi Langkah Tegas Pemerintah Stip Ekspor CPO https://t.co/SqdAS8KUax
243,2022-04-29 17:18:15+00:00,rambut chan hari ini tu kek wkt dia chans room lg puter lagu laputa dpr
244,2022-04-29 17:14:50+00:00,"@tvindonesiawkwk APA KABAR YANG ANGGOTA DPR NONTON B*KEP WAKTU RAPAT TAPI GA DIHUKUM APA"""
245,2022-04-29 17:14:15+00:00,@shephile aku ada tincase dpt pc set + toploader 30k dom jkt dp 10k udh fix dpr
246,2022-04-29 17:08:36+00:00,"Setelah di hujani Artileri berat,
*Parit² pertahanan Milisi Azov*
Lalu di gempur pasukan darat oleh Pasukan Khusus Rusia &amp; DPR,

Di dekat Aleksandrovka,
pinggiran barat bendungan Muara Dnieper-Bug, lebih dari 30 prajurit dari kompi (mekanik ke-8 Ombre) Tentara Ukraina Tewas, https://t.co/0C4r1ECbGQ"
247,2022-04-29 17:05:21+00:00,"@Gi_Grey Tante tante DPR bjjimana 🙄🤔

Salam sehat bro sis 🥳"
248,2022-04-29 17:04:18+00:00,"janji janji sj, dpr kh u?"
249,2022-04-29 17:02:28+00:00,"@DaengWahidin2 @Abul07754639 @Nicho_Silalahi @msaid_didu @m_mirah @OposisiCerdas @CNNIndonesia @RamliRizal @SMuheka @democrazymedia @EmnurBang @Sautaritonang12 @mprgoid @DPR_RI Real estate,mall,pabrik,resto dikuasai cina &amp; bule,pribumi cuma jadi pekerja yg dibayar upah minimum,kesalahan ada di para pejabat/asn yg cuma terima bayaran dr sewa lahan tp pribumi dijadiin sapi perahan oleh para investor"
250,2022-04-29 17:02:03+00:00,"Skrg banyak yg trbalik mikirnya,yg tukang fitnah, tukang vonis ini itu ngaku paling pancasilais,yg motong gaji DPR nya buat bantu Rakyat,tolak kenaikan gas 3kg,TDL 900 &amp; dan1200 krn mikirin Rakyat dituduh ganti pancasila, iki opo,?"
251,2022-04-29 17:00:24+00:00,@FWBESS DPR? Ha?
252,2022-04-29 16:58:33+00:00,"@_BangFu Yakali dah bang, diparlemen Dpr aja gak masuk, suaranya kecil"
253,2022-04-29 16:54:53+00:00,"Mosi Tidak Percaya Kepada DPR RI, Bubarkan Kabinet Jokowi Makruf, Reshuflle Presiden+Wapres, KEDAULATAN RAKYAT ITU MASIH ADA...!!!! @Nicho_Silalahi @msaid_didu @m_mirah @OposisiCerdas @CNNIndonesia @RamliRizal @SMuheka @democrazymedia @EmnurBang @Sautaritonang12 @mprgoid @DPR_RI https://t.co/3nKcB1LHgW"
254,2022-04-29 16:54:32+00:00,Autokritik @PuanMaharani_RI [#PuanMaharani]Maharani untuk Peningkatan Kinerja Legislasi DPR - Kabar Banten - Kabar Banten https://t.co/2iPaRP8yms
255,2022-04-29 16:48:57+00:00,Autokritik Puan Maharani untuk Peningkatan Kinerja Legislasi DPR https://t.co/aRqxbN0STu
256,2022-04-29 16:47:06+00:00,dpr ian ft CL and jackson 🤞🏻
257,2022-04-29 16:45:15+00:00,"@vnillakiss makanya, aku gak yakin itu DPR beneran dah, gamungkin ada anggota DPR segoblok itu, atau pihak base juga segoblok itu

buat rame2an aja paling"
258,2022-04-29 16:44:57+00:00,@dpr_yian bener uga 🤣
259,2022-04-29 16:42:12+00:00,"Kapal Tanker Dinakhodai Warga China Angkut Minyak CPO Ditangkap TNI AL, Komisi V DPR Desak Diusut Tuntas
https://t.co/6IaaehYuAv"
260,2022-04-29 16:40:53+00:00,"@reinanbraun weheheheheeheh biar gak pada spaneng2 amat sama duit 5jt

mana ada sih dpr segoblok itu"
261,2022-04-29 16:40:23+00:00,"Dikira rakyat cilik cuma di Jateng? Jabatan ketua DPR RI loh, RI, Republik Indonesia. 
Jika niat bantu wong cilik yo merata sekalian, semua daerah di Indonesia."
262,2022-04-29 16:38:31+00:00,Apa??? Lo catut nama DPR??? Lo pikir lucuuu???
263,2022-04-29 16:35:20+00:00,"@msaid_didu @bpkri @DPR_RI Sebelum pimpinan lembaga ini dipilih oleh DPR juga sudah sering ada kasus suap terkait temuan. Ini sudah rahasia umum. Mnrt catatannya msh dlm bui a.l. ada Rizal, Ali Sadeli, Sigit dll."
264,2022-04-29 16:32:55+00:00,@detikcom Yg ga beretika adalah saat rapat di DPR nonton BOKEP...
265,2022-04-29 16:32:11+00:00,"@aryobimmo @DaengKayo89 @RajaJuliAntoni @sigitwid @psi_id Anggota PSI kalo Udeh ada yang salah pinter ngeles sna ngeles sini,,ngeri2 sedap juga kalo masuk parlemen DPR,,kalo lelaki mah gentle temen ente kalo salah tinggal minta maaf jangan gengsi,,rakyat udh gak bisa di bodoh2in kisanak"
266,2022-04-29 16:30:03+00:00,Maman Abdurrahman: Sampai Sekarang di DPR Belum Ada Pembahasan Naikkan Harga LPG 3 Kg https://t.co/KbBoeP43ic
267,2022-04-29 16:28:56+00:00,"Wakil rakyat yang namanya DPR itu tidak bicara dan kerja untuk rakyat. Layaknya, kita sebut wakil apa?"
268,2022-04-29 16:27:18+00:00,"@ay_dpr Wakakak kagak kok bu, aman kok aku.
Bukan begitu kah @restyles__ 😆"
269,2022-04-29 16:26:18+00:00,"@ay_dpr Maacih kakaaa ayuuu, lope lopenya mas kiel wkw"
270,2022-04-29 16:25:57+00:00,yo con la dpr gang
271,2022-04-29 16:25:03+00:00,Anggota DPR RI Andre Rosiade mengapresiasi soft approach Densus 88 Antiteror dalam menangani penyebaran kelompok Negara Islam Indonesia (NII) di Sumbar #NIISumbar https://t.co/cT62QKaDaw
272,2022-04-29 16:20:10+00:00,Lingkar Madani Apresiasi Autokritik Puan Maharani Untuk Kinerja Legislasi DPR - Harian Haluan https://t.co/HGjwKW0Jhl  ~ Puan Ketua DPR
273,2022-04-29 16:20:09+00:00,Anggota DPR RI Harris Turino Bantu Pengembangan Wisata Tuk Sirah Kali Pemali - https://t.co/VfjBdK0mqn https://t.co/uegn37K8ZW  ~ Puan Ketua DPR
274,2022-04-29 16:20:07+00:00,Anggota Komisi VI DPR Minta Jasa Marga Pastikan Kelancaran Arus Mudik di Jalan Tol - Tribun https://t.co/Vy1lar59Uy  ~ Puan Ketua DPR
275,2022-04-29 16:20:06+00:00,Autokritik Puan untuk Kinerja Legislasi DPR - Realita Rakyat https://t.co/9Q1mbRGYhQ  ~ Puan Ketua DPR
276,2022-04-29 16:20:05+00:00,Puan Maharani Minta Anggota DPR Jadikan Tolok Ukur Program Legislasi Berdasarkan ... https://t.co/eIId9uF8Ud  ~ Puan Ketua DPR
277,2022-04-29 16:20:02+00:00,"PDSI Muncul Jadi Tandingan IDI, DPR: Nasi Sudah Jadi Bubur… - https://t.co/kPF5IQadHW https://t.co/wWfRDIeeTb  ~ Puan Ketua DPR"
278,2022-04-29 16:15:59+00:00,#kopisusu.@susi pujdjiastuti.sangat setuju klau bubarkan kementrian  perdagangan.DPR jg bubar kan krn sumber kesusahan rakyat.(korupsi)
279,2022-04-29 16:14:21+00:00,"@HAECANNlE WKWK KENAPA SNAPGAH. 😂 i love DPR IAN song's vibe! martini blue by DPR LIVE currently the number one for me, udah pernah dengerin belumm?"
280,2022-04-29 16:13:36+00:00,Pengamat Apresiasi Puan Maharani yang Berani Melakukan Autokritik Kinerja Legislasi DPR RI https://t.co/gva4bq9W9K ~ Puan Keren
281,2022-04-29 16:13:35+00:00,Pengamat Apresiasi Puan Maharani yang Berani Melakukan Autokritik Kinerja Legislasi DPR RI https://t.co/2l52GnvQlr
282,2022-04-29 16:13:35+00:00,Pengamat Apresiasi Puan Maharani yang Berani Melakukan Autokritik Kinerja Legislasi DPR RI https://t.co/soKJqzaXeE
283,2022-04-29 16:13:35+00:00,Pengamat Apresiasi Puan Maharani yang Berani Melakukan Autokritik Kinerja Legislasi DPR RI https://t.co/4M79AmAJBk  ~ Puan Top
284,2022-04-29 16:10:10+00:00,"@abu_waras yakin diem?
anggota dpr bnyk yg protes tuh
buktinya kemaren mendag dipanggil.
dan dirjen ditahan"
285,2022-04-29 16:09:54+00:00,Masok.usul 1000 % pak.yg bikin susah dan mlarat raktat ya itu.DPR.Dan lain2.cocok
286,2022-04-29 16:08:15+00:00,dpr we gang gang
287,2022-04-29 16:07:54+00:00,Yg main d jagung dlln.itu org2 pemerintah pak(dpr.mentri2 dan kroni2 x)
288,2022-04-29 16:07:50+00:00,"@onedayxne95 @LUNERPW //: gak boleh, DPR Iannya sendiri yang ngomong. He doesn't want to called daddy or something like that, cocok gimana coba?"
289,2022-04-29 16:07:07+00:00,"Pelepasan dan pemberangkatan Mudik Lebaran Gratis bersama SAFA di kompleks DPR RI, 29  April 2022. https://t.co/40igif6TJV"
290,2022-04-29 16:04:31+00:00,"@KompasTV Mas Putin kirim 2 misile ke Indonesia ya, satu utk mafia migor satu lagi utk DPR."
291,2022-04-29 16:03:46+00:00,@LUNERPW //: loh kok nyari fwb fwa? DPR Ian bukannya gak boleh NSFW?????
292,2022-04-29 16:03:37+00:00,@dakyunglokal @ambudaff Bentar lagi join PKB neh biar jadi anggota DPR
293,2022-04-29 16:02:46+00:00,"Ini Bukan Kesederhanaan Tapi Ini Pencitraan Yang Membuat Bangsa Ini Konyol Porakporanda

Wooy @DPR_RI Apakah Negara Tidak Bemberikan Pasilitas Terhadap Segala Kebutuhan Persiden ?

Iriana Jokowi Pakai Sandal Jepit saat Temani Jokowi Kunjungan Kerja,
https://t.co/crhTxd1DSn https://t.co/SMlTYFpUlb"
294,2022-04-29 16:02:10+00:00,@LeniMar58885485 @Suka2penguasa @msaid_didu @DaengWahidin2 @__Sridiana_3va @Nicho_Silalahi @m_mirah @CNNIndonesia @OposisiCerdas @darmintodjuremi @RamliRizal @democrazymedia @EmnurBang @FauziBuya @fahiraidris @LaNyallaMM1 @DPR_RI @mprgoid Korupsi bansos berapa ya ? Hambalang mah recehan dibanding jiwasraya
295,2022-04-29 15:59:46+00:00,Lahhh ini mah template orasi calon dpr 😃😃
296,2022-04-29 15:59:43+00:00,@namjoohyukvid bisa aja dpr ian
297,2022-04-29 15:52:08+00:00,Puan Maharani Minta Anggota DPR Jadikan Tolok Ukur Program Legislasi Berdasarkan ... https://t.co/CaH7Mi7qDm ~ Puan Keren
298,2022-04-29 15:52:08+00:00,Puan Maharani Minta Anggota DPR Jadikan Tolok Ukur Program Legislasi Berdasarkan ... https://t.co/02MgOdiGQL
299,2022-04-29 15:52:07+00:00,Puan Maharani Minta Anggota DPR Jadikan Tolok Ukur Program Legislasi Berdasarkan ... https://t.co/A01zyHYgZJ  ~ Puan Mantul
300,2022-04-29 15:52:07+00:00,Puan Maharani Minta Anggota DPR Jadikan Tolok Ukur Program Legislasi Berdasarkan ... https://t.co/uOHcdkuvYB
301,2022-04-29 15:52:07+00:00,Puan Maharani Minta Anggota DPR Jadikan Tolok Ukur Program Legislasi Berdasarkan ... https://t.co/dN5WjVEcZy  ~ Puan Top
302,2022-04-29 15:52:06+00:00,"Puan Dorong Kualitas UU sebagai Tolok Ukur Kinerja Legislasi DPR, Pengamat: Mungkin Autokritik https://t.co/0Il0aFxwfQ ~ Puan Keren"
303,2022-04-29 15:52:06+00:00,"Puan Dorong Kualitas UU sebagai Tolok Ukur Kinerja Legislasi DPR, Pengamat: Mungkin Autokritik https://t.co/66L3IPHXQh"
304,2022-04-29 15:52:06+00:00,"Puan Dorong Kualitas UU sebagai Tolok Ukur Kinerja Legislasi DPR, Pengamat: Mungkin Autokritik https://t.co/FxQJbIAPMa  ~ Puan Mantul"
305,2022-04-29 15:52:06+00:00,"Puan Dorong Kualitas UU sebagai Tolok Ukur Kinerja Legislasi DPR, Pengamat: Mungkin Autokritik https://t.co/wgh7qm9Fsf  ~ Puan Keren"
306,2022-04-29 15:52:06+00:00,"Puan Dorong Kualitas UU sebagai Tolok Ukur Kinerja Legislasi DPR, Pengamat: Mungkin Autokritik https://t.co/OBkiuEWXSo"
307,2022-04-29 15:52:06+00:00,"Puan Dorong Kualitas UU sebagai Tolok Ukur Kinerja Legislasi DPR, Pengamat: Mungkin Autokritik https://t.co/Ll2mYQfmm9  ~ Puan Top"
308,2022-04-29 15:52:03+00:00,Anggota DPR minta DKI bangun rumah korban kebakaran Pasar Gembrong https://t.co/Mwc0mJNTjJ
309,2022-04-29 15:51:29+00:00,@anak_baiq Dpr aja kuy
310,2022-04-29 15:50:55+00:00,"Menko Airlangga Hartarto, Bapak Sedang Mengoordinasi Apa atau Siapa?

@DPR_RI @DPDRI @KejaksaanRI @kokokdirgantoro @DivHumas_Polri 
@Kemendag @PerekonomianRI
@JubirPresidenRI @jokowi
https://t.co/ucIBumlLtQ via @SintesaNews"
311,2022-04-29 15:50:29+00:00,DPR LIVE • HONG DABIN • 💣 https://t.co/Fn3aPLxsl9
312,2022-04-29 15:50:02+00:00,"Anggota DPR minta Kemenkes selektif pengadaan vaksin COVID-19

#PaouanLivesMatter 
#Papua
https://t.co/KIfAMIM7Vu"
313,2022-04-29 15:50:00+00:00,dpr in bangkok when ???😭
314,2022-04-29 15:49:24+00:00,@DaengWahidin2 @Nicho_Silalahi @msaid_didu @m_mirah @__Sridiana_3va @OposisiCerdas @CNNIndonesia @aguswidarto13 @Sautaritonang12 @fahiraidris @mprgoid @DPR_RI @tamsilinrung @LaNyallaMM1 Bubarin aja bang 👍
315,2022-04-29 15:48:56+00:00,Jangan Pilih Ketua DPR Tersangkut Korupsi. Berikut ini Setya Novanto Korupsi Baca selengkapnya. https://t.co/sZ20eGH9m5
316,2022-04-29 15:48:20+00:00,Cita cita gue adalah beli gedung dpr
317,2022-04-29 15:45:49+00:00,@Cilorconnoistre Dpr beneran maen fwb???
318,2022-04-29 15:43:18+00:00,@NephiLaxmus Menyatukan suara di DPR mah ngga perlu radikal-radikul. Cukup power sharing aja. Kasih jatah mentri. Setelah menang 2x sebenarnya Jokowi ngga berkepentingan dengan fear mongering. Harusnya udah mengedepankan rekonsiliasi. Tapi ada yg masih butuh.
319,2022-04-29 15:41:38+00:00,Mau jd gorden DPR biar dapet budget 2 milyar https://t.co/hBsBuPVebK
320,2022-04-29 15:40:48+00:00,Autokritik Puan untuk Kinerja Legislasi DPR   https://t.co/QPDFKyKWHZ
321,2022-04-29 15:40:27+00:00,@DPR_tIAN @LUNERPW hah???? ga salah nih??? serius?
322,2022-04-29 15:39:28+00:00,@hamaro_id @AniesIndonesia @PemprovJatengID @DKIJakarta @KPK_RI @KejaksaanRI @kemendagri @dprddkijakarta @DPR_RI Itu relawan mana mau keluarin duit? Yang ada pada cari duit....
323,2022-04-29 15:35:37+00:00,"@CanadianUkrain1 DPR/LPR soldier, not Russian.."
324,2022-04-29 15:34:15+00:00,"@awemany Sependek pengamatan, root causenya paradigma yg berbeda: mekanisme sharing power dan check balance dianggap sbg penghambat (pembangunan), maka DPR dikuasai (melalui partai) dan komisi2 terutama KPK dilemahkan."
325,2022-04-29 15:30:10+00:00,"@ChusnulCh__ @SisiwittFrida @SBYudhoyono @AgusYudhoyono Wahh ini gak jelas, ya.
Tunjukkan dimana diatur Ketua Umum Partai mengendalikan dan mengatur menteri, ketua DPR, Presiden, Gubernur. TIDAK ADA WEWENANG seperti itu. Konstitusi tidak ada. UU tidak ada. AD-ART PARTAI. Dasar asbun"
326,2022-04-29 15:30:05+00:00,@rentfess Kalo dpr ian keingetnya langsung kak Lou. Tapi kak Lou sedang rest. Semoga nemu yang cocok ya sender.
327,2022-04-29 15:29:27+00:00,@SisiwittFrida @Megatop99 Maaf nih ye SBY pernah jadi Ketum PD ….jadi kalau ada anggota DPR…Menteri yg korupsi  itu yg suruh KETUM ya….apakah betul….wkwkwk
328,2022-04-29 15:29:24+00:00,"@jafvierr jdi dpr aja jaf, bisa leye"" pas kerja"
329,2022-04-29 15:29:03+00:00,Lingkar Madani Apresiasi Sikap Autokritik Puan Maharani Untuk Kinerja Legislasi DPR https://t.co/TXfDBarWne
330,2022-04-29 15:28:44+00:00,"Keberuntungan jadi klan soekarno
Bisa jd pimpinan DPR padahal ngk punya prestasi
Sampai rakyatpun ngk mengenalnya https://t.co/q7Ci4AEl2u"
331,2022-04-29 15:27:18+00:00,@SK_HSoohe94 @LUNERPW Kalo ganteng lu laki yur
332,2022-04-29 15:27:09+00:00,@SK_HSoohe94 @LUNERPW Gua mah ngajarinnya buat memberi yur bukan malak
333,2022-04-29 15:27:04+00:00,@rofibrahim @ramaidoooo Dpr hatkor
334,2022-04-29 15:26:07+00:00,@jaechvan Wah iya lagi anu anu makannya sebadan haha ya gmana sayang lagi cari cuan
335,2022-04-29 15:25:44+00:00,"@jaechvan Pacar ini yg di jilatin, bukan orng lain wkwkw"
336,2022-04-29 15:24:42+00:00,@AddyDjulizal @puanmaharani_ri @DPR_RI @jokowi Nanya doang om...😂✌️
337,2022-04-29 15:24:14+00:00,@KompasTV Jadi ketua DPR cuma karena Anaknya mak lampir
338,2022-04-29 15:23:03+00:00,DPR RI harus segera mengesahkan RUU PPRT sebagai payung hukum melindungi para pekerja rumah tangga atau PRT di Indonesia. #PRT https://t.co/IMqbENEfZE
339,2022-04-29 15:22:48+00:00,"@democrazymedia Lebih mahal mana dg biaya Gorden DPR tiap rumah 80 juta ?
Itu Gorden terbuat dari emas atau intan ?"
340,2022-04-29 15:18:00+00:00,@detikcom Ketua DPR apa kerjanya...gak pernah dengar prestasinya
341,2022-04-29 15:17:11+00:00,@DPR_tIAN @LUNERPW saya cantik oppa 😇
342,2022-04-29 15:17:00+00:00,@DPR_tIAN @LUNERPW sadar diri doong kan oppa yg ngajarin
343,2022-04-29 15:16:19+00:00,"@catitaliste Kalau dari jurnal karya pak anies, golkar demokrat pkb termasuk muslim friendly karena nyatanya banyak mendukung legislasi syariah. Satu satunya yang ga muslim friendly di dpr hanya pdip, di dki ketambahaj psi"
344,2022-04-29 15:16:01+00:00,"@Reiza_Patters @ganjarpranowo Itu klo pake APBD, yg protes itu malah ketua DPR, Ketum PDIP, ketua DPD jateng, dan DPRD,.. sepertinya tdk pakai uang itu...."
345,2022-04-29 15:15:46+00:00,"dpr we gang gang
 https://t.co/ehj8yLRJRS"
346,2022-04-29 15:13:25+00:00,Harvey Malaiholo Anggota DPR?? Diduga Menonton Video Porno Saat Rapat di Gedung DPR RI https://t.co/whIm6BefrG
347,2022-04-29 15:11:41+00:00,@DaengWahidin2 @Nicho_Silalahi @msaid_didu @m_mirah @__Sridiana_3va @CNNIndonesia @OposisiCerdas @darmintodjuremi @RamliRizal @democrazymedia @EmnurBang @FauziBuya @fahiraidris @LaNyallaMM1 @DPR_RI @mprgoid Yg dimention komennya mana nih
348,2022-04-29 15:10:44+00:00,Anggota DPR minta Kemenkes selektif pengadaan vaksin COVID-19 - ANTARA News https://t.co/8aMcaFY3X5 ~ Puan
349,2022-04-29 15:10:43+00:00,Anggota DPR minta Kemenkes selektif pengadaan vaksin COVID-19 - ANTARA News https://t.co/QL8NOQGHjd -&gt; Puan
350,2022-04-29 15:10:43+00:00,Anggota DPR minta Kemenkes selektif pengadaan vaksin COVID-19 - ANTARA News https://t.co/aRcJ6456Mo  ~ Puan Maharani
351,2022-04-29 15:10:43+00:00,Anggota DPR minta Kemenkes selektif pengadaan vaksin COVID-19 - ANTARA News https://t.co/mYfenMWKgp  | Puan
352,2022-04-29 15:10:43+00:00,Anggota DPR minta Kemenkes selektif pengadaan vaksin COVID-19 - ANTARA News https://t.co/ZlqVgmfbq5 ~ PM
353,2022-04-29 15:10:42+00:00,"Puan Dorong Kualitas UU sebagai Tolok Ukur Kinerja Legislasi DPR, Pengamat: Mungkin Autokritik https://t.co/r4p22EkUKj ~ Puan"
354,2022-04-29 15:10:42+00:00,"Puan Dorong Kualitas UU sebagai Tolok Ukur Kinerja Legislasi DPR, Pengamat: Mungkin Autokritik https://t.co/IRbxVPWmRM -&gt; Puan"
355,2022-04-29 15:10:42+00:00,Anggota DPR minta Kemenkes selektif pengadaan vaksin COVID-19 - ANTARA News https://t.co/fU1ZqFdktV ~ Puan Keren
356,2022-04-29 15:10:42+00:00,Anggota DPR minta Kemenkes selektif pengadaan vaksin COVID-19 - ANTARA News https://t.co/Nc21tGJbCL  ~ Puan Ketua DPR
357,2022-04-29 15:10:42+00:00,"Puan Dorong Kualitas UU sebagai Tolok Ukur Kinerja Legislasi DPR, Pengamat: Mungkin Autokritik https://t.co/fiP6SdSwPO  ~ Puan Maharani"
358,2022-04-29 15:10:42+00:00,"Puan Dorong Kualitas UU sebagai Tolok Ukur Kinerja Legislasi DPR, Pengamat: Mungkin Autokritik https://t.co/Uc76ydZR3J  | Puan"
359,2022-04-29 15:10:42+00:00,"Puan Dorong Kualitas UU sebagai Tolok Ukur Kinerja Legislasi DPR, Pengamat: Mungkin Autokritik https://t.co/8lAcnMeDmz ~ PM"
360,2022-04-29 15:10:41+00:00,"Kemacetan di Beberapa Ruas Tol, Komisi III DPR: Euforia Kangen Mudik - https://t.co/Gbf9QxX0kt https://t.co/stZjeVVE6z ~ Puan"
361,2022-04-29 15:10:41+00:00,"Puan Dorong Kualitas UU sebagai Tolok Ukur Kinerja Legislasi DPR, Pengamat: Mungkin Autokritik https://t.co/txAXbxxb4Z ~ Puan Keren"
362,2022-04-29 15:10:41+00:00,"Kemacetan di Beberapa Ruas Tol, Komisi III DPR: Euforia Kangen Mudik - https://t.co/cR5aGwrRyd https://t.co/III5dwwp9h -&gt; Puan"
363,2022-04-29 15:10:41+00:00,"Puan Dorong Kualitas UU sebagai Tolok Ukur Kinerja Legislasi DPR, Pengamat: Mungkin Autokritik https://t.co/T2i78VimLH  ~ Puan Ketua DPR"
364,2022-04-29 15:10:41+00:00,"Kemacetan di Beberapa Ruas Tol, Komisi III DPR: Euforia Kangen Mudik - https://t.co/viTBsRrji5 https://t.co/Zhs0tdAla3  ~ Puan Maharani"
365,2022-04-29 15:10:41+00:00,"Kemacetan di Beberapa Ruas Tol, Komisi III DPR: Euforia Kangen Mudik - https://t.co/N1UIVPpIk0 https://t.co/1H6cCRHrYu  | Puan"
366,2022-04-29 15:10:41+00:00,"Kemacetan di Beberapa Ruas Tol, Komisi III DPR: Euforia Kangen Mudik - https://t.co/1M6Da7dmL3 https://t.co/LnBxtZgxv3 ~ PM"
367,2022-04-29 15:10:40+00:00,Autokritik Puan untuk Kinerja Legislasi DPR - Harian Terbit https://t.co/wwAzqumHgV ~ Puan
368,2022-04-29 15:10:40+00:00,"Kemacetan di Beberapa Ruas Tol, Komisi III DPR: Euforia Kangen Mudik - https://t.co/4f3gkl6YIO https://t.co/yR3KxqTeWp ~ Puan Keren"
369,2022-04-29 15:10:40+00:00,"Kemacetan di Beberapa Ruas Tol, Komisi III DPR: Euforia Kangen Mudik - https://t.co/sE4iGnjf4C https://t.co/JaBglbdFzW  ~ Puan Ketua DPR"
370,2022-04-29 15:10:40+00:00,Autokritik Puan untuk Kinerja Legislasi DPR - Harian Terbit https://t.co/IdU0mppV5w -&gt; Puan
371,2022-04-29 15:10:40+00:00,Autokritik Puan untuk Kinerja Legislasi DPR - Harian Terbit https://t.co/P1E7QhVqyz  ~ Puan Maharani
372,2022-04-29 15:10:40+00:00,Autokritik Puan untuk Kinerja Legislasi DPR - Harian Terbit https://t.co/mcl5i547Fi  | Puan
373,2022-04-29 15:10:40+00:00,Autokritik Puan untuk Kinerja Legislasi DPR - Harian Terbit https://t.co/4lYMJInakL ~ PM
374,2022-04-29 15:10:39+00:00,Autokritik Puan untuk Kinerja Legislasi DPR - Harian Terbit https://t.co/jMCRuYGKwN  ~ Puan Ketua DPR
375,2022-04-29 15:10:39+00:00,Target Golkar 2024: Airlangga Hartarto Presiden dan Sejumlah 115 Kursi DPR Dikuasai - https://t.co/Vo3HHQQII3 https://t.co/WBtyg4yAor ~ Puan
376,2022-04-29 15:10:38+00:00,Target Golkar 2024: Airlangga Hartarto Presiden dan Sejumlah 115 Kursi DPR Dikuasai - https://t.co/BHLml04ba8 https://t.co/Mk7ANv76Id -&gt; Puan
377,2022-04-29 15:10:38+00:00,Target Golkar 2024: Airlangga Hartarto Presiden dan Sejumlah 115 Kursi DPR Dikuasai - https://t.co/jF7cwzPd2f https://t.co/mzMjQbB8h2 ~ Puan Keren
378,2022-04-29 15:10:38+00:00,Target Golkar 2024: Airlangga Hartarto Presiden dan Sejumlah 115 Kursi DPR Dikuasai - https://t.co/PeeYUYsOEC https://t.co/8i0dK96PJn  ~ Puan Maharani
379,2022-04-29 15:10:38+00:00,Target Golkar 2024: Airlangga Hartarto Presiden dan Sejumlah 115 Kursi DPR Dikuasai - https://t.co/q51sO5fBYf https://t.co/dPk0zWquq6 ~ PM
380,2022-04-29 15:10:38+00:00,Target Golkar 2024: Airlangga Hartarto Presiden dan Sejumlah 115 Kursi DPR Dikuasai - https://t.co/1LGm1lNjyi https://t.co/Nwr4HmCLpV  | Puan
381,2022-04-29 15:10:38+00:00,Target Golkar 2024: Airlangga Hartarto Presiden dan Sejumlah 115 Kursi DPR Dikuasai - https://t.co/Wqv5ZcrTg9 https://t.co/ipmlb2hpsZ  ~ Puan Ketua DPR
382,2022-04-29 15:10:37+00:00,DPR Minta Pelaksanaan Pelarangan Ekspor CPO dan Migor Diawasi Betul - News https://t.co/HHxPXBIXDp ~ Puan
383,2022-04-29 15:10:37+00:00,DPR Minta Pelaksanaan Pelarangan Ekspor CPO dan Migor Diawasi Betul - News https://t.co/ULkWTlnySL -&gt; Puan
384,2022-04-29 15:10:37+00:00,DPR Minta Pelaksanaan Pelarangan Ekspor CPO dan Migor Diawasi Betul - News https://t.co/FS6U339WNT ~ Puan Keren
385,2022-04-29 15:10:37+00:00,DPR Minta Pelaksanaan Pelarangan Ekspor CPO dan Migor Diawasi Betul - News https://t.co/7DYB4emgGM  ~ Puan Maharani
386,2022-04-29 15:10:37+00:00,DPR Minta Pelaksanaan Pelarangan Ekspor CPO dan Migor Diawasi Betul - News https://t.co/7Q32CXCsFZ  | Puan
387,2022-04-29 15:10:37+00:00,DPR Minta Pelaksanaan Pelarangan Ekspor CPO dan Migor Diawasi Betul - News https://t.co/LOdyLg3MbI ~ PM
388,2022-04-29 15:10:37+00:00,DPR Minta Pelaksanaan Pelarangan Ekspor CPO dan Migor Diawasi Betul - News https://t.co/7ABxpKF7AX  ~ Puan Ketua DPR
389,2022-04-29 15:10:36+00:00,Pangdam XVIII/Kasuari Ikuti Rapat Paripurna DPR Papua Barat - Baritorayapost https://t.co/e1Xuwnoz6I ~ Puan
390,2022-04-29 15:10:36+00:00,Pangdam XVIII/Kasuari Ikuti Rapat Paripurna DPR Papua Barat - Baritorayapost https://t.co/gcEm0y4b3s -&gt; Puan
391,2022-04-29 15:10:36+00:00,Pangdam XVIII/Kasuari Ikuti Rapat Paripurna DPR Papua Barat - Baritorayapost https://t.co/gxBgremK5L  ~ Puan Maharani
392,2022-04-29 15:10:36+00:00,Pangdam XVIII/Kasuari Ikuti Rapat Paripurna DPR Papua Barat - Baritorayapost https://t.co/HXAvYXTgr4 ~ Puan Keren
393,2022-04-29 15:10:36+00:00,Pangdam XVIII/Kasuari Ikuti Rapat Paripurna DPR Papua Barat - Baritorayapost https://t.co/Syu92EAWTE  | Puan
394,2022-04-29 15:10:36+00:00,Pangdam XVIII/Kasuari Ikuti Rapat Paripurna DPR Papua Barat - Baritorayapost https://t.co/Kw9gEw28Pj ~ PM
395,2022-04-29 15:10:36+00:00,Pangdam XVIII/Kasuari Ikuti Rapat Paripurna DPR Papua Barat - Baritorayapost https://t.co/pVa3knjZgZ  ~ Puan Ketua DPR
396,2022-04-29 15:10:34+00:00,"Puan Sebut Kualitas Legislasi yang Utama, Pengamat: Sepakat dan Terus Tingkatkan - https://t.co/KlnJP2gvJR https://t.co/BaPGYSOO7B  ~ Puan Ketua DPR"
397,2022-04-29 15:08:48+00:00,Wag issue dpr kasi dpr stan nga
398,2022-04-29 15:07:03+00:00,"Reses di Soppeng, Anggota DPR RI Supriansa Buka Puasa Bersama Jurnalis https://t.co/T6e5U9dA0s"
399,2022-04-29 15:06:13+00:00,Ray Apresiasi Autokritik Puan untuk Kinerja Legislasi DPR https://t.co/Db8wwvAZJl
400,2022-04-29 15:06:12+00:00,Rakyat akan bubarkan DPR RI karna sudah tidak pro Rakyat..!! @Nicho_Silalahi @msaid_didu @m_mirah @__Sridiana_3va @OposisiCerdas @CNNIndonesia @aguswidarto13  @Sautaritonang12 @fahiraidris @mprgoid @DPR_RI @tamsilinrung @LaNyallaMM1 https://t.co/1OJzdxXFQr
401,2022-04-29 15:02:55+00:00,Kemkominfo dan DPR Dorong Masyarakat Sumut Segera Beralih ke TV Digital https://t.co/WeGESAzVuU
402,2022-04-29 15:00:24+00:00,"bapaknya punya peternakan, kakaknya dpr, kakak iparnya punya sewa2 alat beratt. BEUHHHH"
403,2022-04-29 14:59:50+00:00,"@tvindonesiawkwk UU No 44 tahun 2008

Kalo mengacu pada UU tersebut, harusnya yang kemaren nonton bokep di gedung DPR harusnya diusut juga😅
Jangan tebang pilih. Ya kan? 
Ya ndak tau deng, jangan tanya saya🙏🏽 https://t.co/UIHydM4rOK"
404,2022-04-29 14:59:36+00:00,@SK_HSoohe94 @LUNERPW Apa yg perlu saya akui euyy
405,2022-04-29 14:59:24+00:00,@sinitwais96 @LUNERPW Ecie jd enak haha
406,2022-04-29 14:59:10+00:00,@SK_HSoohe94 @LUNERPW Yeu emang preman
407,2022-04-29 14:59:03+00:00,Autokritik Puan untuk Kinerja Legislasi DPR https://t.co/T8rnOy53XR
408,2022-04-29 14:58:56+00:00,"@mwingyu_k Malam gyu, jngan lupa tidur"
409,2022-04-29 14:58:45+00:00,@jaechvan Justru bagus itu wkwk
410,2022-04-29 14:58:34+00:00,"@jaechvan Sebadan panas keknya ni, julidnya lama pasti kalian"
411,2022-04-29 14:58:34+00:00,Autokritik Puan untuk Kinerja Legislasi DPR https://t.co/nOOOpvs7MV
412,2022-04-29 14:58:27+00:00,@dpr_yian Wkwkwk setoran gitu ya
413,2022-04-29 14:57:45+00:00,"@DaengWahidin2 @Nicho_Silalahi @msaid_didu @m_mirah @__Sridiana_3va @CNNIndonesia @OposisiCerdas @darmintodjuremi @RamliRizal @democrazymedia @EmnurBang @FauziBuya @fahiraidris @LaNyallaMM1 @DPR_RI @mprgoid Oiya bangkrut. Lihat aja pas mudik sekarang, macet karena pada naik ONTA dan onta nya berak sembarangan. Rakyat makin susah, BBM mahal, oli mahal, open BO mahal. Tuh di tipi kembali ke kilapah, NAIK ONTA. PICEK ya? Wkwkwkwk"
414,2022-04-29 14:55:47+00:00,"Puan Dorong Kualitas UU sebagai Tolok Ukur Kinerja Legislasi DPR, Pengamat: Mungkin Autokritik https://t.co/Uh3kuwhV4S"
415,2022-04-29 14:55:38+00:00,@detikcom Gk hakimnya.. DPR nya memtal mental mesum
416,2022-04-29 14:55:33+00:00,@jaechvan Malu tolong jngan nongol dulu wkwkw
417,2022-04-29 14:55:16+00:00,"@jaechvan @LUNERPW Menggoda dek, saya ampe nahan nahan"
418,2022-04-29 14:54:30+00:00,"@sirkwus @sipalingrant @istribadut @IokontoI @exozystem @yoshibogorr @stopattractive @diirumaah @bangkrur @aIergikcb @alayludude @menggalaumu @fvriendzonee @sidejeje @gumbearyup @wifeitan @kcjkntut @yomorkly @kntutdemam dpr ravas
@sirkwus 
Membalas @sipalingrant @canmandii dan 17 lainnya"
419,2022-04-29 14:53:44+00:00,@dpr_yian Betuul. Persiapan sebelum tempur
420,2022-04-29 14:53:33+00:00,dpr we gang gang
421,2022-04-29 14:53:30+00:00,"Kita ini udah ngga bisa berharap dengan DPR untuk menekan Govt agar pelestarian alam seperti hutan-hutan atau cagar alam lainnya bener-bener dijaga.

Lu liat ruangan kerjanya Ketua MPR. Si Bambang Orang Kuning Bangke. Problematik banget itu. Liat ada peliharaan apa dia. TOLOL."
422,2022-04-29 14:52:30+00:00,"Tau ga kenapa aku ga lolos jd anggota dpr?? 

Dpr kan mikirin rakyat, sedangkan aq cm bisa mikirin tagihan paylater 🥰🥰 @woopzd https://t.co/Q2ltg3P4Gf"
423,2022-04-29 14:52:20+00:00,"Kemacetan di Beberapa Ruas Tol, Komisi III DPR: Euforia Kangen Mudik https://t.co/YQfQLpegyv"
424,2022-04-29 14:51:57+00:00,"@WidasSatyo Ya allah, om om dpr ga tuh :("
425,2022-04-29 14:49:21+00:00,"@khoirul_arkan @democrazymedia Retorik dan simbolik, rakyat paham itu hnya seni peran, Kader partai yg di eksekutif &amp; Legislatif tdk all out. 
Gunakan hak yg dimiliki DPR???"
426,2022-04-29 14:47:01+00:00,Komisi II DPR RI Minta Polri Kejar Aktor Utama Kecurangan Seleksi CPNS https://t.co/slx8szRtao
427,2022-04-29 14:46:25+00:00,@alamanda_maroon @Matahari_1912 @desita5769 @Nong_Dewintha @ORakyat4 @annourcharity @IiiZahrah @RFauzy5 @_Syazwana2__ @ISTANA_CLina10 @NayoanAngelyca @RadarKorupsi @LuNaEndelia @RizkiAsihan @agamlangsa @tegaxdirimu @hendri_donal65 @Dhanny76978950 @setgeldong @JangkrikLampung @yasenosa @bangozie18 @Muslihun_I @amuda_saiful @MurazzaA @RezimSampah @TsaniAnwar @SMujsin @GanisArfianiar @eddie_volkers @naimgoera @panglima_z @bi__sa @matta_2103 @me_kiea_ @CindyBexter @azzah196 @akunkeenam212 @Bob_eT3k3WeR @miss_kadrun @by_blackangel @Lelaki_5uny1 @Pecel_Lele5678 @RumahGudeg @Srikandi_sunda @_Qirani__Ayara @Stevaniehuangg @DPR_RI @jokowi @muhammadiyah Mereka teroris
428,2022-04-29 14:45:35+00:00,"@mukerrene DPR anjr samaan, tpi gw sukanya boom sama kiss me"
429,2022-04-29 14:44:09+00:00,ASHA SIAPA? YG WAKTU ITU MAU JDI DPR BUKAN SIH
430,2022-04-29 14:42:50+00:00,Autokritik Puan Dinilai Tingkatkan Kinerja Legislasi DPR https://t.co/YbKpW9g6HC
431,2022-04-29 14:42:05+00:00,"@hajwoonuna @schfess 2 digit udh gede cok, 3 digit dpr tuh;”"
432,2022-04-29 14:41:39+00:00,"@ismei_w @Q_Girls02 @Bentir16 @Iteungik @AzulZulian @muji_haryaka @bknMuslimEgois1 @ahista_perdana @bernadgh @ferdianto_ary @BangBla38798559 @newagestein @Bpribas1 @Anooonyme2 @september__26 @jey_jailbreaker @Ind_raSuyono @Bintang73069883 @Tlemboek13 @Prajakelana2 @Dwipakelana1 @KoplakJoni1 @ediasmawan @JayalahNKRI_ @GHrp20 @ByuCyd @DumolidRohypnol @asmujivahn @JawaraSantuy @ArSunantoaris @Embuemm @YudiSet16452924 @bejoaja93664427 @JailJali @buzzerbalaiKNTL @DemianRicko77 @NKRIHAR82459132 @TheFaredan @YFBERE @j_dobos @ArisWila @SimbokeSarah @2020Kadrun @AgungSu76387898 @alextham878 @BasirChasay @dehadaud @Dennysiregar7 @Fachry_Murakata @aniesbaswedan Lha DPR mayoritas adalah Pendukung Jokowi.

Kalian sesama pendukung jokowi koq malah diem bae.

Drama banget sih."
433,2022-04-29 14:40:22+00:00,"@alfredsangian @Subakri00121714 @Dennysiregar7 orang lain boleh minta 3 periode, juga  oleh dong minta presiden mundur.
kalau Dpr udah g bisa di andalkan y mending demo langsung lah, mending berani demo, dari pada beraninya cuma lewat androit sebagai buzzerlah apalah..."
434,2022-04-29 14:39:33+00:00,@kejumozzaa Lu jgn amp sebucin itu ya gais 😂
435,2022-04-29 14:39:08+00:00,@PuspaViyem @DPR_RI kemana suaranya ..lihat rakyat indonesia jadi sengsara begini
436,2022-04-29 14:38:53+00:00,"@D4rk151077825 @Uki23 Yg jd permasalahan itu, APBN yg buat mudik dia tunggangi juga, kaos itu punya siapa? Dibagikan ke siapa? Dan apa maksud deklarasi presiden? 
Puan bagi2 sembako gaada tulisan ""puan presiden"" adanya puan ketua DPR, udah seharusnya Anis ""Anies gubernur DKI"""
437,2022-04-29 14:38:41+00:00,"@kejumozzaa Puji Tuhan ya Pak, ikut senang bacanya 🥳"
438,2022-04-29 14:38:06+00:00,"@m_abdurrohim @DaengWahidin2 @__Sridiana_3va @Nicho_Silalahi @msaid_didu @m_mirah @CNNIndonesia @OposisiCerdas @darmintodjuremi @RamliRizal @democrazymedia @EmnurBang @FauziBuya @fahiraidris @LaNyallaMM1 @DPR_RI @mprgoid Kedinasan kabupaten provinsi sama ✌️✌️
Saya kasih faktanya di lapangan begitu malah di bully ya udah terserah bagi yg tdk percaya. Itu artinya pemasukan negara kosong. Di jaman pak SBY rutin."
439,2022-04-29 14:37:40+00:00,same energy sama yg pas demo dpr masih nugas
440,2022-04-29 14:36:56+00:00,@bangZhack86 @haristyana @DPR_RI Betul sekali Bro
441,2022-04-29 14:36:43+00:00,"@DPR_RI @Kemenag_RI @YaqutCQoumas ini di Jerman !
Di  Indonesia justru islamophobia di pelihara dengan ujung tombak nya para buzzeRp serta jualan RADIKAL RADIKUL .
https://t.co/9QtSaqwvzu"
442,2022-04-29 14:35:27+00:00,@TheSun Ternyata dimana-mana ada oknum anggota DPR yang suka nonton porno di ruang kerja
443,2022-04-29 14:35:01+00:00,pajak dinaikin dpr nya malah bagi2 thr sama kontol di fwbfess
444,2022-04-29 14:34:48+00:00,"@Kamajaya_1004 @Siantar72 @LoebisHasian @SisiwittFrida @bunda_rose15 @DimazPrada @mangunsong63 @JesyDebora @endryjaya @roti_garing Orang2 bermental tolol kayak elo bakal tetap jadi jongos selalu ngikut apa ketua meskipun salah.
Ditanya konteksnya apa dijawab apa. Nih gw ulangin, ketua partai bisa apa kalau presiden, menteri, kepala daerah dan ketua DPR terilih dan sedang menjabat tidak menurut ketua partai?"
445,2022-04-29 14:32:24+00:00,@dpr_yian KWWKWK IYA KAK 😭😭
446,2022-04-29 14:30:47+00:00,"Yg memfitnah diazab:
""Keberadaan Negara Islam Indonesia (NII) di Sumatera Barat (Sumbar) merupakan binaan pemerintah dan palsu.

“Bendera NII palsu yang dipasang di Sumbar. Yaitu, NII yang dibina pemerintah,” kata mantan anggota DPR Djoko Edi Abdurrahman https://t.co/jj8LR9gaf0"
447,2022-04-29 14:28:38+00:00,"@abdfadill @Fahrihamzah @DPR_RI Cukuplah mahasiswa soal harga-harga, tolak 3 periode, tunda pemilu.

0 % tugas Politisi dan Aliansi Rakyat.
Kalau Semua bergantung mahasiswa,, manusia di Indonesia ngapain aja. 
Ya boleh saja, kalau tenaga mahasiswa masih sanggup."
448,2022-04-29 14:27:48+00:00,"@poetra_AWAL @puanmaharani_ri @DPR_RI @jokowi Karena mereka satu tim, jadi sudah biasa ketemu.jadi Ndak perlulah itu dipermasalahkan."
449,2022-04-29 14:27:38+00:00,"@ClassicalOpera ogah, kalo mau ngatain bobroknya anggota dpr mah ayok dah"
450,2022-04-29 14:27:28+00:00,@AbdHali59646742 @democrazymedia Jadi Ketua @DPR_RI aja gak jelas hasil kerjanya sekarang urus Agama Islam yg bukan urusannya. Hadeuh.. Rezim @jokowi fix Rasa PKI.
451,2022-04-29 14:26:28+00:00,"@ShiddiqWiyono @Subakri00121714 @Dennysiregar7 Klo ada org lain ingin pak jokowi maju lagi utk ke 3 x, hrsx mereka demo ke dpr utk ganti uu nya, lah ini demo ke pak jokowi spy lengser/ turun n pak jokowi jg udh blg taat aturan"
452,2022-04-29 14:25:22+00:00,@HermanC97773139 @SisiwittFrida @SBYudhoyono DPR  berarti bukan wakil rakyat ya.. padahal mereka dipilih rakyat.. mereka wakil partai😂
453,2022-04-29 14:25:06+00:00,@convomfs Kirain dpr drim perfek rejim :(
454,2022-04-29 14:24:33+00:00,@insanequeen_ Kok yo ra isin ngaku-ngaku DPR nek base alter 😂
455,2022-04-29 14:23:29+00:00,@detikcom Kira2 bpk menteri tau ngg informasi ini ya @DPR_RI
456,2022-04-29 14:23:12+00:00,@jenosantuy eh kalo ini karam gue ancurin gedung dpr
457,2022-04-29 14:23:04+00:00,"@uusbustami @Matahari_1912 @desita5769 @Nong_Dewintha @ORakyat4 @annourcharity @IiiZahrah @RFauzy5 @_Syazwana2__ @ISTANA_CLina10 @NayoanAngelyca @RadarKorupsi @LuNaEndelia @RizkiAsihan @agamlangsa @tegaxdirimu @hendri_donal65 @Dhanny76978950 @setgeldong @JangkrikLampung @yasenosa @bangozie18 @Muslihun_I @amuda_saiful @MurazzaA @RezimSampah @TsaniAnwar @SMujsin @GanisArfianiar @eddie_volkers @naimgoera @panglima_z @bi__sa @matta_2103 @me_kiea_ @CindyBexter @azzah196 @akunkeenam212 @Bob_eT3k3WeR @miss_kadrun @by_blackangel @Lelaki_5uny1 @Pecel_Lele5678 @RumahGudeg @Srikandi_sunda @_Qirani__Ayara @Stevaniehuangg @DPR_RI @jokowi @muhammadiyah Oase ditengah islamophobia.... 
Alhamdulillah,  islam dlm kedamaian. 
Jika ada yg merusak,  memfitnah dan mengadu domba,  sdh bisa dipastikan merekalah terorisnya."
458,2022-04-29 14:21:01+00:00,@DaengWahidin2 @RamliRizal @Nicho_Silalahi @msaid_didu @m_mirah @__Sridiana_3va @CNNIndonesia @OposisiCerdas @darmintodjuremi @democrazymedia @EmnurBang @FauziBuya @fahiraidris @LaNyallaMM1 @DPR_RI @mprgoid Sampaikan ke @psi biar dibantu
459,2022-04-29 14:20:16+00:00,"BREAKING NEWS: Ketua DPR RI Puan Maharani Menyebut , Jangan Pilih Pemimpin yang ganteng Aktif di medsos tetapi gak bisa kerja.

hmm , Kira-kira siapa ya...?

Komen Bagi yang tau 🙌
Reetweet Agar Pesan ini sampai ke Ibu² , bapak² dan lainnya.

*Sumber: @detikcom 

@__Sridiana_3va https://t.co/roFXKPafGL"
460,2022-04-29 14:18:53+00:00,"@Sinfourth_ yoi ""asisten"" anggota DPR"
461,2022-04-29 14:17:02+00:00,"@virtuaIbase Hlo snder-niem smoga gk tlat. tpi sy izin typing normal dlu yh bwat promosi'a. [mngubah mode jamet ke serius. rill] 

Halo, selamat malam sender. saya bisa mode willy + mode serius serius kaya lagi rapat dpr. so, you should choose me to be your bf. :D ー"
462,2022-04-29 14:15:50+00:00,@ClassicalOpera Berarti bohong ya??? Bukan anggota DPR dong???
463,2022-04-29 14:15:16+00:00,Ini sinyal apa DPR minta di demo.
464,2022-04-29 14:14:06+00:00,Kemkominfo dan DPR Dorong Masyarakat Sumut Segera Beralih ke TV Digital https://t.co/2nDb0zs2Nx #TempoNasional
465,2022-04-29 14:13:39+00:00,Mau bobo trs bangun dpr ratusan congrats
466,2022-04-29 14:13:18+00:00,@Nicho_Silalahi @puanmaharani_ri Urus aja mic di DPR yg suka mati lah ....🤣🤣🤣🤣
467,2022-04-29 14:12:30+00:00,@Fahrihamzah Calo tiket palsu kan anggota DPR periode lalu (pimpinan abang) yg mengesahkan aturan tsb. Lah masak nyalahin capres 🤣
468,2022-04-29 14:11:28+00:00,"@dpr_yian Mulai dari di domum sampai sekarang ya, hyeong?"
469,2022-04-29 14:11:03+00:00,"@Rikelestarihs Ngobrol ga? Kalo ga mah percuma, apalagi klo ga dpr nmr wa mah 😅"
470,2022-04-29 14:11:02+00:00,"@Cilorconnoistre @aipsun Hmmm tttapi... Om DPR kan kerja, dpt gaji, urusan gajinya mau dipakai apapun boleh2 aja kan? Selama gak menyalahi aturan."
471,2022-04-29 14:08:33+00:00,"@CNNIndonesia Sabar 77 th RI Hny main Sirkus! Infrastruktur Mahal ttpi dibuat asal jadi tanpa membatasi produksi kendaraan. Ono Jendral modal angkat koper majikan; Ono Ir asal jadi Makelar 🇮🇩
Lebih baik @jokowi Undur Diri
@DPR_RI @mprgoid @YLKI_ID @KemenPU @kemenhub151"
472,2022-04-29 14:07:17+00:00,ROMADHON PENUH BERKAN Nasim Khan Indonesia KEMBALI BAGIKAN RIBUAN SEMBAKO DI KABUPATEN BANYUWANGI @DPR_RI @FraksiPKB @DPP_PKB @dpwpkbjatim_ @Santri_PKB @PKBTV @voiceofpkb @cakimiNOW #calonpresiden2024 https://t.co/PSCNTz1fPu
473,2022-04-29 14:05:25+00:00,"@dedek_gatra09 @YRadianto Yg Mayor masih mentah dan belum punya pengalaman di Pemerintahan atau DPRD/DPR, untuk jadi Gubernur saja, belum mampu tapi nafsunya ketinggian, bagaimana rakyat bisa menilai kemampuannya kalau belum punya rekam jejak prestasi kerjanya ?"
474,2022-04-29 14:03:48+00:00,Puan Maharani Minta Tolok Ukur Program Legislasi yang Dirumuskan DPR Berdasarkan Kualitasnya https://t.co/XhqSztwVXJ
475,2022-04-29 14:02:59+00:00,@ramaidoooo dpr penak kyok e
476,2022-04-29 14:02:55+00:00,"yaa kan MK menolak ambang batas preaiden 0 % lho bang @Fahrihamzah 
MK kan adik iparnya Jokowi. Gimana itu... 
Kenapa @DPR_RI diam saja?!
apa cuman stempel kekuasaan?"
477,2022-04-29 14:02:36+00:00,@KememkeuSG @WidasSatyo Org ngaku anggota dpr bagi2 give away 5jt via base
478,2022-04-29 14:01:26+00:00,@segaradhan @enhipain slh st DPR g mw denger suara rakyat
479,2022-04-29 14:00:00+00:00,Pria yang biasa disapa Habib Hadi ini sebelumnya menjadi anggota DPR RI periode 2014-2019 dan pengasuh Pondok Pesantren Riyadlus Sholihin di kota tersebut. @dwi_erianto77 #LitbangKompas #Kompaspedia #Tokoh https://t.co/SKD2xFwIqz
480,2022-04-29 13:59:03+00:00,Mantan Ketua DPR Serukan Kenaikan Pajak Ekspor CPO agar Petani Senang https://t.co/UEGc2DMjtr #sariagri #pertanian
481,2022-04-29 13:58:30+00:00,"@keuangannews_id Gak ngaruh, yang sebagian sangat besar rakyat NKRI masih mendukung Jokowi, tni dan Polri masih sangat kuat mendukung jokowi, partai pendukung Pemerintah Jokowi di dpr kuat dan kompak, sekali lagi kalau yang Ono gak dukung, gak ngaruh ke NKRI.. hehehe"
482,2022-04-29 13:55:38+00:00,"@spotifity gk berpendapat.
kelakuannya aneh betul. tapi ya wakk om om DPR kok tau base itu ya. jgn jgn tiap hari main tweet mantengin base nya🙂
tapi mending uangnya dikasih ke panti yang lagi rame itu 🙂👍"
483,2022-04-29 13:55:03+00:00,"Kirim juga ke gedung DPR satu rudal balistik untuk musnahin wakil rakyat yg berubah jd wakil oligark, satu lg ke istana biar orang dungu yg gk bisa bikin kebijakan pro rakyat segera mati..."
484,2022-04-29 13:54:57+00:00,"@IstanaLurah Rakyat udah lama teriak tapi bisa.apaa... dpr diam, patah pejabat diam,cerdik pandai diam... skr siapakah pembela rakyat sebenarnya?"
485,2022-04-29 13:54:33+00:00,Autokritik Puan untuk Kinerja Legislasi DPR https://t.co/trGqBsCplc
486,2022-04-29 13:52:06+00:00,DPR kita masih di taman kanak2 atau sudah naik kelas?
487,2022-04-29 13:51:36+00:00,DPR Heran Masa Kedaluwarsa Vaksin Bisa Diperpanjang - Validnews https://t.co/gIIwCL84ad  ~ Puan Ketua DPR
488,2022-04-29 13:51:35+00:00,Ketua DPR Minta Pengawasan Larangan Ekspor Dilakukan Secara Maksimal - Republika https://t.co/RdtQTZHx0R  ~ Puan Ketua DPR
489,2022-04-29 13:51:34+00:00,Anggota DPR Sebut Literasi Digital Bisa Cegah Penyebaran Hoaks di Media Sosial - https://t.co/DC1C9SmEHW https://t.co/Pm1onVpgli  ~ Puan Ketua DPR
490,2022-04-29 13:51:32+00:00,Kemkominfo dan DPR Dorong Masyarakat Sumut Segera Beralih ke TV Digital - Nasional https://t.co/lEj1GJybLS https://t.co/uey2l6JAaR  ~ Puan Ketua DPR
491,2022-04-29 13:50:59+00:00,"@Siantar72 @LoebisHasian @SisiwittFrida @bunda_rose15 @DimazPrada @Kamajaya_1004 @mangunsong63 @JesyDebora @endryjaya @roti_garing Coba kita tanya @SisiwittFrida ... Ketum bisa apa kalau presiden,menteri,gubernur,kepala daerah terpilih atau ketua DPR yg sedang menjabat tidak tunduk kepada ketum dan partai???"
492,2022-04-29 13:50:40+00:00,"mana daru DPR lagi wkwkkwk, coooook DPR e ngacengan yo ra kaget"
493,2022-04-29 13:50:33+00:00,@PMAYUrban pmay new dpr Kab tak aayega
494,2022-04-29 13:50:12+00:00,@RFauzy5 @haristyana @DPR_RI masyarakat dipelosok dusun masih blum memahaminya....🤔
495,2022-04-29 13:50:04+00:00,Ini alasan sukarelawan peremPUAN siap memperjuangkan Ketua DPR RI Puan Maharani di Pilpres 2024 #Pilpres2024 https://t.co/fuZwHssLjZ
496,2022-04-29 13:49:38+00:00,Rangkaian Paripurna DPR Aceh. https://t.co/L6G8JfuPVb
497,2022-04-29 13:48:25+00:00,"Jadi nanti kalau ketua DPR dan ketua Partai PDIP kampanye terus memakai penutup kepala identik jadi manusia gurun, gitu ya prof.?"
498,2022-04-29 13:48:20+00:00,@democrazymedia Kinerja jadi Artis atau Kinerja di @DPR_RI yg sampai saat ini seperti Unfaedah.
499,2022-04-29 13:45:22+00:00,"@jgkmjae Kim Hanbin, Dpr"
