,Date,Tweet
0,2022-02-27 23:58:59+00:00,"@msaid_didu DPR juga harus ganti, gak usah pileg serahkan saja ke militer dan DPD. gak perlu ada perwakilan partai di MPR. pinpinan militer juga harus ganti."
1,2022-02-27 23:55:43+00:00,@KompasTV Tandain partai partai mana saja yg menyatakan usulan penundaan pemilu... Dan jangan pilih satupun dari partai tersebut utk mewakili rakyat di DPR sana.
2,2022-02-27 23:54:39+00:00,"@MahbubGhani @f_maharani2019 @papa_loren @democrazymedia org yg kritik pemerintah itu peduli dgn bangsa ini. spy pemerintah jgn salah ambil kebijakan. disaat anggota DPR membeo pada pemerintah,ada rakyat yg msh berusaha menyuarakan kepedulian.
tau peraturan ugal2an yg di keluarkan pemerintah?krn anti kritik.
omnibuslaw,JHT buktinya."
3,2022-02-27 23:51:59+00:00,"@mazzini_gsp Klo misal ditunda nih, terus masa jabatan DPR sm DPRD siapa yg perpanjang?? Kan mereka masa jabatannya abis nanti di 2024"
4,2022-02-27 23:47:19+00:00,"""Hasil Amandemen juga memberikan kekuasaan yang sangat besar kepada Partai Politik. Mereka menjadi satu-satunya instrumen untuk mengusung calon pemimpin bangsa. Parpol lewat Fraksi di DPR RI juga memutuskan Undang-Undang yang mengikat seluruh warga negara,"" papar dia. #LaNyalla"
5,2022-02-27 23:46:21+00:00,DPR IAN just hawt hawt
6,2022-02-27 23:44:58+00:00,...paling nanti ujung2-nya konstitusinya yg dirubah &amp; presiden + dpr tinggal menikmati hasilnya wong uud aja bisa diamandemen...😂😂
7,2022-02-27 23:41:44+00:00,@yourdingz sy anak dpr kack
8,2022-02-27 23:38:46+00:00,"PONTIANAK (27 Februari): Anggota Komisi IV DPR RI, Yessy Melania bersama DPW Garda Pemuda NasDem  https://t.co/0ETCn6hCrq"
9,2022-02-27 23:33:24+00:00,"SUNGAI RAYA (27 Februari): Anggota Komisi V DPR RI dari Fraksi Partai NasDem, Syarief Abdullah Alkadrie  https://t.co/q0zRS65OKG"
10,2022-02-27 23:30:34+00:00,"DPR RI, PRESIDEN, MA, KEMENDES: CABUT PASAL 73 PP 11 TAHUN 2021, TRANSFORMASI EX PNPM JADI BUMDESMA - Tandatangani Petisi! https://t.co/L0zqCCphT8 lewat @ChangeOrg_ID"
11,2022-02-27 23:30:25+00:00,@GarengHallu sekelas anggota DPR ga nalar....
12,2022-02-27 23:29:14+00:00,"FAKFAK (27 Februari): Anggota Komisi VII DPR RI dari Fraksi Partai NasDem, Rico Sia menyalurkan bantuan  https://t.co/b2AfONVNjM"
13,2022-02-27 23:28:03+00:00,"KPK Pelajari Vonis Azis Syamsuddin untuk Jerat Tersangka Lain: Komisi Pemberantasan Korupsi (KPK) menyatakan bakal mempelajari dan menganalisa vonis Pengadilan Tipikor pada Pengadilan Negeri Jakarta Pusat (PN Jakpus), terhadap mantan Wakil Ketua DPR Azis… https://t.co/JOngUQRF42 https://t.co/n9KghYUhqT"
14,2022-02-27 23:27:38+00:00,"@Panjelajah Jalur puncak bisa lancar kalau semua tertib, hanya 1 jalur masing2 arah.

Cc. @RTMC_PoldaJabar @TMCPoldaMetro @poldajateng_ @DPR_RI @JatiKramatInfo"
15,2022-02-27 23:23:15+00:00,Menkopolhukam @mohmahfudmd memastikan status tersangka Nurhayati tidak dilanjutkan https://t.co/QDBmmKK2xa ideal lapor korupsi dilindungi UU sehingga rakyat dapat membantu pemberantasan kejahatan luar biasa korupsi dan ada penghargaan @jokowi @DPR_RI @KejaksaanRI @Kemenkumham_RI
16,2022-02-27 23:21:28+00:00,Partai Politik melalui Fraksi di DPR juga yang membentuk Undang-Undang bersama Pemerintah yang hasilnya mengikat seluruh warga negara untuk tunduk dan menjalankan. #LaNyalla #dpdri  #RezimPalakRakyat #TangkapYaqut
17,2022-02-27 23:16:36+00:00,"@raihan_harry @Arul70848368 @iwakmangut @AlissaWahid @YaqutCQoumas @DPR_RI @nahdlatululama @MUIPusat @gp_ansornu Kenapa jokowi dihina diam? 
Karena kodok tak pantas meladeni anjing menggonggong (anjing=pendukung) https://t.co/O7vKcWRycJ"
18,2022-02-27 23:15:00+00:00,"Kalau Alasan Mau Mengurangi Beban Bangsa Bukan Pemilunya yg Ditunda tapi Systemnya Kembalikan aja lagi seperti Jaman ORBA DPR Yg Memilih Presiden ,Brani merubah ??"
19,2022-02-27 23:12:14+00:00,@Arul70848368 @hadifianwidjaja @Fido_Dildo @MulyadiMade @AlissaWahid @YaqutCQoumas @DPR_RI @nahdlatululama @MUIPusat @gp_ansornu Setuju
20,2022-02-27 23:11:59+00:00,KPK Panggil Sederet Mantan Anggota DPR Terkait e-KTP
21,2022-02-27 23:09:11+00:00,"@GreyHermansjah @yunartowijaya Ya salah buanget, orang Arab tidak ada yang korup,justru membantu kemerdeka'an RI gmn tuh manusia komunis yang diimpor dari cina yang sampe berjuta juta? Ngga masalah bagi jkwe + luhut dan loh mungkin. Krn anak PKI aza bs duduk manis di DPR,era yang pro PKI"
22,2022-02-27 23:08:00+00:00,@TadeuszGiczan Z is DPR V is RF
23,2022-02-27 23:03:04+00:00,@DPR_RI Info minyak goreng bosku
24,2022-02-27 23:01:33+00:00,"KALTIM BANGKIT bersama H. Abdul Betha Salam, SE,Msi,MH, caleg DPR RI Dapil KALTIM-KALTARA no. Urut 2 #PKB BeritaPKB"
25,2022-02-27 22:54:09+00:00,"@BennyHarmanID Logikamu yg sesat.
Apakah Pemerintah yg mengusulkan penundaan Pemilu?
Anggota DPR sesat logika..."
26,2022-02-27 22:53:50+00:00,"Sah, Pemerintah dan DPR Sepakat Hapus Tenaga Honorer   Islam Rahmat Semesta   .💯. #c8nyR https://t.co/7ZM5GGnF7C"
27,2022-02-27 22:52:58+00:00,"@democrazymedia Kalo kata RG, kenapa pernyataan dungu itu dimunculkan? Jelas2 konstitusi bilang PEMILU 5 thn sekali. Jelas2 konstitusi bilang Presiden  maks 2 periode. Apa mau terjadi pembangkangan masal rakyat, krn perpanjangan jabatan Presiden itu ilegal? DPR , MPR semua ilegal."
28,2022-02-27 22:39:10+00:00,"Kalau pemilu dimundurkan, biar gak kosong kekuasaan, sebaiknya presiden/wapres,gubernur,bupati/walikota,DPR,DPRD, DPD yg berakhir masa jabatannya 2023/2024 di-PLT kan ke peraih suara di bawahnya. Hingga pemilu 2027.."
29,2022-02-27 22:38:58+00:00,"@dennysirregar7 Parte Demokrat mau ngomong stw komentar apa aja boleh, kalo Ketua2 Parte Pemerntah mengusulkan Jokowi jadi 3 periode dan disetujui MPR so what gituh lho ?, Parte Demokrat 2024 pasti ada diluar DPR, jadi parte penghibur aja ya !!!"
30,2022-02-27 22:37:29+00:00,"@hamdanzoelva Intinya pada akhir masa jabatan Presiden /Wapres dan kabinetnya serta DPR MPR DPD maka yg terjadi :
Kalo dipaksakan penundaan maka perangkat pemerintah pada kementerian / lembaga dijalankan oleh ASN. Bukan oleh pegawai outsorching yg dikontrak 5 tahunan."
31,2022-02-27 22:30:56+00:00,@suroto_to75 Ini contoh ketua partai yang punya wakil di parlemen tapi tuli. Kenapa saya sebut tuli karena DPR tidak pernah membahas masalah penundaan pemilu. Ucapan yg keluar dari Cak Imin dan pak Zulhaj tidak mewakili suara rakyat. Bahkan presiden pun tdk ada wacana penundaan pemilu.
32,2022-02-27 22:30:29+00:00,"https://t.co/5DhR1xIr9W 

Siapa yang tunjuk Panglima TNI dan Kapolri jika presiden dan DPR Ilegal ?

Karna TNI dan Polri masing2 punya garis komando sendiri, maka tidak menutup kemungkinan penyelenggara negara diambil alih TNI demi menyelamatkan bangsa dan negara. Kudeta donk ? https://t.co/qpGf5HkPv1"
33,2022-02-27 22:22:38+00:00,@geloraco Kuliahnya azz ga jelas lulus atau gak tpi bisa jadi anggota dpr 🤣🤣
34,2022-02-27 22:16:17+00:00,"alur perpanjangan jbatan presiden: mayoritas partai bersuara, dpr pura pura nolak tapi setuju, rezim bilang kau tinggal protes saja ke mk, mk bilang ....penolakan anda ditolak 
#MKPengkhianatDemokrasi"
35,2022-02-27 22:15:35+00:00,"@KompasTV Saya setuju ditunda sampai tahun 2050 tetapi DPR MPR RI diberhentikan semua nya dan diganti DWR dewan wakil rakyat yang dipilih rakyat tanpa ""calo"" partai"
36,2022-02-27 22:14:47+00:00,@sbyfess siluman nogo nyembur gedung dpr
37,2022-02-27 22:11:36+00:00,"@guruhriyanto ah ,cuma gimmick DPR aja. Udah pada tahu khan lebaran cuma tinggal 2 bulan lagi. Sinyal tuh buat besarin THR bagi mereka. Ujung2nya cuan semua."
38,2022-02-27 21:57:40+00:00,"@geloraco Pak @jokowi Presiden RI semua naik ya pak, harga Gas, bensin, daging, kedele, cabai, bawang, bahkan tarif Tol, Minyak Goreng langka ... duh pak.. ternyata pembangunan jalan2 tidak menyurutkan harga kebutuhan pokok naik pak,  Indonesia 😢😢😢 @wapres_ri @DPR_RI @DPDRI"
39,2022-02-27 21:14:03+00:00,Ayoo dpr we gang gang https://t.co/LgDrtxprAH
40,2022-02-27 21:09:23+00:00,"Uang cucuran masyarakat jatuhnya
ke DPR juga"
41,2022-02-27 20:53:37+00:00,"@convomf No 1 2 3 masih BTS, DPR LIVE, TXT anjir juara bertahan 😭😭👍 https://t.co/vE7s4aLcQE"
42,2022-02-27 20:53:30+00:00,@kodok_007's account is temporarily unavailable because it violates the Twitter Media Policy. Learn more.
43,2022-02-27 20:38:51+00:00,@njyhjtj_lmb dpr live
44,2022-02-27 20:36:27+00:00,"DPR &amp; Russia Military Charging Toward Ukraine Territory In the Volnovakha area
 https://t.co/vOnrlQWc0m via @YouTube"
45,2022-02-27 20:28:08+00:00,@1heartgyu_ jasmine dpr live
46,2022-02-27 20:25:28+00:00,DPR &amp; Russia Military Charging Toward Ukraine Territory In the Volnovakha area.. https://t.co/aRbj0FnTmL via @YouTube
47,2022-02-27 20:19:27+00:00,"Video report (DPR)

https://t.co/YNQfqbUvas
from Volnovakha area https://t.co/drQdfbHbDl"
48,2022-02-27 20:14:09+00:00,"@Fahrihamzah @DPR_RI Menurut saya tindakan mas Putin sdh bener itu , makanya Nato dan Barat kabur...sama halnya dgn papua..sikat gerombolan pemberontak gt loh ...pukul mundur keluar  Irian Jaya ...ah Pangab nya mandul alias cari aman melulu...kembalikan namanya jadi Irian Jaya jangan lg Papua..."
49,2022-02-27 20:01:12+00:00,@Arul70848368 @yo2thok @YaqutCQoumas @DPR_RI @nahdlatululama @MUIPusat Dimana yg pake speaker yg sampai terdengar menganggu lebih dari toa.. lonceng gereja hanya 16 kali dentang dengan jarak tiap dentang.  Seminggu sekali. Toa 5x sehari. Setiap hari denga volume besar . Perbandingan TOOLOLLL macam apa ini ???
50,2022-02-27 19:53:20+00:00,@alisyarief Yg TENTUKAN adalah DPR….! Ape lo
51,2022-02-27 19:43:12+00:00,dpr we gang gang
52,2022-02-27 19:34:48+00:00,"Anak"" nct/Exo/dpr ian"
53,2022-02-27 19:28:53+00:00,Like Johnny or dpr ian wkwkwkwk
54,2022-02-27 19:28:37+00:00,@kodok_007's account is temporarily unavailable because it violates the Twitter Media Policy. Learn more.
55,2022-02-27 19:27:34+00:00,@Ajitkum85387448 Maldhakka area near Mangal war peth. As per DPR.
56,2022-02-27 19:22:17+00:00,"Daripada kepala daerah yang ditentuin DPR, mending jodoh kaum jomblo yang ditentuin, biar gak susah nyari."
57,2022-02-27 19:20:05+00:00,why aku barutahu dpr korea ni siak sedap nak mampus semua lagu dia
58,2022-02-27 19:00:49+00:00,@alisyarief Jangan sampai di NKRI gara gara survei 70%.  Presiden.dpr.dprd.dpd lanjutin jabatan tanpa diplih rakyat. .
59,2022-02-27 18:58:15+00:00,@kodok_007's account is temporarily unavailable because it violates the Twitter Media Policy. Learn more.
60,2022-02-27 18:57:51+00:00,Anda ini DPR tapi cara memahami perktaan seseorang seperti kadrun.
61,2022-02-27 18:53:46+00:00,"@Hasbil_Lbs Selain menabrak konstitusi dan melanggar UUD 1945, penundaan pemilu yg digaungkan segelintir pihak juga makin merusak tatanan demokrasi kita. Andai pun diundur, lalu siapa pengganti Presiden, DPR, DPD, DPRD Provinsi/Kab/Kota? Belum lagi pilkada serentak? 
Salam ruwet 🙏"
62,2022-02-27 18:47:02+00:00,Anggota DPR RI Ade Rezki Pratama bantu korban gempa Sumbar https://t.co/gXU6Vi1dsZ
63,2022-02-27 18:45:15+00:00,"Lemahnya Peran MKD, Diduga Jadi Penyebab Anggota DPR RI Tidak Patuh Setor LHKPN https://t.co/DdJ6txQ8Hp"
64,2022-02-27 18:38:30+00:00,"simon dominic
ian dpr
hwang inyeop
juyeon tbz"
65,2022-02-27 18:33:23+00:00,"@Box2BoxBola Indo juga banyak min,piala sudirman ,piala gubernur jatim, piala presiden,piala menpora,piala menteri piala dpr,piala kelurahan rt rw dll."
66,2022-02-27 18:12:04+00:00,Anggota DPR koalisi pemerintah dari Fraksi Gerindra Fadli Zon menilai kebijakan yang dibuat Presiden Jokowi tidak melindungi rakyat dan justru sebaliknya. https://t.co/3oS7YAw6ks
67,2022-02-27 17:58:11+00:00,"Bagi para pejabat apakah menteri, DPR, dll yg terganggu mendengar suara adzan lafadz Allah, maka mereka termasuk golongan setan 😈,,,"
68,2022-02-27 17:50:10+00:00,"Rindu duet bang @Fahrihamzah dan bang @fadlizon semoga 2024 bisa kembali jadi wakil kami lantang bersuara kritis yang konstruktif di @DPR_RI 

Istahiblana yaa Allah"
69,2022-02-27 17:46:30+00:00,"@tvindonesiawkwk Salah strategi buat kaya, meningan terkenal jadi anggota DPR Narnia, korupsi, ga terlalu lama keluar penjara - nikmati hidup"
70,2022-02-27 17:38:40+00:00,DpR IAN flaco para de ser tan hermoso
71,2022-02-27 17:36:15+00:00,#nowplaying Goyang DPR - Jamal Mirdad | Dengarkan via --&gt; https://t.co/RLqVbkQ1fz https://t.co/PqVnpwa2LJ
72,2022-02-27 17:27:39+00:00,"Jika sdh diteken pak jok, disetujui DPR kita bisa apa?Mengelus dada?
Posting status?
Tidur? 

Nasib 🥺"
73,2022-02-27 17:23:28+00:00,@zerosum24 LPR &amp; DPR use red.
74,2022-02-27 17:18:15+00:00,"@cutiebetches @sbyfess berat ya, ga niat masuk dpr?"
75,2022-02-27 17:13:09+00:00,tebak lagu lejen ini yg menemani demo dpr pada tidur https://t.co/4IDG7dxTwd
76,2022-02-27 17:07:10+00:00,@tradersushma @AnandableAnand Bhanji sirf 40k soldiers hai and wo bhi LPR DPR k
77,2022-02-27 17:01:37+00:00,@OposisiCerdas Harusnya @RamliRizal bisa tanya ke @FraksiPKB sama @FraksiPAN yang ribut mau menunda ..yang jelas Pak @jokowi pasti taat hukum dan UUD45 bagaimana dengan @DPR_RI dan @MPRnews kok diam aja.. para fraksi lainnya??
78,2022-02-27 16:57:27+00:00,"@bbchausa Toh munji, Dan Allah mugani a kasa. Kuma DPR sujajirce suyi aikinsu. Dan Allah."
79,2022-02-27 16:55:33+00:00,Andai pemerintah Indonesia mau itu dpr atau lainnya kaya bapak ini. Dijamin Indonesia mulusssss https://t.co/m7VqeZOver
80,2022-02-27 16:52:56+00:00,bbm ghoster talaga oh
81,2022-02-27 16:42:11+00:00,@hellosunday57 aseli sebel bet mending nge-invite dpr boys yg memang udah sering dpt endorse dr ysl daripada tuh lakik
82,2022-02-27 16:39:52+00:00,@Puthutea Mem-PAW semua Anggota DPR ?
83,2022-02-27 16:38:03+00:00,"Kunjungi Korban Kebakaran, Ketua DPR Kota Antar Bantuan Masa Panik  https://t.co/WE8qglqUP9"
84,2022-02-27 16:37:06+00:00,@tvindonesiawkwk @jokowi UU tipikor nya yg mesti di perkuat.. DPR mana mau
85,2022-02-27 16:34:21+00:00,"@basebuku Anak petinggi negara gitu gak si, minimal dpr"
86,2022-02-27 16:33:28+00:00,Anggota DPR: Program PKB untuk Sejahterakan Rakyat https://t.co/S983BK5PH2 https://t.co/NG9wqCr1xc
87,2022-02-27 16:32:50+00:00,"I've just posted a new blog: Kunjungi Korban Kebakaran, Ketua DPR Kota Antar Bantuan Masa Panik  https://t.co/WE8qgl9RN9"
88,2022-02-27 16:32:49+00:00,"Kunjungi Korban Kebakaran, Ketua DPR Kota Antar Bantuan Masa Panik  https://t.co/WE8qgl9jXB"
89,2022-02-27 16:31:55+00:00,@rmol_id Berarti rakyat bs jg nongkrong digedung DPR ya...
90,2022-02-27 16:31:16+00:00,Karna ketua @DPR_RI @puanmaharani_ri tdklah pintar.
91,2022-02-27 16:31:04+00:00,@JlGGUKlE dpr ian
92,2022-02-27 16:23:42+00:00,"@AlvChrist Liat yah 3 minggu kedepan kalo 131 announce merch, DPR Ian announce MITO 2 dan mereka semua bikin  rekening gw menjerit2 gw kirim santet sih sampe bola kristalnya kedap kedip 

(Buat yang ngerti ajah)"
93,2022-02-27 16:19:15+00:00,Kenapa gaji dan tunjangan anggota DPR gampang banget naiknya tapi peofesi lain enggak
94,2022-02-27 16:17:40+00:00,Anggota DPR: Program PKB untuk Sejahterakan Rakyat https://t.co/1Kgr2m8wF2
95,2022-02-27 16:16:24+00:00,"@VeritasArdentur di lini masa, sudah ada yg mention, LPR dan DPR akan diakui oleh Zelensky, hsil dari perundingan di Belarusia. Benar tebakan abang... Jika hanya ini, tentu costnya rusia sangat rugi. Aku yakin, pointnya, tidak hanya ini nanti."
96,2022-02-27 16:14:47+00:00,@ieatcuya anggota DPR
97,2022-02-27 16:14:34+00:00,Komisi VI DPR soal 24 Ton Minyak Goreng Ditimbun : Ada Pengusaha Manfaatkan Situasi https://t.co/qfsZfmOnJH
98,2022-02-27 16:12:16+00:00,"@RonnyYulianto7 Anggota DPR RI PAW neee, dri Dapil di Sumbar..🤣🤣"
99,2022-02-27 16:10:53+00:00,@kodok_007's account is temporarily unavailable because it violates the Twitter Media Policy. Learn more.
100,2022-02-27 16:09:06+00:00,"@MardaniAliSera Ya pasti dibikin konstitusional, konstitusi kan dibuat DPR, makanya sekarang para ketua partai lagi konsilidasi. Nanti dibuatkan UU perpanjangan jabatan Presiden atau apa namanya,seiring dengan ditundanya pemilu."
101,2022-02-27 16:08:47+00:00,"@kompascom Kalau pemilu ditunda ,berarti presiden/wakil ,DPR ,DPD ,MPR semua jadi ilegal karna melanggar konstitusi jadi rakyat nggk perlu nurut lagi ama kebijakan mereka saat itu"
102,2022-02-27 16:04:51+00:00,"@dntii_chaa gatau kackk
tanya DPR sj"
103,2022-02-27 16:02:35+00:00,@kodok_007's account is temporarily unavailable because it violates the Twitter Media Policy. Learn more.
104,2022-02-27 15:56:28+00:00,"Tim Kunjungan Kerja Komisi VI DPR RI menggelar pertemuan dengan Eselon 1 Kementerian Investasi / BKPM, Kementerian BUMN, PT Pelabuhan Indonesia (Persero) Makassar, PT ASDP Indonesia Ferry, Perum Perikanan Indonesia (Perindo) di Kota Makassar, Jumat, 25 Februari 2022. #KunkerDPR https://t.co/JLE9rvPjsl"
105,2022-02-27 15:52:43+00:00,"Kazakhstan menolak untuk mengakui DPR dan LPR dan menolak mengirim pasukannya ke Ukraina. Artinya, kami memiliki satu Gauleiter Belarusia di antara sekutu. Dan juga Ossetia Selatan."
106,2022-02-27 15:49:23+00:00,"@tvindonesiawkwk Mending jadi anggota DPR Zimbabwe terus korup sih, untung banyak ditahan gk lama, lepas tahanan masih bisa nyaleg. Mantap"
107,2022-02-27 15:49:20+00:00,"https://t.co/AvnOBP0k6j

Anggota DPR RI F-PDIP, Masinton Pasaribu mengatakan pihaknya menolak usulan penundaan pemilu dan memilih memperjuangkan amandemen konstitusi dalam memuat PPHN."
108,2022-02-27 15:47:45+00:00,"@sh4kesbeer @russianforces Russia can exit Ukraine, Georgia, Moldova and Belarus, give back Krim, DPR and LPR"
109,2022-02-27 15:46:08+00:00,"@KhhFess eung freestyle - sik k dpr live punchnello owen flowsik

 itu enak bgt 😭"
110,2022-02-27 15:45:29+00:00,@jpnncom Parlemen and pemerintah tdk pernah bicara ttg penundaan pilpres/pemilu ko pd ribut sdri. Ty pd DPR/MPR serta pemerintah khususnya pd Presiden ttg berita yg viral spt ttg masa jabatan 3 periode tempo hri dan sdh dijwb oleh presiden ttg hal itu
111,2022-02-27 15:45:08+00:00,@kodok_007's account is temporarily unavailable because it violates the Twitter Media Policy. Learn more.
112,2022-02-27 15:44:32+00:00,@KNPIMediaCentre @jokowi @Kiyai_MarufAmin @ListyoSigitP @KomnasHAM @mprgoid @DPR_RI @DPDRI @mohmahfudmd @DivHumas_Polri @divpropampolri @PolriBareskrim Nyimak
113,2022-02-27 15:42:23+00:00,"Haris Pertama Alami Percobaan Pembunuhan, KNPI Sumut: Tangkap Dalangnya! @jokowi @Kiyai_MarufAmin @ListyoSigitP @KomnasHAM @mprgoid @DPR_RI @DPDRI @mohmahfudmd @DivHumas_Polri @divpropampolri @PolriBareskrim 

https://t.co/1sX3kmeMGL"
114,2022-02-27 15:40:27+00:00,"Reses, Anggota DPR RI Bisri Romly Beri Motivasi kepada Pelajar NU di Acara Latihan Kader Muda https://t.co/uuvjI1FHyk"
115,2022-02-27 15:39:35+00:00,"@ricoruhukail @ChusnulCh__ Emang DPR mau ngapain ?
Salah memperkuat pindasi dengan bambu ?"
116,2022-02-27 15:36:04+00:00,@vngerokok 3/10 orang rumah nyari ribut kek ketua dpr
117,2022-02-27 15:34:41+00:00,"Tim Kunjungan Kerja Komisi VI DPR RI pertemuan dengan Kementerian Investasi / BKPM, Eselon 1 Kementerian BUMN, PT BNI (Persero) Tbk, PT Kawasan Industri Makassar (Persero), PT Semen Indonesia (Persero) Tbk, PT Semen Tonasa, di Kota Makassar, Kamis, 24 Februari 2022. #KunkerDPR https://t.co/bM5O3ADGSt"
118,2022-02-27 15:34:36+00:00,"Tadi makan di nasi kapau pak nin.
Pake cincang kambing yang rupanya 34 ribu 1 porsi.
Padahal cincang sapi cuma 11 ribu.
Tapi okelah, untuk nasi padang paling keren di Batam.
Sempat ketemu yg punya juga tadi, mantan menteri yg sekarang jadi anggota DPR.
Rupanya kawan lama papi."
119,2022-02-27 15:25:21+00:00,"@matius_wonda @PemprovPapua @KemenPU @pupr_pembiayaan @DPR_RI @SuaraPapua @jubidotcom @Mulalt_ @Kejora61 @LannyJikwa @jokowi @WempiWetipo Kira"" Aspirasi Apa yang disampaikan oleh Ketua IMAPA JADETABEK???"
120,2022-02-27 15:22:29+00:00,"DPR IAN : Know me 
1:10 -&gt; 1:30"
121,2022-02-27 15:21:28+00:00,"""Mari kita mengenang dengan baik perjalanan suci Rasulullah SAW dengan menjadikannya sebagai pembelajaran dan tauladan bagi kita untuk menjadi lebih baik lagi""

_H. Toto Suripto, S.E., S.H., M.H._ @ DPR RI https://t.co/68yfEvCk8u"
122,2022-02-27 15:19:57+00:00,"sch! yang bener Bahasa Indonesia atau bahasa Indonesia ya? terima kasih sebelumnya!

✄・・・
🧐 Trivia: Duta dan konsul diangkat oleh presiden dengan memperhatikan pertimbangan DPR"
123,2022-02-27 15:18:56+00:00,Jangan Pilih Ketua DPR Tersangkut Korupsi. Berikut ini Setya Novanto Korupsi Baca selengkapnya. https://t.co/sZ20eGq6k5
124,2022-02-27 15:15:41+00:00,"@fattalian @mvstheo @ibrardhan @raffjuanda Kecil kecil dah nilep uang po, gedenya pasti mau jadi dpr"
125,2022-02-27 15:15:07+00:00,"Rekan2 media silakan tanya pemerintah dan DPR ini UU apa bisa digunakan utk memastikan adanya gencatan perang nuklir di Ukraina ya, pasti pada takut itu kalo BNN ke sana dan tes urin satu2"
126,2022-02-27 15:11:43+00:00,"Ketika ada sebagian warga di Sumbar menolak kedatangan menteri sosial, ibu Risma, mengunjungi lokasi gempa, adakah wakil DPR dapil Sumbar bersuara ? BUNGKAM ! ,  Adakah mereka yg mengaku tokoh nasional dari Minang bersuara ? Juga BUNGKAM.
Apa yg kalian inginkan ?"
127,2022-02-27 15:11:43+00:00,@geloraco Setujuuuuhh termasuk begal konstitusi atau makar UUD 45 kan Prof . Rakyat wajib bela rawe2 rantas malang 2 putung menyelamatkan nya.  Lupakan DPR
128,2022-02-27 15:09:58+00:00,@republikaonline Siap gelar Revolusi Besar Rakyat akan mengawal Pemilu 2024. Siap kepung Gedung DPR RI dan Istana Negara jika Pemilu 2024 gagal.
129,2022-02-27 15:09:16+00:00,"@DPR_RI sudah sepatutnya memanggil menteri agama untuk mempertanggung jawabkan perkataannya yg membuat kegaduhan di masyarakat. 

Mungkin bisa dipelopori oleh @PKSejahtera @FPKSDPRRI . 

Cc : pak @hnurwahid @tifsembiring @JazuliJuwaini

#ProsesHukumYaqut"
130,2022-02-27 15:09:07+00:00,@WajahPribumiii Hahaha.. MUI sekarang udah jadi anggota DPR 😁
131,2022-02-27 15:08:12+00:00,@kodok_007's account is temporarily unavailable because it violates the Twitter Media Policy. Learn more.
132,2022-02-27 15:06:18+00:00,@yudoluv Dpr Ian - So Beautiful 🥰
133,2022-02-27 15:02:18+00:00,Alhamdulillah gak jadi lapor dpr mpr karena merasa ditipu
134,2022-02-27 15:01:50+00:00,nyari yg kaya dpr ian tpi islam dimana ya😔
135,2022-02-27 15:01:22+00:00,"Kader Golkar ini banyak tersandung korupsi, Setya Novanto jangan sampai menjadi ketua DPR"
136,2022-02-27 15:00:51+00:00,"@tempodotco ❌ PKB punya figur kuat utk Pemilu
✅ PKB ga punya figur kuat, pasti kalah kalau Pemilu. Biarlah sekarang aman di DPR."
137,2022-02-27 14:58:27+00:00,"@Ombahku @visiau @yaniarsim @jokowi @mohmahfudmd @DPR_RI @Puspen_TNI @tni_ad @DivHumas_Polri @NTMCLantasPolri @CCICPolri @BNPTRI @nahdlatululama @nu_online Selalu menganggap yg beda sebagai musuh namun selalu teriak kenceng Pancasila, Bhinneka Tunggal Ika, NKRI. Di LN saja diakui, tapi di negara yg pernah dilahirkan dimusuhi."
138,2022-02-27 14:57:43+00:00,@kodok_007's account is temporarily unavailable because it violates the Twitter Media Policy. Learn more.
139,2022-02-27 14:56:03+00:00,"@dpr_yian //. Gue udah duluan minggu lalu, hyung wkwk"
140,2022-02-27 14:53:58+00:00,"@HeriSuwondo2 Pemily minta diundur ??? Identik kudeta konstitusi brow
Hanya ambisi para oligarky ko. Yg rakus kekuasaan .  Selamat Malam DPR"
141,2022-02-27 14:52:38+00:00,@raidenaldriano dpr yg ada puan
142,2022-02-27 14:51:13+00:00,kapan ya rudak ukraina ke istana dan DPR serta markas tentara negara Wakanda?
143,2022-02-27 14:50:40+00:00,@convomf HBD WUATB GBU WYTB HPBD DBD DPR MPR KPK KRS SD SMP SMA
144,2022-02-27 14:50:01+00:00,@yellowcardpjh Ngakak yg magang di DPR😭😭
145,2022-02-27 14:47:48+00:00,@actlantics dpr gk sih itu
146,2022-02-27 14:46:03+00:00,"Untuk itu, kata dia, Komisi IX DPR tidak henti-hentinya melakukan sosialisasi untuk protokol kesehatan dan mengajak masyarakat untuk segera vaksin. 
#DisiplinProkesCegahCovid
https://t.co/v2p3dvrZ1T."
147,2022-02-27 14:45:59+00:00,"Anggota Komisi IX DPR RI, Elva Hartati, mengatakan tata kelola vaksin harus terus dibenahi, termasuk rantai distribusinya. 
#DisiplinProkesCegahCovid
https://t.co/3vD9WxeI5H"
148,2022-02-27 14:45:28+00:00,"RU.

UKR hanya bisa menjamin dia negara netral, dan melepaskan claim atas crimea, LPR, DPR.

Tinggal nunggu amrik, menjamin pangkalan NATO mundur."
149,2022-02-27 14:44:20+00:00,wooseok feat DPR LIVE!
150,2022-02-27 14:41:16+00:00,"Anggota Komisi IX DPR RI, Elva Hartati, mengatakan tata kelola vaksin harus terus dibenahi, termasuk rantai distribusinya. 
#DisiplinProkesCegahCovid
https://t.co/oQfAfm64aG"
151,2022-02-27 14:40:12+00:00,"@azwarsiregar mas,bisa nggak bilang ke mang putin,agar mengarahkan rudal balistik nya ,satu aja ke DPR dan istana negara Wakanda😂😂"
152,2022-02-27 14:39:54+00:00,"Profil Harris Turino, Anggota DPR RI Dapil Jateng IX
 https://t.co/vGvELiZr1h"
153,2022-02-27 14:39:48+00:00,@rankmudo5 @bos_sir Golkar pkb pan pdip merasa di untungkan klo jabatan presiden diperpanjang otomatis anggota DPR juga diperpanjang mereka asik menikmati jabatan tanpa adanya pemilihan.. harus nya mereka ditangkap krna sudah melanggar konstitusi aturan 2priode tida boleh ditambah atau dikurangin
154,2022-02-27 14:38:46+00:00,"@TMCPoldaMetro Jadi ingat plat mobil Arteria Dahlan si anggota DPR yg bisa diganti ganti. 
Tapi cuma berita di tv sih..."
155,2022-02-27 14:37:50+00:00,Dari saya tinggal di.komp dpr smp saya pndah rmh n kdg mreka jd sopir truk n pick up lho masuk2 komplek sini....
156,2022-02-27 14:37:49+00:00,"@PDemokrat Ank muda u jgn seperti org.buta tuli Masa ini adalah paling jaya. Igtifar, kasian dgn mu nanti mala org tambah benci. Nanti waktu yg akan membutikan. 2024 demokrat ga da di DPR, RI/ Senayan."
157,2022-02-27 14:37:43+00:00,"@bachrum_achmadi @aniesbaswedan Kalau benci jangan tutup mata jangan tutup telinga, jadi nggak kelawatan bencinya. Kalau DPR  mau merubah undang undangnya jabatan presiden bisa 3 periode tentu pak jokowi masih berpeluang jadi presiden."
158,2022-02-27 14:37:20+00:00,"Profil Harris Turino, Anggota DPR RI Dapil Jateng IX . @Harris_Turino @harristurino @PDI_Perjuangan  https://t.co/PkVs44wXOl"
159,2022-02-27 14:37:07+00:00,"@tempodotco Silahkan pemilu tunda tapi presiden ,dpr dan mentri² ny gantiiiii sama profesional"
160,2022-02-27 14:35:42+00:00,KATA KAK ARIN MIRIP TINA TUN JENO PARAH BET MENGUBAH MUKA GWA JD ANGGOTA DPR
161,2022-02-27 14:35:01+00:00,"3. @dpr_yian bukan first impression sih.. tapi gua dulu inget banget kalau jb² atau kenapa² langsung mikir nanya ke Ian hyung, gak tau kenapa pas masih takut buat ngobrol sama yang lain gua malah biasa aja ngobrol sama dia. So thanks hyung"
162,2022-02-27 14:33:43+00:00,@kaywin022__ dpr live
163,2022-02-27 14:33:36+00:00,"@ShenoWirang @jokowi @PDemokrat Mending mingkem sajalah. Kalian partai mangkrak harus tau diri dan jangan banyak komen thdp pemerintah saat ini, karena apa yg kalian lakukan selama 10thn berkuasa TIDAK ada apa2nya, malah kader2 mulai dr Menteri2, Anggota DPR, Ketua Partai kalian rame2 korupsi berjamaah. https://t.co/cCoo0YU2KW"
164,2022-02-27 14:32:44+00:00,@Rubyjance dpr Ian?
165,2022-02-27 14:31:59+00:00,@kodok_007's account is temporarily unavailable because it violates the Twitter Media Policy. Learn more.
166,2022-02-27 14:31:38+00:00,"Ayo Ikuti Lomba #BintangOrator Televisi dan Radio Parlemen DPR RI. 

Kirimkan orasimu dan jadilah Bintang Orator Televisi dan Radio Parlemen DPR RI.

Tema orasi ""Perubahan Iklim Semakin Mengancam Dunia”. https://t.co/8bKPDfaXMO"
167,2022-02-27 14:31:12+00:00,"@DaniCicadasBdg enak bener yg DPR, DPRD PROVINSI, DPRD KAB/KOTA periode sekarang"
168,2022-02-27 14:29:54+00:00,"@ssnggrnwjyyy @collegemenfess Sesok nyobo DPR sus, menowo isoh bobok siang 😂"
169,2022-02-27 14:29:33+00:00,"*Puan Tegaskan Pers Miliki Peran Penting Tangkal Hoaks*

Ketua DPR RI Puan Maharani menilai pers Indonesia memiliki peran dalam menangkal dan melawan informasi bohong atau hoaks yang beredar di masyarakat.
 https://t.co/e8iDdArLtj"
170,2022-02-27 14:29:31+00:00,@Okkkaaa3 @erickthohir @AXAIndonesia @jokowi @ListyoSigitP @ojkindonesia @KPK_RI @DPR_RI Axa  bukannya asuransi bro ??
171,2022-02-27 14:27:56+00:00,"ketua Umum PUAN HAYATI Pusat - Peran Perempuan Penghayat Kepercayaan Terhadap Tuhan YME  dalam Penguatan Organisasi Kepercayaan Terhadap Tuhan YME oleh Akedemisi - Bimbingan Perencanaan Bisnis oleh Pelaku bisnis tradisi/kerajinan
..
..
@dpr_ri @kemdikbud.ri @kemenkopukm"
172,2022-02-27 14:27:29+00:00,"@Askrlfess Ini yang korupsi duit rakyat malu ga ya liat ginian? Ga malu lah, uratnya udah putus. Tapi keterlaluan si masa digaji segitu sebulan, gaji dpr mending dikurangin dah, gaji gede kerjaannya tidur enak bgt haha. Buat mbanya semoga ada keadilan ya, semoga bisa dpt kerjaan yg lbh baik"
173,2022-02-27 14:27:20+00:00,Pendidikan dan Kebudayaan - Pemberdayaan Perempuan Melalui Kemitraan Dalam Kewirausahaan oleh DPP IWAPI - Peran Legislatif Dalam Pemenuhan Hak-Hak Perempuan Indonesia oleh Anggota Komisi X DPR RI - Program Kemitraan Strategis Dalam Mendukung Peran Wanita Dalam Perekonomian oleh
174,2022-02-27 14:24:44+00:00,@diluc_dpr_ri drpd lu tukang roasting!!!
175,2022-02-27 14:24:39+00:00,@oleumcajuputi_ @sheldon05james Dpr rian
176,2022-02-27 14:21:07+00:00,@sbyfess Daerah kav dpr buanyakk
177,2022-02-27 14:18:31+00:00,"Ga ada malunya, sama kaya anggota DPR negri wakanda"
178,2022-02-27 14:18:14+00:00,"@WajahPribumiii @NgkongRoses 🤣
Bentar"" FATWA 
Tanpa harus berfatwa pun
Pemerintah &amp; DPR JELAS
Memutuskan pemilu 2024 diselenggarakan tanggal 14 februari
Clear !

Kenapa @MUIPusat tidak mengeluarkan fatwa u/ USTAD yg memperkosa santrinya

Sepertinya MUI tak lebih dari kumpulan para bajingan penjual fatwa"
179,2022-02-27 14:16:22+00:00,"@Arul70848368 @hadifianwidjaja @MulyadiMade @iwakmangut @AlissaWahid @YaqutCQoumas @DPR_RI @nahdlatululama @MUIPusat @gp_ansornu Betul, dimulai dari yang super berisik dulu ya"
180,2022-02-27 14:12:47+00:00,PLIS KAOS PUTIH DPR https://t.co/zCdF3wtqix
181,2022-02-27 14:09:27+00:00,@luvS2xxx_x DPR live - Martini blue
182,2022-02-27 14:07:08+00:00,"@KangNanooo @Helmi_Felis Jangan mendongkol ya kalau ternyata menjelang pilpres nanti DPR mengamandemen UUD45, yang membuka peluang agar Pak @jokowi  bisa nyapres lagi. Terlebih lagi suara mayoritas di DPR saat ini adlh pendukung pemerintah."
183,2022-02-27 14:03:06+00:00,@yacchanism dpr we gang gang ajh
184,2022-02-27 14:01:50+00:00,duh keinget jaman fade away jb sama jasmine dpr itu dulu rame masalah sampling. tapi ya masalahnya ini lyricnya pun mirip loh...
185,2022-02-27 14:00:28+00:00,@humenity_ Ndek mana? Kav dpr ta?
186,2022-02-27 13:59:02+00:00,"@mhmdeff00 fiq, alexander borodai dalam DPR lagi ke?"
187,2022-02-27 13:58:30+00:00,"di juveline justice, gue jadi belajar, gimana pendirian seseorang bisa goyah gara-gara jabatan dan kehormatan. Hakim yang bahkan adil selama 22 tahun, bisa goyah gara2 kasus anaknya yg bocorin soal bisa bikin dia gagal jadi dpr. hadeh dunia dunia"
188,2022-02-27 13:58:18+00:00,"@democrazymedia Ustat bang** ngomong doang, coba tanya ustat2 dari golongannya pernah tidak datang ke istana atau dpr untuk menasehati pemerintah kalau kebijakannya merugikan rakyat???"
189,2022-02-27 13:58:15+00:00,@PutraErlangga95 Auto blokir entar kalo pemilu. Jangan sampai ada LG di DPR.
190,2022-02-27 13:57:51+00:00,Bupati Inhil Serahkan Proposal Kerjasama Perbatasan kepada Anggota DPR RI Syahrul Aidi Maazat https://t.co/jE8hkxFq7R
191,2022-02-27 13:57:51+00:00,@exoseleraku_ dpr (keknya masuk kpop deh)😔
192,2022-02-27 13:55:05+00:00,"*Hasanuddin Tegaskan Warga Jabar Ingin Pemekaran!*

Anggota DPR RI, TB Hasanuddin menegaskan jika warga Jawa Barat bukan meminta otonomi khusus atau provinsi Sunda Raya yakni penggabungan tiga provinsi yaitu Jabar, Banten dan DKI.
 https://t.co/UQqZlLCvTo"
193,2022-02-27 13:54:43+00:00,@convomf Dpr live https://t.co/eeWnbo7dGB
194,2022-02-27 13:54:03+00:00,Anggota Komisi IX DPR RI Irma Suryani Chaniago atau Uni Irma minta polisi bongkar pihak yang melindungi pemalsu tes Covid-19 di Bandara Soetta. #PemalsuTesCovid-19 https://t.co/hVDoGHTGFF
195,2022-02-27 13:54:00+00:00,"Hanya Ada Tiga Jalan untuk Menunda Pemilu 2024, ini pandangan Yusril buat Indonesia

https://t.co/MRMabsZX5w

#pemilu2024 #yusrilihzamahendra #dpr #dpd #dprd #bkpm #kpu #pemilu2024ditunda #Lensaindonesiacom"
196,2022-02-27 13:52:27+00:00,"@Julian51758164 @DPR_RI 👍juga krn pemahaman mreka yg👇
https://t.co/TV5VsZmkpQ"
197,2022-02-27 13:52:08+00:00,@actlantics Baguss DPR IAN sangat tampan
198,2022-02-27 13:51:49+00:00,46. dpr ian
199,2022-02-27 13:51:22+00:00,Mohon maaf kalo DPR banyak salahnya 🙏 ngga semua anggota kita lulusan jurusan pertambangan perminyakan yang punya-punyaan peta sumber daya alam indonesia. #mengingatkan #throwbacksunday #HappySunday
200,2022-02-27 13:51:08+00:00,19.#NewsRecap Kanwil Kemenkumham Bali: Kanwil Kemenhumham Bali &amp; DPR RI Diskusi Uji Konsep Naskah Akademik Dan Rancangan UU Tentang Keimigrasian https://t.co/Rb3ctL33Vn
201,2022-02-27 13:51:05+00:00,14.#NewsRecap Kanwil Kemenkumham Bali: Kanwil Kemenkumham Bali Bersama Badan Keahlian DPR  Diskusi Uji Konsep Naskah Akademik dan RUU Tentang Keimigrasian https://t.co/Dvuks9QyRw
202,2022-02-27 13:51:04+00:00,13.#NewsRecap Kanwil Kemenkumham Bali: Kanwil Kemenkumham Bali Bersama Badan Keahlian DPR  Diskusi Uji Konsep Naskah Akademik dan RUU Tentang Keimigrasian https://t.co/0D2uuAmPlK
203,2022-02-27 13:51:04+00:00,12.#NewsRecap Kanwil Kemenkumham Bali: Kanwil Kemenkumham Bali Bersama Badan Keahlian DPR  Diskusi Uji Konsep Naskah Akademik dan RUU Tentang Keimigrasian https://t.co/h6iITE2TR7
204,2022-02-27 13:51:03+00:00,11.#NewsRecap Kanwil Kemenkumham Bali: Kanwil Kemenkumham Bali Bersama Badan Keahlian DPR RI Lakukan Diskusi Uji Konsep Naskah Akademik dan Rancangan Undang - Undang Tentang Keimigrasian https://t.co/mxgI1sgjZC
205,2022-02-27 13:51:02+00:00,10.#NewsRecap Kanwil Kemenkumham Bali: Kantor Imigrasi Kelas I Khusus TPI Ngurah Rai dan Badan Keahlian DPR RI Gelar Diskusi Bersama Bahas Tugas dan Fungsi Keimigrasian https://t.co/phXDyls91C
206,2022-02-27 13:48:40+00:00,Upaya DPR Panggil Tan Paulin Soal Dugaan Ilegal Mining Sudah Tepat  https://t.co/BCxn4f3X0U
207,2022-02-27 13:48:15+00:00,@democrazymedia biar lu bisa masukin kapir' spt pemilu 1999 mayoritas anggota DPR PDIP non-muslim
208,2022-02-27 13:47:24+00:00,"@RizkiAsihan Mereka yg ada di gedung DPR sebagian besar matanya, kupingnya bahkan otaknya udah pada bermasalah"
209,2022-02-27 13:46:24+00:00,@kodok_007's account is temporarily unavailable because it violates the Twitter Media Policy. Learn more.
210,2022-02-27 13:45:11+00:00,"@CNNIndonesia Daripada pusing mikirin minyak goreng langka
Lebih baik masakan semuanya serba direbus, dipanggang.
Kembali ke alam spt kita camping ditengah hutan.
Hanya presiden, wapres, menteri2 dan anggota dpr dan dprd saja kita bebaskan menikmati gurihnya goreng ikan, telor.. krn mereka Bos"
211,2022-02-27 13:44:36+00:00,@__1975JENO ak pikir km anaknya dpr kack😞
212,2022-02-27 13:44:19+00:00,"contohnya kaya dpr live jasmine &amp; got7's jb sunrise itu mereka pake sample yg sama tapi begitu masuk ke singing part kalian langsung ngeh ""oh beda bgt.."""
213,2022-02-27 13:44:06+00:00,@SiPeNutur @DPR_RI Mayoritas mementingkan deal2 politik elit partai dan mengabaikan aspirasi rakyat. https://t.co/2kGQXzN77T
214,2022-02-27 13:42:33+00:00,@kodok_007's account is temporarily unavailable because it violates the Twitter Media Policy. Learn more.
215,2022-02-27 13:41:20+00:00,"*Selly Beberkan Penyaluran BPNT Tahun 2021 Belum Tuntas*

Anggota DPR RI Selly Andriany Gantina menyebutkan, jika penyaluran Bantuan Pangan Non Tunai (BPNT) di Kabupaten pada tahun 2021 belum tuntas, masih ada sekitar 28 ribu penerima BPNT.

 https://t.co/qnvgcRkMnp"
216,2022-02-27 13:41:15+00:00,@Mdy_Asmara1701 mari kita invasi DPR dan istana kita siap membangkang
217,2022-02-27 13:40:25+00:00,"@CNNIndonesia Proporsional tertutup pemilu 2024 ?

apakah para partai politik sdh satu suara semua dgn MPR - DPR untuk melakukan amandemen UUD 1945.
Penting penjelasan nya secara detail,apa dasar dan alasan nya untuk mengundurkan pemilu 2024,serta untuk melakukan proporsional tertutup ?"
218,2022-02-27 13:40:19+00:00,Sikap bbrp angota @DPR_RI yg bagus d antara mayoritas yg buruk...
219,2022-02-27 13:39:54+00:00,@kodok_007's account is temporarily unavailable because it violates the Twitter Media Policy. Learn more.
220,2022-02-27 13:39:16+00:00,@kodok_007's account is temporarily unavailable because it violates the Twitter Media Policy. Learn more.
221,2022-02-27 13:37:58+00:00,Anggota DPR RI Demokrat Achmad Sebut Pemilu 2027 Bentuk Pengkhianatan Terhadap Darah Perjuangan Reformasi https://t.co/yxGcBMORQi
222,2022-02-27 13:37:37+00:00,@CNNIndonesia Pak menteri-menteri yang ga sesuai boleh dikurangi ga ? Lanjut gaji DPR MPR yang ga sesuai dengan kerjanya boleh dikurangi ga ?
223,2022-02-27 13:36:07+00:00,"Sebuah partai politik baru bernama Partai Pandu Bangsa tiba-tiba muncul menggugat KPU, DPR, dan Kemenkes agar menunda Pemilu ke 2026. https://t.co/WIYP5fTKRq"
224,2022-02-27 13:33:19+00:00,@Okkkaaa3 @AXAIndonesia @jokowi @ListyoSigitP @ojkindonesia @KPK_RI @DPR_RI @TMCPoldaMetro Maaf saya jangan di tag juga ...sdh resign lama jd mau bantu juga gak bisa ...🙏🙏🙏semoga segera masalahnya ...
225,2022-02-27 13:32:33+00:00,@lightpriii Demo yg taun 2019 digedung dpr itu lohh wkk
226,2022-02-27 13:31:17+00:00,@sanjanasen26 @ishita__1009 @aadeezgg @aishu_aadeez *dpr sathe
227,2022-02-27 13:31:12+00:00,@gathaul Lu dpr nya ya
228,2022-02-27 13:29:39+00:00,"Ibu Kota Negara (IKN) Indonesia resmi akan berpindah dari DKI Jakarta ke Nusantara, Kalimantan Timur. Hal ini ditandai dengan disetujuinya RUU IKN menjadi undang-undang oleh DPR RI. https://t.co/hSqWZkHHL7

𝗝𝗼𝗸𝗼𝘄𝗶 𝗚𝗮𝘀 𝗣𝗼𝗹 𝗜𝗻𝗳𝗿𝗮𝘀𝘁𝗿𝘂𝗸𝘁𝘂𝗿 https://t.co/lW5opHkhtp"
229,2022-02-27 13:29:16+00:00,@dpr_yian @hongsuzui Ayo main! Hehe biasalah juan selalu ngekor bunda nya 🤣 jd cepet gede lah dia
230,2022-02-27 13:26:52+00:00,@_DPRLIVE_ Jaga kesehatan badin!
231,2022-02-27 13:23:17+00:00,"Jangan Mau Kalah Sama Pinjol, Komisi VI DPR Minta Bank Himbar Permudah Akses Pinjaman untuk Masyarakat https://t.co/QFNIDxlQEV"
232,2022-02-27 13:22:07+00:00,Katika eneo liitwalo Bucha nchini UKRAINE pametokea mapigano makali leo asubuhi ndidi ya DPR Militia. Vifaa vingi vya kijeshi vilivyokuwa eneo hili viliharibiwa vyote. https://t.co/B302jIJ0Iw
233,2022-02-27 13:17:46+00:00,@ariecsetiawan_ @PDemokrat ItuLah Lucu nya statement AHY ini ! Mundur pemiLu di asumsikan dgn RI1. PadahaL kemauan mundur bkn dr RI1. Ada parpoL yg mewacanakan. BLm tentu disetujui pemerintah. AHY hrs ny Lebih ke DPR dimna disana jg ada anggota nya. Bkn mnumbuhkn asumsi tdk sehat tentang kekuasaan.
234,2022-02-27 13:16:44+00:00,"#SahabatDikbud dan #SahabatBahasa

Berikut video testimoni Hari Bahasa Ibu Internasional dari Ketua Komisi X, DPR RI.

Mari, kita simak bersama!
https://t.co/DOfUps0QZC

#MB17
#bahasadaerahterawat
#badanbahasabermanfaatbermartabat"
235,2022-02-27 13:15:18+00:00,"@CNNIndonesia Kebijakan itu hrs dibahas dulu di DPR,jangan langsung putusan."
236,2022-02-27 13:14:11+00:00,@Lady_Zeebo TGB Bukan pemangku keputusan Politik. Biarkan Partai/DPR yang menentukan karena UUD Pilpres adalah Produk Politik (DPR dan Pemerintah).
237,2022-02-27 13:11:35+00:00,@PDemokrat DPR kok gblok
238,2022-02-27 13:11:08+00:00,"Ir. HM Nasim Khan Anggota DPR MPR RI F-PKB Komisi VI, Kembali Salurkan Ribuan Paket Sembako https://t.co/houn3ZVEXP"
239,2022-02-27 13:07:40+00:00,"@gieapaa hrus, u dpr soalnya"
240,2022-02-27 13:05:36+00:00,"BBM naik sama dengan rakyatnya jadi pada miskin, kita disuruh ngirit2 DPR minta naik gaji"
241,2022-02-27 13:01:52+00:00,"@xxssohee @hongsuzui Amin.. Makasih banyak sohee. Juan nya udah besar ya, nanti kapan kapan main sama Miu sama Biyul sini"
242,2022-02-27 13:01:35+00:00,gue lagi pengen pake ava nya ian DPR🙏
243,2022-02-27 13:00:30+00:00,@jokowi Pak dpr menyetujui pemilu diundur 2tahun lagi.... Yang bener ajha pak
244,2022-02-27 12:57:33+00:00,"Setahun Menjabat, MPR, DPR, dan Menteri ke Jembrana, Ini Hasilnya https://t.co/fdB01wW4Ab"
245,2022-02-27 12:55:40+00:00,Komisi IX DPR: Inpres BPJS Kesehatan Jadi Syarat Pelayanan Publik Tak Diperlukan https://t.co/k7KTrzTTeK https://t.co/QQegdaU8XV
246,2022-02-27 12:54:23+00:00,"Selamat setahunan sis @hongsuzui dan bang @dpr_yian 🤗 all time fav couple!! Hihi semoga semakin kuat hubungannya, semakin penuh cinta, dan selalu dapat saling mengasihi dan mengisi satu sama lain! Longlast and always full of love you both!!! Salam cinta dari hee dan juan! https://t.co/bjDWCh1K4e"
247,2022-02-27 12:52:37+00:00,@milcloudss_ @sangricx @ericbekasii @lopinjuy @juyeonsoloo bapa gw dpr jan salah u
248,2022-02-27 12:51:19+00:00,"@gembilf wkwk sibuk gaada sejam, DPR sibuknya cuma 5 menit haha"
249,2022-02-27 12:50:48+00:00,"@soujungz Lagi recharge energy dulu tal biar nanti full lagi, bisa jadi satpam tl"
250,2022-02-27 12:50:16+00:00,"@jenoucer Iya bener, makasih ya jungwoo. Jaga kesehatan juga jangan sampai tumbang #."
251,2022-02-27 12:49:16+00:00,@yuoasha @hongsuzui Makasih yua. Pedes banget kembangnya cocok buat zui sih
252,2022-02-27 12:48:52+00:00,ini ada usulan yg sangat mendasar dari rakyat indonesia bapak @KPU_ID segerakanlah @DPR_RI @DPDRI @jokowi
253,2022-02-27 12:47:32+00:00,Gua kirain siapa njir
254,2022-02-27 12:47:30+00:00,"DPP Partai Golkar mengucapkan selamat dan sukses kepada @acehasan76 (Wakil Ketua Komisi VIII DPR RI) terpilih secara aklamasi pada Musda Luar Biasa (Musdalub) DPD Partai Golkar provinsi Jawa Barat yang diselenggarakan di kantor DPP Partai Golkar Slipi Jakarta, Minggu (27/2). https://t.co/klx3kgnUui"
255,2022-02-27 12:44:46+00:00,"Hanya terkait jk ingin merubah atau merevisi bagian drpd UU.Pemilu &amp; yg via legislasi(DPR RI MPR RI &amp; DPD RI) mngamandemen UUD.45 tentu krn rakyat umumnya mmg menginginkn demi kebutuhan&amp;atau perkembangan bangsa di NKRI.Bkn demi kepentingn sebuah kelompok sj
DEMIKIAN PAK Jokowi🙏"
256,2022-02-27 12:44:25+00:00,"@hongsuzui Battery health aku lagi low yang, jadi begitu wkwk"
257,2022-02-27 12:43:42+00:00,@hongsuzui Gak boleh dilelang. Dua2nya punya aku!
258,2022-02-27 12:43:19+00:00,@hongsuzui Bibirnya mau diapain buk?
259,2022-02-27 12:42:42+00:00,@hongsuzui Ini juga manip lama deh ayang wkwk
260,2022-02-27 12:42:20+00:00,"Serap dan Tampung Aspirasi Masyarakat, Anggota DPR RI Komisi II Fraksi PAN Dian Istiqomah Sambangi Cengkareng Barat https://t.co/wufxlAwjPl"
261,2022-02-27 12:42:19+00:00,@dpr_yian Kok bentar sih bang? Biasanya jadi satpam tl
262,2022-02-27 12:40:18+00:00,"@tweetmiliter btul Minsk II sbg pjanjian ceasefire yg pd intinya Rusia mnyrahkn LPR DPR spnuhnya ke UKR, tdk akn dganggu &amp; ikt cmpur. Tp Minsk II jg jd bargain RUS kpd Nato utk brikan scurity guarantee utk tdk ekspansi keanggtan di tmur (UKR). Jgn naif, UKR hnya sbg proxy bgi 2 kkuatan bsr tsb"
263,2022-02-27 12:39:37+00:00,@noblce dpr ian
264,2022-02-27 12:39:29+00:00,@soujungz Wkwk beneran tal. Cuma lagi pengen on bentar
265,2022-02-27 12:33:01+00:00,"Rabu, 23 Februari 2022
Salam Indonesia Raya!!!
Kapoksi Komisi VIII DPR RI H. Abdul Wachid @abdulwachid.jateng2 Fraksi Partai Gerakan Indonesia Raya (Gerindra),
Bersama denga DPC Gerindra Kudus menyerahkan mobil ambulance untuk...

https://t.co/chX0xpGYGQ https://t.co/5bIoIq9T8L"
266,2022-02-27 12:32:25+00:00,"@KompasTV Coba tolong dipikirkan baik2, mana yg LEBIH PENTING, Keberlanjutan Pertumbuhan Ekonomi demi kesejahteraan Rakyat atau, Pilkada/Pemilu demi Jabatan para calon anggota DPR/DPRD, para calon Gubernur/Bupati/Walkot dan Capres/Cawapres yg baru?"
267,2022-02-27 12:31:03+00:00,"Anggota DPR RI Mulyadi, Pertemukan Kades dengan Menteri Pembangunan Desa di Jonggol https://t.co/o180q5AtH6 #harianmetropolitan #beritabogor #metropolitanid"
268,2022-02-27 12:30:46+00:00,dpr dibawah pohon rindang https://t.co/mrxBcDFzMY
269,2022-02-27 12:29:55+00:00,"Jd inget ada band namanya kremlin, judul albumnya glasnost perestroika. Cover albumnya punx and skins lg nginjek gedung dpr. Cover belakangnya lambangnya uni soviet."
270,2022-02-27 12:29:09+00:00,"Anggota DPR RI, Riezky Aprilia, terus berupaya membantu petani di sejumlah daerah di Sumsel untuk meningkatkan produktivitasnya. #publisherstory https://t.co/KsRAhiXwEc"
271,2022-02-27 12:27:26+00:00,"@dpr_yian Lekas membaik, hyung. Cuaca lagi jahat memang //."
272,2022-02-27 12:27:09+00:00,HAHAHA Lol. Emang kamu mau jadi wife aku?
273,2022-02-27 12:25:58+00:00,@dpr_yian Hiatusnya caper doang ya bang?
274,2022-02-27 12:24:27+00:00,"Demi hormati konstitusi tolong dinasehati pr pengikut anda yg ingin berwacana menabrak rambu2  hukum dgn cara model survey lah,media,melalui suara2 tokoh partai lah
Pdhl ada mekanisme hukum melalui MK.Baru kemudian lewat DPR, MPR &amp; DPD. Nmn bkn terkait perpanjangan masa jabata..."
275,2022-02-27 12:24:05+00:00,@jenoucer Iya jungwoo. Mun saya lagi gak enak badan soalnya #.
276,2022-02-27 12:23:13+00:00,Gua hiatus menghindari lo sih
277,2022-02-27 12:22:53+00:00,"@dpr_yian Kok hiatus sih, hyung?"
278,2022-02-27 12:22:16+00:00,@kwoo_nara Siap nara
279,2022-02-27 12:22:03+00:00,@geloraco Saya heran yang mau 3 periode Siapa? Di negeri +62 banyak sekali yg bikin gaduh. Konstitusi jelas kok paling banyak 2 periode @ 5 th. Banyak yg ambil kesempatan dalam kesempitan mengambil momen panggung politik ... @mprgoid @DPR_RI @DPDRI @KPU_ID @bawaslu_RI
280,2022-02-27 12:20:58+00:00,Kalo hiatus boleh on gak.. Boleh lah ya :D
281,2022-02-27 12:20:50+00:00,"@wisanggeni_11 @jokowi @DPR_RI iya mas pasti ada yg bgtu,tapi ini lebh parah"
282,2022-02-27 12:19:21+00:00,"@geloraco Maaf
Maaf
Maaf
Apa masih kurang jadi DPR
Hak Rakyat to iku
Ojo bingung nomor
Maaf"
283,2022-02-27 12:19:15+00:00,"@veraagustian_ @jokowi @DPR_RI Ya tinggal partai mau memilih kader yg model apa. 
Seperti yang lalu juga sama, ada yg jor2an duit atau yg lainnya tapi ke pemilih."
284,2022-02-27 12:16:45+00:00,@janedukiim Dpr ian wkwk
285,2022-02-27 12:16:35+00:00,@wisanggeni_11 @jokowi @DPR_RI tetap bahaya mas bro ujung2nya duit siapa yg kuat bisa duduk di dewan
286,2022-02-27 12:15:59+00:00,"@dabinflirt donee,wml bangett aaaa album dpr maww bgttt btw makasi ya ka buat giveayaw nyaa oiyaa safe flight juga yaa kaa wuff uu😊🥰💓"
287,2022-02-27 12:15:38+00:00,"https://t.co/pOwbO8ssyI
biw=360&amp;bih=669&amp;dpr=2"
288,2022-02-27 12:15:11+00:00,"Wakil Ketua Komisi III DPR RI, Ahmad Sahroni meminta Polri mengusut penyelundupan organ manusia ke Indonesia.

Bendahara umum Partai NasDem ini juga mendesak Polri agar pemesan organ tubuh tersebut ditangkap dan diberikan hukuman berat.

@Roni_ASC https://t.co/jiNQnkloyW"
289,2022-02-27 12:15:02+00:00,"""Saya senang karena hari ini 388 kepala keluarga (KK) di dua Kabupaten, Lanny Jaya dan Yahukimo sudah bisa merasakan terangnya lampu."" kata Anggota Komisi VII DPR RI, Ina Elisabeth Kobak https://t.co/sIqey2ZYz0"
290,2022-02-27 12:14:32+00:00,@leejennof dpr juga kalah
291,2022-02-27 12:11:43+00:00,"suatu undang-undang ini sudah diatur dalam UU Nomor 17 tahun 2014 tentang MPR, DPR, DPD dan DPRD."
292,2022-02-27 12:09:37+00:00,"Mending begitu biar enggak ribet bagi pemilih.
@jokowi @DPR_RI"
293,2022-02-27 12:03:36+00:00,@DPR_TlAN Makasih hyung https://t.co/oCUYUE6Ly5
294,2022-02-27 12:03:24+00:00,@goldentimeteam Dpr kali. Pemuda pancasila sibuk jualan pulsa
295,2022-02-27 12:01:00+00:00,Anggota Komisi IV DPR meyakini kebijakan-kebijakan yang dikeluarkan pemerintah sudah dirasakan langsung dan bisa terlihat oleh masyarakat. https://t.co/YBLMgLRwZI
296,2022-02-27 11:58:27+00:00,10.#NewsRecap Kanwil Kemenkumham Bali: Kantor Imigrasi Kelas I Khusus TPI Ngurah Rai dan Badan Keahlian DPR RI Gelar Diskusi Bersama Bahas Tugas dan Fungsi Keimigrasian https://t.co/u7cvQ7F2i4
297,2022-02-27 11:58:24+00:00,"🍽
To: @bnzour 
Message: dpr bukannya jadi wakil rakyat ko sibuk konser?

Fr: rakyat https://t.co/FEdh95AUsT"
298,2022-02-27 11:58:12+00:00,"JAI Desak DPR RI Usut IUP Batubara Milik Tan Paulin di Kalimantan Timur

https://t.co/hwoGwx8uNq"
299,2022-02-27 11:58:10+00:00,11.#NewsRecap Kanwil Kemenkumham Bali: Kanwil Kemenkumham Bali Bersama Badan Keahlian DPR RI Lakukan Diskusi Uji Konsep Naskah Akademik dan Rancangan Undang - Undang Tentang Keimigrasian https://t.co/aVhZnxzVKc
300,2022-02-27 11:57:38+00:00,@liputan6dotcom dpr dan mpr nya harus keluar dr senayan kan masa jabatannya cuma 5 tahun otomatis berhenti dr jabatannya  kalo mereka minta dimundurkan seperti pemilu juga..itu dpr dan mpr ilegal. harus dikeluarkan paksa oleh rakyat indonesia dr senayan. ilegal.
301,2022-02-27 11:57:18+00:00,"DPR Minta Kapolri Usut Penambangan Batubara Ilegal, Ada Nama Tan Paulin
https://t.co/HRfYAF1FeL"
302,2022-02-27 11:56:16+00:00,"@Kartika50887721 @fauzijamal4 @CakMugik @MrsRachelIn Puan datang bukan sebagai ketua DPR, tapi dalam urusan partai. Belajarlah membedakan mana yg urusan negara dan yg bukan"
303,2022-02-27 11:54:42+00:00,19.#NewsRecap Kanwil Kemenkumham Bali: Kanwil Kemenhumham Bali &amp; DPR RI Diskusi Uji Konsep Naskah Akademik Dan Rancangan UU Tentang Keimigrasian https://t.co/iG4PTCDsL1
304,2022-02-27 11:52:08+00:00,"@Cintada16 🤣
Mereka @PartaiPAN dan PD 
Sepertinya sedang memainkan narasi provokasi dan JEBAKAN kpd pak jkw 

Padahal JELAS 
DPR Sudah menetapkan PEMILU 2024 dilaksakan pada tanggal 14 februari 2024 
Clear !

Tidak ada perpanjangan dan tidak ada amandeman masa jabatan presiden"
305,2022-02-27 11:46:36+00:00,Menteri Perdagangan Muhammad Lutfi disentil DPR lantaran janjinya menstabilkan harga minyak goreng dan gula saat Ramadhan. https://t.co/YXjklQHclY
306,2022-02-27 11:39:47+00:00,@chill7chs Wih jadi dewan DPR
307,2022-02-27 11:36:36+00:00,@clumsyfussy Oo ya ndak tau
308,2022-02-27 11:32:57+00:00,"Pidato Kebudayaan Idham Samawi, anggota DPR RI di Rumah Budaya Tembi Bantul pada 25 Februari 2022. #pancasila #kebangsaan #obamacare  https://t.co/C8l7qsqHoD"
309,2022-02-27 11:32:19+00:00,@geloraco Di tunda atau tidak yang berhak memutus kan DPR/ MPR.. 🙂
310,2022-02-27 11:30:42+00:00,@kompascom Jika demikian sebaiknya diadakan sidang istimewa di DPR untuk membahas masalah ini agar di temukan solusi.. Karena itu Konstitusi negara tidak berkata demikian.. !! 🙏🇮🇩❤
311,2022-02-27 11:30:16+00:00,"@Okkkaaa3 @AXAIndonesia @bankmandiri @AXA_Mandiri @TMCPoldaMetro @DivHumas_Polri @DPR_RI @ListyoSigitP @KPK_RI @jokowi Dulu thn 2014 udh pernah ikut tabungan axa mandiri yg di debet dg rek mandiri, tp gk smpe 1x24 jam ada kejanggalan dlm aplikasi di situ, debet ny 350rb /bln, karna berkas blm di acc uang 350rb kembali ke rek mandiri dan gugur peserta axa mandiri,

Pengalam"
312,2022-02-27 11:29:44+00:00,Memangnya wewenang untuk memperpanjang jabatan presiden itu ada di DPR ?
313,2022-02-27 11:26:22+00:00,"Rizal Ramli tidak boleh jd presiden,karna dia akan merusak banyak hal
Contohnya pesawat tak akan bisa terbang
MPR akan berubah jd MPL,begitu pun DPR
Dan yg paling menyedihkan 
jend @ListyoSigitP terpaksa menjadi abang angkat karna RR akan memanggil beliau KAKPOLLI

Getoloh"
314,2022-02-27 11:25:08+00:00,@ReutersWorld LPR/DPR UKR conflict. https://t.co/UDBBrTtK9P
315,2022-02-27 11:23:51+00:00,Negeri ini memang banyak serba diatur. Semua serba kepentingan. Fit proper tes di DPR saja tidak semua mencari yang berkualitas. Tapi mencari yang bisa diatur atas kepentingan politik kelompok tertentu. Apalagi urusan test pcr.
316,2022-02-27 11:23:21+00:00,Kualitas pimpinan daerah dan anggota dpr cuma sebatas kualitas bansos (mie beras minyak goreng) dan level mereka sejajar dengan lurah
317,2022-02-27 11:22:14+00:00,@JimlyAs @titianggraini Sepertinya cuma GD yg bisa melihat bobroknya DPR/MPR kita sampai-sampai mengeluarkan dekrit utk mengembalikan kedaulatan ke tangan rakyat dan menyusun badan utk penyelenggaraan Pemilu dalam waktu setahun.
318,2022-02-27 11:20:07+00:00,"@TsaniAnwar Dalam artian sulitnya pdip di sumbar pasbar bisa dikatakan lumbungnya pdip.
2014-2019 1 dari 2 kursi  dpr ri pdip orang pasbar.
Bisa dibilang PDIP gak asing di pasbar."
319,2022-02-27 11:16:54+00:00,@banjarbase Bubur dpr
320,2022-02-27 11:16:00+00:00,"@Fahrihamzah Bang Fadli konsisten berpolitik.
Gak kayak temannya ... keluar DPR langsung NYEBONG"
321,2022-02-27 11:15:28+00:00,Kenapa dpr suka korupsi?
322,2022-02-27 11:15:01+00:00,"@MUSIKMENFESS DPR masuk rnb ga si? Kalo masuk, lagu lagu nya mereka enak enakkk. Esp Hula hoops"
323,2022-02-27 11:13:30+00:00,Sdf! Numpang takok rek lapo kok mesti arep cangkruk ndek kapling dpr pas melbu dideloki ae kesane kek penampilane kene aneh
324,2022-02-27 11:12:29+00:00,"Pak  @jokowi @DPR @KPU  pemilu 2024 jangan diundur pak , Soalnya sy  juga mau ikut nyalon pak . 
Masa nyalon aja sy gk boleh mana harus ada PT 20% lagi waduh berat pak , sy gk punya partai apapun pak"
325,2022-02-27 11:07:50+00:00,@Fahrihamzah @DPR_RI Yang penting partaimu dukung si GIBRAN DAN SI BOBBY DINASTI 3 periode
326,2022-02-27 11:03:14+00:00,dpr we gang gang
327,2022-02-27 10:55:21+00:00,@Fido_Dildo @Arul70848368 @MulyadiMade @iwakmangut @AlissaWahid @YaqutCQoumas @DPR_RI @nahdlatululama @MUIPusat @gp_ansornu Nyepi malah jadi daya tarik wisatawan manca negara yg ingin merasakan Nyepi di BaLi.
328,2022-02-27 10:52:39+00:00,"@DPR_TlAN Mbl, maloe banget loch"
329,2022-02-27 10:45:37+00:00,"@Arul70848368 @hadifianwidjaja @MulyadiMade @iwakmangut @AlissaWahid @YaqutCQoumas @DPR_RI @nahdlatululama @MUIPusat @gp_ansornu Gw kalo ada libur sehari gw gunain buat istirahat. Nyepi itu cocok buat liburan dlm rumah, rebahan dan istirahat seharian. Mau rekreasi? Bisa besoknya, cuma sehari kok."
330,2022-02-27 10:44:43+00:00,"Di sini 
Dilarang mendirikan gereja 
@YaqutCQoumas @DPR_RI @mohmahfudmd 
Ora bedo"
331,2022-02-27 10:42:20+00:00,sabi lah 11:12 sama dpr ian
332,2022-02-27 10:41:50+00:00,@KompasTV Melalui partai dan legitimate yaitu DPR /MPR...Kalau atas namakan rakyat? Mudah mudahan rakyat semakin tulus ikhlas milih wakilnya 💟🇲🇨👍
333,2022-02-27 10:37:06+00:00,"Anggota Komisi IV DPR RI Riezky Aprilia, Bekerja dalam Senyap via @@viral_sumsel https://t.co/5q8DDooRzY"
334,2022-02-27 10:36:58+00:00,"Anggota Komisi IV DPR RI Riezky Aprilia, Bekerja dalam Senyap via @@viral_sumsel https://t.co/j2mh4WUu9J"
335,2022-02-27 10:36:50+00:00,"Anggota Komisi IV DPR RI Riezky Aprilia, Bekerja dalam Senyap via @@viral_sumsel https://t.co/fbVIYdf9G8"
336,2022-02-27 10:30:56+00:00,"@geloraco Yang mumet PKB, GOLKAR dan PAN 🤭😂🤣
DPR saja sudah tidak sah dan ilegal"
337,2022-02-27 10:30:03+00:00,Wahai Presiden dan Wakil Presiden dan juga anggota DPR serta seluruh Ketua Umum Partai serta seluruh rakyat Indonesia.... ingat setiap langkah Pemilu harus senantiasa mengacu pada Konstitusi dan Pancasila....diluar itu jelas INKONSTITUSIONAL
338,2022-02-27 10:28:11+00:00,@HoshiRuka @convomfs apalagi dpr
339,2022-02-27 10:26:54+00:00,"@alvinlie21 @RamliRizal pak, tanya.,
klo pemilu ditunda dan masa jabatan diperpanjang, apakah masih digaji itu presiden dan dpr? atau sudah tidak digaji lagi?"
340,2022-02-27 10:24:35+00:00,"@Pejuang01733866 @jokowi Laporan juga ditembuskan ke beberapa pihak.

Jika laporannya langsung ke presiden, buat tembusan ke a.l. :
1. Menkopolhukam
2. Menkumham
3. Sekneg + Sekkab
4. KSP
5. DPR
6. Kapolri"
341,2022-02-27 10:20:56+00:00,19.#NewsRecap Kanwil Kemenkumham Bali: Kanwil Kemenhumham Bali &amp; DPR RI Diskusi Uji Konsep Naskah Akademik Dan Rancangan UU Tentang Keimigrasian https://t.co/QMceTWoZAP
342,2022-02-27 10:19:51+00:00,#NewsRecap Kanwil Kemenkumham Bali: Kanwil Kemenhumham Bali &amp; DPR RI Diskusi Uji Konsep Naskah Akademik Dan Rancangan UU Tentang Keimigrasian https://t.co/hoJ3wbIoeH
343,2022-02-27 10:17:32+00:00,#NewsRecap Kanwil Kemenkumham Bali: Kanwil Kemenkumham Bali Bersama Badan Keahlian DPR RI Lakukan Diskusi Uji Konsep Naskah Akademik dan Rancangan Undang - Undang Tentang Keimigrasian https://t.co/QipC0OS6lE
344,2022-02-27 10:17:14+00:00,#NewsRecap Kanwil Kemenkumham Bali: Kantor Imigrasi Kelas I Khusus TPI Ngurah Rai dan Badan Keahlian DPR RI Gelar Diskusi Bersama Bahas Tugas dan Fungsi Keimigrasian https://t.co/fClDC5QNfV
345,2022-02-27 10:17:11+00:00,"Tau gak sih paramuda kalau Banjarbaru resmi gantiin Banjarmasin sebagai Ibu Kota Kalimantan Selatan. jadi, sebelumnya udah disahkan sama DPR di tanggal 15 Februari 2022 kemarin! 
.
tuh, ibu kota aja udah baru, saldo dompet kamu udah baru juga belooooooom? ✌️
.
#madamaradio https://t.co/4k5okyufAU"
346,2022-02-27 10:16:05+00:00,@FelipeLobos96 🤣 merci bg 🤙🏽
347,2022-02-27 10:16:01+00:00,11.#NewsRecap Kanwil Kemenkumham Bali: Kanwil Kemenkumham Bali Bersama Badan Keahlian DPR RI Lakukan Diskusi Uji Konsep Naskah Akademik dan Rancangan Undang - Undang Tentang Keimigrasian https://t.co/xLPDFw6607
348,2022-02-27 10:16:00+00:00,@Longgo21 @Arul70848368 @Fido_Dildo @hadifianwidjaja @MulyadiMade @AlissaWahid @YaqutCQoumas @DPR_RI @nahdlatululama @MUIPusat @gp_ansornu Ini cocok untuk saya 😂
349,2022-02-27 10:15:40+00:00,"@tvOneNews klo yg ditanya anggota dpr, apalagi koalisi pemerintah, ya pastu setuju. lumayan nambah gaji."
350,2022-02-27 10:15:15+00:00,10.#NewsRecap Kanwil Kemenkumham Bali: Kantor Imigrasi Kelas I Khusus TPI Ngurah Rai dan Badan Keahlian DPR RI Gelar Diskusi Bersama Bahas Tugas dan Fungsi Keimigrasian https://t.co/SHCLU8re1n
351,2022-02-27 10:14:35+00:00,"@SGDfess_ Pangyam
Roti dpr
Cimin dpr
Bilur dpr (jalan lagi agak ke ujung)
Rice bowl saus padang
CUANKI!!
Maka
Lotek belakang fapsi, harga murah porsi kuli"
352,2022-02-27 10:13:57+00:00,"Anggota Komisi VI DPR RI Rapsel Ali, Minta Kanwil Bulog Sulselbar Lakukan Operasi Pasar Untuk Tangani Kelangkaan Minyak Goreng https://t.co/QklCp8KotX"
353,2022-02-27 10:11:45+00:00,"Sementara, suara fraksi di DPR saat ini masih terbelah."
354,2022-02-27 10:10:25+00:00,"Anggota Komisi XI DPR RI, Indah Kurnia terus memberikan dukungan untuk kemajuan usaha mikro kecil dan menengah (UMKM). Kali ini, wakil rakyat dari PDI Perjuangan tersebut mengajak anak-anak muda di Surabaya dan Sidoarjo untuk membeli dan menggunakan produk-produk UMKM. https://t.co/3CoRXzXcun"
355,2022-02-27 10:08:53+00:00,@CNNIndonesia Wkwkwk wkwkwk wkwkwk wkwkwk wkwkwk wkwkwk wkwkwk wkwkwk wkwkwk wkwkwk wkwkwk wkwkwk biar bisa ngatur anggota yang terpilih sebagai anggota DPR gitukan otak lo cetek sudahlah cetek tak berpungsi pula  maklum hewan banteng
356,2022-02-27 10:05:42+00:00,"liat pasha ungu jd wakil walikota, krisdayanti, eko patrio, mulan jameela jd anggota dpr aja udah aneh ini jd presiden"
357,2022-02-27 10:04:47+00:00,@Fahrihamzah @DPR_RI Yg takut pemilihan itu kayanya pro Jokowi semua... Lw kmi selaku anak muda mudahan secepatnya Jokowi di ganti...
358,2022-02-27 10:02:47+00:00,@CindyBexter @mprgoid @DPR_RI @KSPgoid @Official_PAN Biarkan Rezim @jokowi Tertawa hari ini sebelum Pengadilan Rakyat akan menyengsarakan Mereka seumur hidup berikut keturunannya.
359,2022-02-27 10:02:33+00:00,@AdeArmando24 Jadi inget yang 2T bandingin muslim pribumi sama tionghoa itu termasuk RASIS gak yah @DivHumas_Polri @DPR_RI @mprgoid @jokowi
360,2022-02-27 10:01:17+00:00,"@banyakpiikiran September Oktober deh keknya, bareng sama yg dpr itu"
361,2022-02-27 09:59:50+00:00,🌿DPR SYNC🌿 https://t.co/tyWfCQyEVG
362,2022-02-27 09:59:37+00:00,"@convomf Sutradara, dpr"
363,2022-02-27 09:53:28+00:00,Apa kata mantan ketua komisi luar negeri @DPR_RI tentang krisis Ukraina?
364,2022-02-27 09:50:47+00:00,"uaf! spill spot terfavorit kamu di unand!!!

me: ✨DPR✨"
365,2022-02-27 09:50:14+00:00,@DPR_RI bagaimana progress kasus org Burneo dgn E Mulyadi ?
366,2022-02-27 09:49:09+00:00,Komisi I DPR RI Kunjungi Kodam Hasanuddin https://t.co/1JZtNQzbBO
367,2022-02-27 09:48:03+00:00,Ketua Komisi VIII DPR RI Yandri Susanto ingatkan masyarakat pedemo Menag Yaqut Cholil Qoumas alias Gus Yaqut yang membawa gambar tak pantas. #MenagYaqut https://t.co/dG97RE6txo
368,2022-02-27 09:47:19+00:00,"mau tanya, apakah penundaan pemilu sama dengan perpanjangan jabatan Presiden, DPR, Gubernur, DPRD, Walikota/Bupati?"
369,2022-02-27 09:41:46+00:00,2. Mantan Anggota Komisi II DPR Abdul Malik Haramain
370,2022-02-27 09:38:33+00:00,"Anggota Komisi IV DPR RI, H. Sunarna, S.E, M.Hum mendorong Desa Panembangan, Kab. Banyumas menjadi percontohan kegiatan usaha mina Padi bagi Petani di seluruh Indonesia. Mina Padi yang berada di desa tersebut sangat luar biasa. https://t.co/19UhMDXTsQ"
371,2022-02-27 09:38:06+00:00,"DPR minta kejelasan BPN soal sertifikat ganda, John: ini merugikan masyarakat!

https://t.co/xPqBuHVJFx

#dprri #bpn #ppat #sertifikattanahganda #sertifikattanah #bpnriau #riau #Lensaindonesiacom"
372,2022-02-27 09:33:19+00:00,"@angewwie Mending windah basudara, pas pidato kenegaraan di gedung mpr/dpr ntar pidatonya: siapa yang cita-citanya pengen ditangkap kpk gaes"
373,2022-02-27 09:26:34+00:00,Ada yg dari sidoarjo gak. Mau ngajakin ngopi nih di kavling dpr nanti malam. Like aja nanti ku dm fwb!
374,2022-02-27 09:25:10+00:00,"Anggota Komisi VII DPR RI Fraksi PDI Perjuangan, Paramitha Widya Kusuma menegaskan, hubungan antara pers-seni dan budaya harus menyatu, dan tidak bisa terpisahkan. Pasalnya, masyarakat atau suatu daerah bisa mengenal seni dan budaya, juga tidak lepas dari peran pers. https://t.co/Be2pLR37rH"
375,2022-02-27 09:24:25+00:00,@PartaiSocmed Ada juga berita yg mengutip pengacaranya bahwa ketettapan dia sebagai tersangka di berita sebelumnya adalah hoax
376,2022-02-27 09:23:33+00:00,"•kdm•
Dua drakor yang menurutku berpasangan. 
 
Chief of Staff drama yang menyoroti cara kerja dpr / mprnya korea.  
Designated survivir : 60 days yang menyoroti cara kerja presiden dan staff nya.  

Beneran politik itu bukan salah benar atau hitam putih sih. https://t.co/AXNwragr1x"
377,2022-02-27 09:23:18+00:00,"@PartaiSocmed Mana sih tum kutipannya? kok isi artikelnya cuma diketahui bla bla bla, gada yg keluarin statement yg menyatakan ditarik yah, apa ada pernyataan teknis yg otomatis menarik status tersangkanya? Mohon pencerahan"
378,2022-02-27 09:21:01+00:00,@SGDfess_ view dpr dan fak psy nih
379,2022-02-27 09:20:50+00:00,"Harga daging sapi melonjak menjadi Rp. 130 ribu hingga Rp150 ribu per kilogram, apa yang terjadi?

Talk : Anggota Komisi IV DPR RI, Firman Subagyo.

Streaming : https://t.co/EN7FkCklP5 https://t.co/TLO3e3fVkL"
380,2022-02-27 09:20:09+00:00,"Ketentuan-ketentuan di atas berkaitan erat dengan masa jabatan anggota DPR, DPRD, DPD, Presiden dan Wakil Presiden. Setelah lima tahun sejak dilantik, masa jabatan penyelenggara negara tersebut berakhir dengan sendirinya."
381,2022-02-27 09:20:09+00:00,"Pemilu itu untuk memilih anggota DPR dan DPD untuk membentuk MPR (Pasal 2 ayat 1).

Secara spesifik Pasal 22E UUD 45 secara imperatif menyatakan bahwa pemilihan umum untuk memilih anggota DPR, DPD, Presiden dan Wakil Presiden serta DPRD dilaksanakan setiap lima tahun sekali."
382,2022-02-27 09:17:19+00:00,"PBB cuma forum berisi para politikus fafifu tingkat internasional aja, kalo ditaro di DPR RI misal, juga sama aja."
383,2022-02-27 09:16:40+00:00,"@MissKoral @MYaminNasution1 Kalau dpr mayoritas setuju, masuk tuh barang"
384,2022-02-27 09:15:24+00:00,"Direktorat Pemasaran Ekonomi Kreatif, Kementerian Pariwisata dan Ekonomi Kreatif/Badan Pariwisata dan Ekonomi Kreatif Republik Indonesia bekerja sama dengan DPR RI dan Dinas Kebudayaan, Pemuda dan Olahraga serta Pariwisata  Kabupaten Deli Serdang, https://t.co/7LHTJBNVve https://t.co/BxPqvJlmAD"
385,2022-02-27 09:14:56+00:00,"Selain itu, Komisi IX DPR RI melaksanakan sosialisasi ini demi kesehatan masyarakat, bekerja sama dengan BPOM sebagai mitra kerja di DPR.

Sosialisasi tentang bahan dari obat-obatan ini sangat penting terutama pada masa pandemi covid-19."
386,2022-02-27 09:14:55+00:00,"Kegiatan mengedukasi masyarakat dalam memilih obat-obatan dan makanan yang aman, Jumat (25/2/2022).

Anggota Komisi IX DPR RI Tuti Nusandari Roosdiono menggelar kegiatan Komunikasi, Informasi dan Edukasi bersama BPOM (Badan Pengawas Obat dan Makanan). https://t.co/5g13GX3pKA"
387,2022-02-27 09:11:50+00:00,yakni partai politik atau gabungan partai politik harus mengantongi 20 persen kursi DPR
388,2022-02-27 09:11:03+00:00,DPR Soroti Pembentukan G20 Center oleh Airlangga Untuk Menyongsong Indonesia Emas 2045 https://t.co/ls1O69IJtD
389,2022-02-27 09:06:52+00:00,"@d3vilicious @Fahrihamzah Jarno wae...wong gak ngerti mbok kandani smpek elek yo bakalan gak ngerti...Hati dan otak isine cuma negative kr provokasi..
Mending mantan pelawak jd president drpd anggota MPR/DPR Indonesië malah jd pelawak 😜😜😊😊"
390,2022-02-27 09:05:58+00:00,"Indonesia 🇮🇩 bukan Mesir &amp; Arab Saudi, tapi setidaknya @Kemenag_RI @BimasIslam @DewanMasjid @DPR_RI bisa bertindak jauh lebih jelas &amp; tegas ttg batasan penggunaan TOA Masjid ini segera. Polusi suara, kesewenang-wenangan, lembeknya Hukum membela hak rakyat adlh masalah2 pokoknya. https://t.co/I6KmKyH7s8"
391,2022-02-27 09:05:00+00:00,"Mvs

Kalau mau liat drama Korea Designated survivir : 60 menurutku kudu liat drama lain yang aku anggap semacam pasangannya. 
 
Chief of Staff drama yang menyoroti cara kerja dpr / mprnya korea.  
Designated survivir : 60 days yang menyoroti cara kerja presiden dan  (cont..) https://t.co/SSgdrKnQvr"
392,2022-02-27 09:04:41+00:00,"@mohmahfudmd nama baiknya sudah tercemar..
bagaimana formula yuridisnya agar dikembalikan nama baiknya??
negara sudah mengaturkah ??
cc @DPR_RI @KomnasHAM ??"
393,2022-02-27 09:02:02+00:00,"@DPR_RI &amp; @MPRRI &amp; @dpdridkijakarta @fahiraidris  
Jangan ngotot perubahan UUD 45. Izin dulu sama rakyat. Bukan berarti UUD..45 kalian amandemen.

Maka tomatis bisa membatalkan isi UU. PEMILU UU. No. 7/2017
Wakil rakyat gk blh bego2in rakyat. Takutny rakyat kehilangan kesabaran✍️"
394,2022-02-27 08:59:56+00:00,"@yaniarsim Dear : @jokowi @mohmahfudmd @DPR_RI @Puspen_TNI @tni_ad @DivHumas_Polri @NTMCLantasPolri @CCICPolri @BNPTRI @nahdlatululama @nu_online 

Yang seperti ini kalian inginkan?
Ini akibat narasi, framing yg kalian selama ini dgn menuduh org lain radikal, ekstrimis, intoleran,anti nkri"
395,2022-02-27 08:59:05+00:00,#NewsRecap Kanwil Kemenkumham Bali: Kanwil Kemenkumham Bali Bersama Badan Keahlian DPR  Diskusi Uji Konsep Naskah Akademik dan RUU Tentang Keimigrasian https://t.co/gXXAqY4mfX
396,2022-02-27 08:58:55+00:00,#NewsRecap Kanwil Kemenkumham Bali: Kanwil Kemenkumham Bali Bersama Badan Keahlian DPR RI Lakukan Diskusi Uji Konsep Naskah Akademik dan Rancangan Undang - Undang Tentang Keimigrasian https://t.co/yKjL4n10KM
397,2022-02-27 08:58:37+00:00,"[ RESES FPKS DPR RI ] 

Sekjen DPP PKS / Anggota FPKS DPR RI Habib Aboe Bakar Al Habsy memberikan bantuan sembako kepada masyarakat dan meninjau vaksinasi di Polsek Kertak Hanyar, Banjarmasin Kalimantan Selatan.

| @aboebakar15

#fraksipksdprri 
#aboebakaralhabsyi https://t.co/emKpkjkeSE"
398,2022-02-27 08:56:33+00:00,Anggota DPR harap RUU TPKS jangkau kekerasan seksual di medsos https://t.co/OgyVT2xbup
399,2022-02-27 08:56:33+00:00,Wakil Ketua DPR RI: Kiai Abbas sosok karismatik dan teladan masyarakat https://t.co/tAaChMpJIE
400,2022-02-27 08:55:52+00:00,@SuwandaBen DPR nya mandul biarlah rakyat bersidang
401,2022-02-27 08:54:45+00:00,"[ RESES FPKS DPR RI ] 

Anggota Komisi V FPKS DPR RI Hamid Noor Yasin pada hari ahad (27/2) melaksanakan kegiatan reses dengan meneguhkan jati diri bersama melayani rakyat meresmikan peletakan batu pertama pembangunan masjid dua tempat di wonogiri jateng. https://t.co/gwPbv2ysWF"
402,2022-02-27 08:54:28+00:00,"Pak @jokowi harus batalkan dulu uu. Pemilu ttg batasan 2 priode Jo bunyi sumpah setia jabatan presiden ke MK. Nmn Psl. 169 Huruf n  UU. Pemilu sdh benar krn merujuk UUD. 45 Ps.7

Jgn pakai UU. Omnibuslaw ya.Cacat hukum itu UU.
Klo @aniesbaswedan bisa nyagub jg nyapres @DPR_RI😝"
403,2022-02-27 08:50:18+00:00,"Anggota Komisi VII @DPR_RI dari @FPKSDPRRI, @pakmul63 menolak kenaikan harga jual LPG nonsubsidi yang berlaku mulai hari ini."
404,2022-02-27 08:49:53+00:00,"Pov ortu : ""kamu kerja nya cuma tidur aja, mau jadi apa kamu?""
Me: mau jadi DPR 😌"
405,2022-02-27 08:47:53+00:00,Anggota DPR dari @DPP_PPP minta Pemerintah atasi kelangkaan minyak goreng.
406,2022-02-27 08:46:55+00:00,"@tatakujiyati Harus dibangun cepat klo nggak malu2in Indonesia ntar.  Apalagi udah melibatkan orang banyak, pejabat DPR MPR."
407,2022-02-27 08:45:10+00:00,@istrebki DPR and LPR.
408,2022-02-27 08:44:39+00:00,"#BeritaSampit
Menko Airlangga Bentuk G20 Center, Aleg Golkar: Untuk Menyongsong Indonesia Emas 2045 https://t.co/0WQhwQNT1W  

JAKARTA-- Anggota DPR RI dari Fraksi Golkar Mukhta... https://t.co/ZDG3dpcTgP"
409,2022-02-27 08:44:34+00:00,@isabellame94 @bekokjin @Slamet0504 @babu_hiccup @PriaKemontol @naf1na @ndagels Iku dpr ri dapil jateng kan?
410,2022-02-27 08:42:47+00:00,@chierricart @/dpr.cha ^~^
411,2022-02-27 08:42:13+00:00,@TxtdariHI PBB itu kaya DPR
412,2022-02-27 08:41:56+00:00,"@BennyHarmanID Kenapa pak benny, seperti nya anda keberatan ya???? 
Kl masyarakat yg meminta dan setuju apa tdk boleh? 
Rakyat itu raja bro benny, PRESIDEN, KEPALA DAERAH dan DPR adalah PEMBANTU dr rakyat. 
Bercermin lah dan berfikir sejenak, apa yg sdh anda lakukan dan beri kpd negara ini!"
413,2022-02-27 08:40:12+00:00,"@nandaandryana @sarjana_crypto Iya bang.
Kalau gabung nato, berlipat2 kekuatan ukraina. Crimea, DPR, n LPR bisa diambil kembali. Rusia akan semakin sulit untuk mempertahankan apa yg telah dikuasainya.
Kalo beneran ikut nato, malahan hal2 yg lebih parah dari skrg bisa terjadi diukraina. Bisa2 perang nuklir dsna"
414,2022-02-27 08:36:37+00:00,"Halo #SobatPPID,

Yuk tau lebih jauh tentang Layanan PPID Setjen DPR RI. Simak postingan berikut ini ya?! https://t.co/yS0ZkfpXO1"
415,2022-02-27 08:35:23+00:00,"Anggota DPR/MPR RI, Profesor Hendrawan Supratikno, berjumpa dengan para petani Desa Tambakrejo Kabupaten Pemalang dan mendengarkan aspirasi mereka. Berlangsung gayeng, keluh kesah kaum tani masuk catatan sang wakil rakyat. https://t.co/7lu1hZZwjt"
416,2022-02-27 08:33:35+00:00,"@MrsRachelIn Orang Indonesia tidak bisa membedakan tugas yah.. kalau DPR yang DTG yah silahkan usir. Ini yg DTG Mentri SOSIAL, dengan tujuan SOSIAL. Harusnya kalian bisa pikir. ADA BATUAN DI USIR, GAK ADA BANTUAN NGELUNJAK. TAI LAH."
417,2022-02-27 08:32:12+00:00,@febridiansyah G ada wacana kudeta militer untuk pembubaran pemerintahan dan DPR saat ini?
418,2022-02-27 08:28:31+00:00,@jjangwonyounghi Scaredy cat by dpr ian
419,2022-02-27 08:27:45+00:00,Anggota DPR harap RUU TPKS jangkau kekerasan seksual di medsos https://t.co/7whzllj6rb
420,2022-02-27 08:27:44+00:00,Wakil Ketua DPR RI: Kiai Abbas sosok karismatik dan teladan masyarakat https://t.co/bF3dOjPxZt
421,2022-02-27 08:26:12+00:00,"Harusnya semua bisa sih
Tapi tinggal liat waktunya
Cepat atau lambat
Kalau di negara kita yg akan awet tetep PNS, kuli bangunan, DPR, MPR, Menteri, Presiden"
422,2022-02-27 08:24:55+00:00,"@schfess diplomat, dubes, presiden, hakim, anggota dpr"
423,2022-02-27 08:18:38+00:00,Komisi VI DPR Dorong BNI dan Himbara Permudah Akses Kredit Masyarakat   https://t.co/qVMY1ZEleF
424,2022-02-27 08:13:07+00:00,"Ketua Komisi IV DPR RI, Sudin menanam mangrove di Pantai Ketapang, Lampung Selatan, Sabtu (26/2/2022). Selain itu, Sudin juga menyerahkan program bantuan Kebun Bibit Rakyat (KBR) senilai Rp 100 juta. https://t.co/db3T1jsnl7"
425,2022-02-27 08:10:13+00:00,#NewsRecap Kanwil Kemenkumham Bali: Kanwil Kemenkumham Bali Bersama Badan Keahlian DPR  Diskusi Uji Konsep Naskah Akademik dan RUU Tentang Keimigrasian https://t.co/jUhO5EZsc3
426,2022-02-27 08:09:55+00:00,#NewsRecap Kanwil Kemenkumham Bali: Kanwil Kemenkumham Bali Bersama Badan Keahlian DPR RI Lakukan Diskusi Uji Konsep Naskah Akademik dan Rancangan Undang - Undang Tentang Keimigrasian https://t.co/IZkEOs2hRe
427,2022-02-27 08:09:25+00:00,#NewsRecap Kanwil Kemenkumham Bali: Kanwil Kemenkumham Bali Bersama Badan Keahlian DPR  Diskusi Uji Konsep Naskah Akademik dan RUU Tentang Keimigrasian https://t.co/VrnNcN6fh2
428,2022-02-27 08:09:05+00:00,#NewsRecap Kanwil Kemenkumham Bali: Kanwil Kemenkumham Bali Bersama Badan Keahlian DPR  Diskusi Uji Konsep Naskah Akademik dan RUU Tentang Keimigrasian https://t.co/dUcmqilN8S
429,2022-02-27 08:09:04+00:00,#NewsRecap Kanwil Kemenkumham Bali: KANWIL KEMENKUMHAM BALI BERSAMA BADAN KEAHLIAN DPR RI LAKUKAN DISKUSI UJI KONSEP NASKAH AKADEMIK DAN RANCANGAN UNDANG-UNDANG TENTANG KEIMIGRASIAN https://t.co/0CapuNAHas
430,2022-02-27 08:08:44+00:00,#NewsRecap Kanwil Kemenkumham Bali: Kanwil Kemenkumham Bali Bersama Badan Keahlian DPR  Diskusi Uji Konsep Naskah Akademik dan RUU Tentang Keimigrasian https://t.co/Qt4UAYl41J
431,2022-02-27 08:08:25+00:00,#NewsRecap Kanwil Kemenkumham Bali: KANWIL KEMENKUMHAM BALI BERSAMA BADAN KEAHLIAN DPR  DISKUSI UJI KONSEP NASKAH AKADEMIK DAN RUU TENTANG KEIMIGRASIAN https://t.co/shgawxYa6A
432,2022-02-27 08:07:53+00:00,#NewsRecap Kanwil Kemenkumham Bali: Kanwil Kemenkumham Bali Bersama Badan Keahlian DPR RI Lakukan Diskusi Uji Konsep Naskah Akademik dan Rancangan Undang - Undang Tentang Keimigrasian https://t.co/PacbPiZc4N
433,2022-02-27 08:06:18+00:00,"Warga Terharu Dapat Bantuan Bedah Rumah, Aspirasi Anggota DPR RI Muh Fauzi https://t.co/HJ9EFIkGkY"
434,2022-02-27 08:06:16+00:00,@ssghnjkee gedung dpr
435,2022-02-27 08:03:15+00:00,Demokrat harus berani memimpin rakyat utk bersama2 turun ke jln mengepung istana &amp; dpr demi menjaga konstitusi &amp; demokrasi
436,2022-02-27 08:02:55+00:00,"Heri Gunawan yang merupakan Wakil Ketua Fraksi Partai Gerakan Indonesia Raya (Gerindra) DPR RI, menyampaikan hal tersebut saat berkunjung ke Kantor PWI Kabupaten Sukabumi di Jalan Wartawan Komplek Gelanggang Pemuda Cisaat Kabupaten Sukabumi, Kamis (24/02)."
437,2022-02-27 08:02:54+00:00,Anggota DPR RI Heri Gunawan menyampaikan harapannya untuk bersinergi dengan PWI Kabupaten Sukabumi dalam menampung serta memperjuangkan aspirasi dan inspirasi. https://t.co/7bc6aCrEwk
438,2022-02-27 08:02:50+00:00,@Dpr_7 Iya pit gapapa
439,2022-02-27 08:00:23+00:00,"@CNNIndonesia Apa hubungannya MUI dg pemilu?? Yg dpt merubah Pemilu itu yaitu dg merubah UUD 45, hanya oleh DPR RI, bukan MUI."
440,2022-02-27 07:55:13+00:00,"Menurut anggota DPR RI  Obon Tabroni, keberadaan Poksi 22 diharapkan mampu menjadi wadah para pelaku UMKM di Kabupaten Bekasi yang hingga kini masih kesulitan untuk memasarkan produknya."
441,2022-02-27 07:52:36+00:00,"Tentunya, kata Hj. Endang, manfaat ini sangat berpengaruh terhadap komitmen Presiden, juga Komisi IV DPR RI.

Yaitu mengendalikan perubahan iklim, salah satunya dengan cara rehabilitasi mangrove.

Apalagi, saat ini, Indonesia sedang menjadi tuan rumah Presidensi G20."
442,2022-02-27 07:52:34+00:00,"Anggota Komisi IV DPR RI, Hj. Endang S Thohari mengikuti kunjungan kerja Reses Komisi IV DPR RI ke Sumatera Utara (Sumut), Senin (21/2/2022). https://t.co/BuaYLXXxH5"
443,2022-02-27 07:50:02+00:00,"@detikcom Ora minat ngunjungi IKN,hrs nya ikn pindah pke jajak pendapat,tdk hnya ckp suara DPR"
444,2022-02-27 07:49:35+00:00,"Ada yg sedang akal2an bermanuver pengin perpanjang jadi presiden, anggota dpr dll...

Tidak tahu malu.....

Lawan!!!!!

https://t.co/YJi4phHWiL"
445,2022-02-27 07:48:49+00:00,"Ketua DPR Tegaskan AS Tak akan Terprovokasi untuk Perang Dunia III, Ini yang akan Dilakukan!
 
https://t.co/SHVIddocU2 via @tribunmedan"
446,2022-02-27 07:45:26+00:00,@PutraErlangga95 @DPR_RI @mprgoid 😷 diem seribu bahasa https://t.co/i0m2psuBBI
447,2022-02-27 07:45:16+00:00,"Dalam kunjungan yang didominasi para petani pemuda tersebut, Hj. Endang menceritakan sedikit sepak terjangnya hingga menjadi anggota DPR."
448,2022-02-27 07:45:15+00:00,"Anggota Komisi IV DPR RI Dapil Jabar III, meliputi Kota Bogor dan Kabupaten Cianjur, Hj. Edang S Thohari menerima kunjungan silaturahmi bersama Pemuda Tani Indonesia, pada masa resesnya, di Rumah Aspirasi Hj. Endang S Thohari di Cimanggu, Rabu (23/2/2022). https://t.co/LAjJjxo3d4"
449,2022-02-27 07:44:12+00:00,... kemarin tak pikir bakal ada orang DPR yang bener ...
450,2022-02-27 07:43:04+00:00,"Anggota Komisi IV DPR RI Azikin Solthan kembali menyalurkan bantuan Benih Ikan Nila sebanyak 100ribu ekor. Adapun bantuan benih ini disalurkan kepada 2 Kabupaten di Sulawesi Selatan, yaitu Kab. Bantaeng dan Kab. Toraja Utara. https://t.co/Srz5SYYHQK"
451,2022-02-27 07:41:48+00:00,Andi Agustinus alias Andi Narogong. Hari ini lima mantan anggota DPR dipanggil untuk dimintai keterangannya.
452,2022-02-27 07:40:57+00:00,"@alfianisasi Lagi jumping pen, gada paket data w"
453,2022-02-27 07:38:02+00:00,"Sementara, salah seorang warga yang menerima kursi roda tersebut, Djuhaeriyah warga Karawaci Ilir, Kelurahan Karawaci, Kecamatan Karawaci, Kota Tangerang merasa bersyukur atas pemberian kursi roda dari Wakil Ketua DPR RI tersebut."
454,2022-02-27 07:36:37+00:00,"@Icu663 @KPK_RI @bpkri @DPR_RI @ReflyHZ @fadlizon @sutanmangarahrp @alisyarief @bangZhack86 @febridiansyah @IMCMushroom Seharusnya dilakukan check and recheck ke lokasi, kalau ternyata bohong tangkap dan adili. Bagaimana pengalaman anda @febridiansyah ?"
455,2022-02-27 07:36:31+00:00,"“Kami sudah instruksikan DPC Gerindra Pasbar untuk segera bertindak. DPD Gerindra Sumbar juga akan memberikan bantuan kepada korban bencana segera. Insya Allah, Sabtu (26/2/2022) sudah sampai bantuan ke Pasbar dan langsung untuk korban,” kata anggota DPR RI asal Sumbar ini."
456,2022-02-27 07:34:09+00:00,Icul juga tak lupa menyampaikan ucapan terima kasihya kepada masyarakat yang telah memberikan kepercayaan kepada Andi Iwan Aras duduk sebagai Anggota DPR RI.
457,2022-02-27 07:33:43+00:00,"Santunan tersebut berasal dari Wakil Ketua Komisi V DPR RI Andi Iwan Darmawan Aras. Penyaluran santunan dilakukan di Posko Roemah Djoeang AIA, Kabupaten Wajo."
458,2022-02-27 07:29:26+00:00,"@IMCMushroom @KPK_RI @bpkri @DPR_RI @ReflyHZ @fadlizon @sutanmangarahrp @alisyarief @bangZhack86 @febridiansyah Jadi buat apa peraturan itu dibuat?  Hapus atau cabut saja, itu lebih menyakitkan rasa keadilan masyarakat. 
Sampah kalian  😡🐸😡"
459,2022-02-27 07:20:06+00:00,@justikanew @panca66 Pd amat jenis makhluk satu ini. Padahal satupun kursi tak dimiliki di dpr ri. Presiden taxi aja belum tentu ada yg pilih.
460,2022-02-27 07:19:22+00:00,@mulyana_raf @DPR_RI @mprgoid Mo tanya yang 11.000T Pegimane Ceritenye..? 🤔
461,2022-02-27 07:18:03+00:00,@PutraErlangga95 @DPR_RI @mprgoid Yo ndak tau ko tanya saya
462,2022-02-27 07:11:50+00:00,pembahasan rancangan undang-undang pemilihan umum yang tengah berlangsung di DPR RI.
463,2022-02-27 07:11:30+00:00,@fadlizon @Yom_N_Friends Betul..DPR aja dibuat kompak kok..👍☺
464,2022-02-27 07:11:26+00:00,11:11 mark lee x dpr live collab
465,2022-02-27 07:04:57+00:00,@ryuniversitas ASLIIII dulu gue pulang kuliah lewatin daerah dpr aja kena gas air mata pediiih banget sepanjang jalan gue nangis sekalian ngeluapin kesel 😭
466,2022-02-27 07:01:35+00:00,"KALTIM BANGKIT bersama H. Abdul Betha Salam, SE,Msi,MH, caleg DPR RI Dapil KALTIM-KALTARA no. Urut 2 #PKB BeritaPKB"
467,2022-02-27 07:00:22+00:00,"@liputan6dotcom Kalo bsa di percepat az...CAK IMIN Presiden nya,Pak Zulhasan Wapres nya,Nah pak Airlangga ketua DPR nya"
468,2022-02-27 06:58:02+00:00,"@maspiyuaja Yg jaman soeharto aja,yg disebut2 Otoriter,gak pernah menunda PEMIlU..karna soeharto taat konstitusi..sebagai amanat dari  wakil Rakyat.Mpr DPR"
469,2022-02-27 06:57:31+00:00,13.#NewsRecap Kanwil Kemenkumham Bali: Kanwil Kemenkumham Bali Bersama Badan Keahlian DPR  Diskusi Uji Konsep Naskah Akademik dan RUU Tentang Keimigrasian https://t.co/heBEvnhFHs
470,2022-02-27 06:56:48+00:00,@akitocoeg @icchipyon Bapaknya DPR jaga cocot lu
471,2022-02-27 06:56:28+00:00,12.#NewsRecap Kanwil Kemenkumham Bali: Kanwil Kemenkumham Bali Bersama Badan Keahlian DPR  Diskusi Uji Konsep Naskah Akademik dan RUU Tentang Keimigrasian https://t.co/GovtrvU9oT
472,2022-02-27 06:56:14+00:00,11.#NewsRecap Kanwil Kemenkumham Bali: Kanwil Kemenkumham Bali Bersama Badan Keahlian DPR RI Lakukan Diskusi Uji Konsep Naskah Akademik dan Rancangan Undang - Undang Tentang Keimigrasian https://t.co/Tz8rrRDxIq
473,2022-02-27 06:54:03+00:00,@cynthiajuna iyaykan ya.. asl aku dpr cerita cerita  masalah rumag tangga gitu an :(( yuk mikir dulu :(;
474,2022-02-27 06:51:49+00:00,"@0735AML Beberapa tahun kedepan
JRENGG LAKI LU DPR"
475,2022-02-27 06:51:12+00:00,"Wajarnya usulan penundaan Pilpres 2024 itu dicabut saja. Karena penolakan meluas,dan  Sekjend PDIP tegaskan lagi sikap PDIP yg menolak Pemilu 2024 diundur.Pemerintah&amp;KPU&amp;DPR jg sudah putuskan Pilpres pd 14/2/2024. Focus persiapan Pilpres berkwalitas saja.  https://t.co/ZQ5wv4wmES"
476,2022-02-27 06:50:55+00:00,"tidak baik ke kav dpr siang pas weekend gini pasti isinya kalo ga mba mba ootd berhp boba ya bocil2 ngabers, masio cuma take away tp dah bikin ketar ketir jiwaku gr2 outfit celana piyama tidur dan belum mandi pastinya eheh"
477,2022-02-27 06:50:46+00:00,"@PutraErlangga95 @DPR_RI @mprgoid ALAA  MAKK .....  INDAH  NYA  HIDUP DI INDONESIA . 

PERKARA  NASIB  RAKYAT . 

AHH  ITU  SI  URUSAN  RAKYAT MASING MASING .  

YANG PENTING  MASA JABATAN GUE DI PERPANJANG DULU . BIAR  AMAN  DULU"
478,2022-02-27 06:50:28+00:00,"@Day4ngL0v3 Pas di sidang dpr harga ini bagus buat indonesia , karna diluar harga nya lebih mahal.
Bagi rakyat yg doble kerjaan jadi  produsen bagus, bagi yg engga merana 😔"
479,2022-02-27 06:49:36+00:00,"@corongrembuk Semoga penyebab kelangkaan ini segera terungkap, semoga MPR dan DPR yg katanya bekerja untuk rakyat sllu disehatkan dalam urusan membela rakyat"
480,2022-02-27 06:49:09+00:00,@rowwje dpr ian
481,2022-02-27 06:49:01+00:00,"Di Inggris, Ketua DPR tidak diperbolehkan untuk berbicara."
482,2022-02-27 06:48:31+00:00,@Helmi_Felis Yakin banget bos pemilu sudah dekat. Rakyat ingin di percepat tapi penguasa ingin memperlambat. Mahasiswa tidur DPR nya budeg
483,2022-02-27 06:48:26+00:00,"Jay park, Dpr Ian y Bloo"
484,2022-02-27 06:46:35+00:00,@jembermfs di depan DPR (sebelah pegadaian) tuu ada nder
485,2022-02-27 06:46:10+00:00,"@soeyoto1 @SartonoHutomo Kampus tutup, mahasiswa tidur nyenyak,DPR yg terpilih bisu dan tuli,hanya bisa atur lalu lintas proposal..kurang sempurna apa lagi derita rakyat.!"
486,2022-02-27 06:43:32+00:00,"Kalau Jabatan Presiden diperpanjang, otomatis jabatan Anggota @DPR_RI dan @mprgoid di perpanjang juga dong..?🤔"
487,2022-02-27 06:43:21+00:00,@Ch43_12udine @__Sridiana_3va Plt aleg DPR dan anggota MPR serta DPR juga DPRD.. siapa?
488,2022-02-27 06:42:33+00:00,"Buat @jokowi, @cakimiNOW dan @airlangga_hrt, baca peringatan Prof Yusril Ihza Mahendra @Yusrilihza_Mhd tentang skenario terburuk pemilu ditunda. Itu artinya pemerintah dan DPR yang ada ilegal dan rakyat tidak perlu mematuhinya.  Baca: https://t.co/SpzXYnMyFh"
489,2022-02-27 06:41:43+00:00,KPK Panggil Sederet Mantan Anggota DPR Terkait e-KTP
490,2022-02-27 06:39:02+00:00,Anggota Komisi I DPR Fadli Zon setuju dengan pernyataan bahwa Presiden Jokowi jadi penengah konflik Rusia dan Ukraina. #Rusia https://t.co/95gz377c2E
491,2022-02-27 06:38:34+00:00,"mau ngumpulin fanboy dpr ian, nnti bakal aku nikahin hihihi."
492,2022-02-27 06:35:38+00:00,@alvinlie21 Mantab @jokowi @mohmahfudmd @prabowo @DPR_RI
493,2022-02-27 06:35:35+00:00,@PapuaItuKita Yang jelas lalai berat patut dpr hukuman berat krn membunuh pula
494,2022-02-27 06:34:05+00:00,14.#NewsRecap Kanwil Kemenkumham Bali: Kanwil Kemenkumham Bali Bersama Badan Keahlian DPR  Diskusi Uji Konsep Naskah Akademik dan RUU Tentang Keimigrasian https://t.co/YVmGgsLlCl
495,2022-02-27 06:34:04+00:00,#NewsRecap Kanwil Kemenkumham Bali: Kanwil Kemenkumham Bali Bersama Badan Keahlian DPR  Diskusi Uji Konsep Naskah Akademik dan RUU Tentang Keimigrasian https://t.co/HKBXTHwa98
496,2022-02-27 06:33:52+00:00,#NewsRecap Kanwil Kemenkumham Bali: Kanwil Kemenkumham Bali Bersama Badan Keahlian DPR  Diskusi Uji Konsep Naskah Akademik dan RUU Tentang Keimigrasian https://t.co/KHhLhvab2Q
497,2022-02-27 06:33:39+00:00,#NewsRecap Kanwil Kemenkumham Bali: Kanwil Kemenkumham Bali Bersama Badan Keahlian DPR  Diskusi Uji Konsep Naskah Akademik dan RUU Tentang Keimigrasian https://t.co/yFZmFRLZJs
498,2022-02-27 06:33:32+00:00,13.#NewsRecap Kanwil Kemenkumham Bali: Kanwil Kemenkumham Bali Bersama Badan Keahlian DPR  Diskusi Uji Konsep Naskah Akademik dan RUU Tentang Keimigrasian https://t.co/8o5pwNbsJ8
499,2022-02-27 06:33:27+00:00,#NewsRecap Kanwil Kemenkumham Bali: Kanwil Kemenkumham Bali Bersama Badan Keahlian DPR RI Lakukan Diskusi Uji Konsep Naskah Akademik dan Rancangan Undang - Undang Tentang Keimigrasian https://t.co/t50xPArTcG
