,Date,Tweet
0,2022-01-30 23:59:00+00:00,"Coba keberatannya itu disalurkan ke fraksinya saat pembahasan perjanjian itu di DPR.

Secara paralel, ada persetujuan ekstradisi yang sudah puluhan tahun diupayakan baru tercapai sekarang, lho."
1,2022-01-30 23:57:16+00:00,"Sch!
Temen2 yang shift siang biasanya dari jam berapa sampai jamber

✄・・・
🧐 Trivia: Lembaga legislatif adalah DPR, DPD, dan MPR"
2,2022-01-30 23:56:22+00:00,"@meriicyy Khhrnb aja, punya dpr ian, byk eng-nya"
3,2022-01-30 23:53:10+00:00,"Jangan biasakan mengeluh/khawatir di depan publik. Coba bicarakan dulu dengan pimpinan, senior, rekan menteri dan komisi DPR terkait.

Menteri yg sering khawatir/prihatin secara terbuka kok rasanya terkesan “nganu”, ya ? 😌😌

Kalo sdh “nggak kuat”, perlu “dinaikkan becak”, kah?"
4,2022-01-30 23:49:08+00:00,"@RAMujiyono @PDemokrat @AgusYudhoyono #TolakIbukotaBaru 
#TolakIbukotaBaru 

DPR dr PD melukai pra pemilihnya"
5,2022-01-30 23:48:59+00:00,Jangan Pilih Ketua DPR Tersangkut Korupsi. Berikut ini Setya Novanto Korupsi Baca selengkapnya. https://t.co/sZ20eGH9m5
6,2022-01-30 23:44:56+00:00,@YoutubeILC @karniilyas Gmna mau mau negri ini klau DPR nya seperti itu ya
7,2022-01-30 23:43:20+00:00,"@Boruhutapea18 @DPR_RI Meski Islam digoyang apapun , kami tetap sabar dan tetap Islam sampai mati."
8,2022-01-30 23:42:25+00:00,4. Mantan Anggota Komisi VIII Jazuli Juwaini (pindah ke Komisi II di pertengahan 2013) (kini Ketua Fraksi PKS di DPR)
9,2022-01-30 23:41:51+00:00,"Temui Kades Se-Halmahera Selatan, Pimpinan DPR: Tulis dan Ekspos Keberhasilan Bangun Desa
https://t.co/YV7FpVlZi5"
10,2022-01-30 23:41:12+00:00,"[cm] menurut kalian magang di kementerian atau dpr bakal worth it ga ya buat pengalaman, ilmu, sama impact ke cv? Atau mending di corporate aja?"
11,2022-01-30 23:40:31+00:00,"@RajaSuspend_ Yg pada nunggak pajak sekalian aja ntar bayarnya setelah pilpres 2024. Klo yg berkuasa masih tetap partai tikus moncong putih, lanjutin lima tahun lagi 😺 
#KembalikanSubsidiRakyat 
#DPR_KhianatiSuaraRakyat"
12,2022-01-30 23:38:20+00:00,@yogaGARISKERAS @damian_dustin @mahdikherid Lha anak babi ngamuk... Diskusi dikusi aja.... Elo merasi plaing toleran?? Ketika ada yg mau robha pancasila jadi ekasila dan masuk ke dpr itu udah jelas makar.. Gw juga gak setuju sie demgan khilafah versi mereka.... Tapi bahasan gw bukna itu tolol....
13,2022-01-30 23:37:46+00:00,@Ravispa_STB @NajwaShihab @MataNajwa Pupuk ini jadi permasalahan akut bagi petani. Harusnya jadi perhatian serius bagi @DPR_RI untuk menyuarakan suara-suara rakyatnya.
14,2022-01-30 23:34:49+00:00,"Potensi Singapura Bobol RI, DPR Belum Baca Perjanjian Ruang Udara? https://t.co/mLs1PNyyd3
#BeritaIslam
https://t.co/royHYIUUvc"
15,2022-01-30 23:29:43+00:00,"@B_dzoel #DPR_KhianatiSuaraRakyat 
#DPR_KhianatiSuaraRakyat 
#DPR_KhianatiSuaraRakyat 
Inilah zaman ruwaibidhoh !!!"
16,2022-01-30 23:28:43+00:00,"@AttaKalya @ertapriadi @PBIDI 
@kemenpendidikan 
@nadiemmakarim 
@DPR_RI

Ini yg perlu diajak bicara"
17,2022-01-30 23:28:15+00:00,@Hayuningrat7 @PKSejahtera kalau pks partai yg berbobot ini sudah berapa kali pemilu mungkin pks menang pemilu tapi karena partai ini kurang disukai banyak rakyat yah begitu2 saja suaranya cuma vokal suaranya di dpr tampa dukungan partai lain
18,2022-01-30 23:18:34+00:00,"@NeiskaH Anggota DPR dari PDIP yg berasal JABR kn yakni , 
1. Diah phitaloka anak PKI
2. Ripka Ciptaning anak PKI juga dari dapil Jabar Sukabumi
2. Adrian Napitupulu juga dari dapil jj"
19,2022-01-30 23:18:05+00:00,@hiburanreceh Eudora pasang jebakan di gedung dpr
20,2022-01-30 23:14:39+00:00,"@enjang_d1 @FPKSDPRRI @DPR_RI @PKSejahtera #DPR_KhianatiSuaraRakyat 
Masih...?"
21,2022-01-30 23:13:54+00:00,@seopoems skz bts dpr ian
22,2022-01-30 23:13:51+00:00,@tukangrosok___ to be concern @BNPTRI @_TNIAL_ @_TNIAU @senkompusat bapak Kapolri  @ListyoSigitP @DPR_RI
23,2022-01-30 23:12:02+00:00,"@B_dzoel Nahh iyaa...
Jangan biarkan 
#DPR_KhianatiSuaraRakyat"
24,2022-01-30 23:01:41+00:00,"Mereka itu kawanmu, bukan anggota parlemen negara Paraguay. Oh iya mungkin anggota DPR negara Meksiko doyan tidur pas rapat, karena emang penyampaian dalam rapatnya G AZK"
25,2022-01-30 23:00:46+00:00,SYAMSUL BAKHRI TANRI Caleg Partai Golkar DPR RI Dapil KALTIM No. Urut 6 dinosbtlatanro #infocaleg
26,2022-01-30 22:59:27+00:00,@saidi_sudarsono DPR dikuasai oleh pendukung rezim. Jadi apapun UU atau perpu jelas hanya  dipilih yg menguntungkan kaum mereka bukan rakyat.
27,2022-01-30 22:55:37+00:00,Rapat Kerja POLRI dan KOMISI III DPR RI https://t.co/nNScSvmhKQ
28,2022-01-30 22:50:27+00:00,"@Adie_Fanar82 @Hayuningrat7 @PKSejahtera IKN pindah bukan hayalan,  tapi undang2nya sudah disetujui DPR sebagai wakil rakyat"
29,2022-01-30 22:47:42+00:00,"@BennyHarmanID Kurasa, semoga saja tidak benar, tapi yg seringkali terjadi, DPR tidak lagi jadi corong tapi rata2 pengelola proyek. Kira2 pendapat @BennyHarmanID gimana?"
30,2022-01-30 22:46:58+00:00,@saidi_sudarsono DPR itu baik terutama pas lagi cari dukungan
31,2022-01-30 22:36:37+00:00,"KPPA Terancam Bubar, Ketua DPR #Aceh Bicara Pentingnya Lembaga Pengawasan - detikNews https://t.co/3vj9aNSB5w https://t.co/sGcXgpRlpI"
32,2022-01-30 22:35:08+00:00,@B_dzoel Org DPR nya dipegang jg kunciannya makanya gak berani bersuara lantang.. nama wakil rakyat gimmick doank.. entah manfaatnya bwt rakyat lembaga ini..
33,2022-01-30 22:32:12+00:00,"@habiburokhman Hebat neh Dewan Gerindra yg ini, hampir setiap harie memberikan bantuan ke warga didapilnya..dia ga lupa akan warganya yg telah berjuang utk memilihnya menjadi wakil rakyat merekandi DPR"
34,2022-01-30 22:28:57+00:00,@aik_arif Fungsi kontrol parlemen (DPR) gimana nih? 🤷‍♂️
35,2022-01-30 22:24:30+00:00,@KRMTRoySuryo2 DPR nya saja diem !!!!!! Kesumpet bego kaleee
36,2022-01-30 21:52:48+00:00,"Anggota Komisi I DPR RI TB Hasanuddin mendukung perubahan nama pasukan elite TNI AU, dari Korps Pasukan Khas (Paskhas)  menjadi Korps Pasukan Gerak Cepat (Kopasgat). https://t.co/pkZKVEgztA"
37,2022-01-30 21:19:56+00:00,"@Nicho_Silalahi People power?
Trs gantinya Pak Anang Ma'ruf eh Pak Ma'ruf Amin? Atau trio mendagri-menlu-menhankam? 
Trs penguasa DPR/MPR msh sama kan?"
38,2022-01-30 21:18:56+00:00,Jangan Pilih Ketua DPR Tersangkut Korupsi. Berikut ini Setya Novanto Korupsi Baca selengkapnya. https://t.co/sZ20eGq6k5
39,2022-01-30 21:09:31+00:00,"@NayoanAngelyca Masyaa Allah

#DPR_KhianatiSuaraRakyat 
#DPR_KhianatiSuaraRakyat"
40,2022-01-30 21:02:35+00:00,@beidoustiddies dpr ian
41,2022-01-30 20:58:11+00:00,"@masreyhaan @detikcom @DPR_RI @jokowi Semoga bisa dibatalkan. Mengingat pemerenta kita agak labil. Sebentar bikin peraturan, sebentar lagi dibatalkan (kalo didesak X pihak) 😂😂😂"
42,2022-01-30 20:56:59+00:00,dpr ian outsold
43,2022-01-30 20:56:53+00:00,@kodok_007's account is temporarily unavailable because it violates the Twitter Media Policy. Learn more.
44,2022-01-30 20:55:57+00:00,"@Siajapul Oke beh... Pamit dulu. Sampai nanti..Assalamua'laikum...🙏

#DPR_KhianatiSuaraRakyat 
#DPR_KhianatiSuaraRakyat"
45,2022-01-30 20:49:03+00:00,"@Siajapul Iya sih beh... Bengong sendiri malah bikin stress...

#DPR_KhianatiSuaraRakyat 
#DPR_KhianatiSuaraRakyat"
46,2022-01-30 20:46:25+00:00,@kodok_007's account is temporarily unavailable because it violates the Twitter Media Policy. Learn more.
47,2022-01-30 20:46:04+00:00,"@Siajapul Wuuuiih... Asyiiik donk 

#DPR_KhianatiSuaraRakyat 
#DPR_KhianatiSuaraRakyat"
48,2022-01-30 20:44:26+00:00,"@Siajapul Alhamdulillah... Ntar siang masih ada loh beh yg menunggu..😂😂
Skrg babeh capeknya dah full bikin 3 lagu..

#DPR_KhianatiSuaraRakyat 
#DPR_KhianatiSuaraRakyat"
49,2022-01-30 20:41:59+00:00,"@Siajapul Sangat beh... Sangat menikmati..

#DPR_KhianatiSuaraRakyat 
#DPR_KhianatiSuaraRakyat"
50,2022-01-30 20:41:39+00:00,@ngaco_aje_lagi @mohmahfudmd @DPR_RI @KPK_RI @DivHumas_Polri @MahkamahAgung Lom mandi eeehh lom bobo loe lip?
51,2022-01-30 20:41:36+00:00,"@warrior_ladys @Siajapul Alhamdulillah... Salam buat baby nya..😍😍

#DPR_KhianatiSuaraRakyat 
#DPR_KhianatiSuaraRakyat"
52,2022-01-30 20:39:29+00:00,@AleksibCSGO                                              @BLASTPremier spring groups                  Statistics                                                     Rating 2.0  //  1.17   Impact 1.16  //   Dpr  0.55  //  kast  75.8%  // adr  75.8  //  kpr  0.65
53,2022-01-30 20:38:18+00:00,"@warrior_ladys @Siajapul Selamat menikmati santapan sahurnya mbk say...😍😍

#DPR_KhianatiSuaraRakyat 
#DPR_KhianatiSuaraRakyat"
54,2022-01-30 20:33:08+00:00,"@Nurdiansyah_i8 @Siajapul Wkwkwk.... Ghibahnya pilih2 orang pulak..😂😂

#DPR_KhianatiSuaraRakyat 
#DPR_KhianatiSuaraRakyat"
55,2022-01-30 20:31:18+00:00,"@Elviny_98 @Siajapul Tapi tidak untuk Mang Pais Menyan, wajib di ghibah'in hahaha
#DPR_KhianatiSuaraRakyat 
#DPR_KhianatiSuaraRakyat"
56,2022-01-30 20:27:30+00:00,"@Nurdiansyah_i8 @Siajapul Ghibah woooiii... 😂😂😂

#DPR_KhianatiSuaraRakyat 
#DPR_KhianatiSuaraRakyat"
57,2022-01-30 20:26:34+00:00,"@Siajapul @Elviny_98 Kalah bang Dzoel berarti, apalagi kang maul yg akunnya bikin ribet atau mang pais menyan si tukang perang gambar..hadehhh
#DPR_KhianatiSuaraRakyat 
#DPR_KhianatiSuaraRakyat"
58,2022-01-30 20:25:10+00:00,"@Nurdiansyah_i8 @Siajapul Pasti bang @Nurdiansyah_i8  baru bangun. Nyawanya blm ngumpul semua. Makanya baru ngeh..😂😂

#DPR_KhianatiSuaraRakyat 
#DPR_KhianatiSuaraRakyat"
59,2022-01-30 20:24:14+00:00,"@Elviny_98 @Siajapul Asikk....
#DPR_KhianatiSuaraRakyat 
#DPR_KhianatiSuaraRakyat"
60,2022-01-30 20:23:34+00:00,"@Siajapul Beh... Terakhir nih beh..😂
Bidadari sarugo bikin kyak td..
Macam belanda minta tanah pulak jadinya..😂😂

#DPR_KhianatiSuaraRakyat 
#DPR_KhianatiSuaraRakyat"
61,2022-01-30 20:22:35+00:00,"@Siajapul @Elviny_98 Baru ngeh aku si babeh, jago edit video, ada logo KS lagi, top beh
#DPR_KhianatiSuaraRakyat 
#DPR_KhianatiSuaraRakyat"
62,2022-01-30 20:22:10+00:00,"@Siajapul @Nurdiansyah_i8 Nah tuh bang @Nurdiansyah_i8 udh dijawab babeh.  Babeh sayang semuanya...

#DPR_KhianatiSuaraRakyat 
#DPR_KhianatiSuaraRakyat"
63,2022-01-30 20:19:36+00:00,"@Nurdiansyah_i8 @Siajapul Bentar... Coba tanya babeh dulu...
Babeeeh... Beh, sayang tak sm bang @Nurdiansyah_i8 ...?? 

#DPR_KhianatiSuaraRakyat 
#DPR_KhianatiSuaraRakyat"
64,2022-01-30 20:18:23+00:00,"@Elviny_98 @Siajapul ....masa sih ?
#DPR_KhianatiSuaraRakyat 
#DPR_KhianatiSuaraRakyat"
65,2022-01-30 20:18:13+00:00,@BujangDanoor @Nicho_Silalahi Kok gak ada tembusan nya ke DPR &amp; DPD  dan Presiden ya ???? Apa ini kerjaan tak boleh diketahui oleh DPR /DPD dan presiden ????
66,2022-01-30 20:17:02+00:00,Relawan Gaspoll (Gus Muhaimin Asik Poll) menggelar deklarasi dan dukungan kepada Wakil Ketua DPR RI Muhaimin Iskandar untuk maju sebagai capres pada Pilpres 2024. #MuhaiminIskandar https://t.co/OnxciACaUZ
67,2022-01-30 20:07:57+00:00,"@Nurdiansyah_i8 @Siajapul Tanda sayang itu bang sibabeh ke abang...😂. Kata orang tua2, marah tanda sayang...

#DPR_KhianatiSuaraRakyat 
#DPR_KhianatiSuaraRakyat"
68,2022-01-30 20:06:33+00:00,"@f_fathur @DjudjuP @KetumProDEMnew @musniumar @MprAldo Berarti pemindahan ibukota benar bakal terjadi...?? 

#DPR_KhianatiSuaraRakyat 
#DPR_KhianatiSuaraRakyat"
69,2022-01-30 20:06:05+00:00,"@Siajapul @Elviny_98 Hahaha....tuh kan si babeh pasti ngomelin aku hahaha...

#DPR_KhianatiSuaraRakyat 
#DPR_KhianatiSuaraRakyat"
70,2022-01-30 20:05:26+00:00,"BBM naik sama dengan rakyatnya jadi pada miskin, kita disuruh ngirit2 DPR minta naik gaji"
71,2022-01-30 20:05:04+00:00,"@Nurdiansyah_i8 @Siajapul Jangan bingung bang.. nanti malah tak jadi makannya..😂

#DPR_KhianatiSuaraRakyat 
#DPR_KhianatiSuaraRakyat"
72,2022-01-30 20:03:32+00:00,"@Siajapul Oke beh... Ditunggu

#DPR_KhianatiSuaraRakyat 
#DPR_KhianatiSuaraRakyat"
73,2022-01-30 20:03:20+00:00,"@Elviny_98 @Siajapul Ohh...Saya kalau mau makan di warung Padang pasti dibilang ngirit, bingung saya...
#DPR_KhianatiSuaraRakyat 
#DPR_KhianatiSuaraRakyat"
74,2022-01-30 20:03:02+00:00,"@Siajapul @Nurdiansyah_i8 Babeh jualan Rendang sama Pongek situjuah...😂😂

#DPR_KhianatiSuaraRakyat 
#DPR_KhianatiSuaraRakyat"
75,2022-01-30 20:00:57+00:00,"@Nurdiansyah_i8 @Siajapul Baru mau mulai bang...😂😂

#DPR_KhianatiSuaraRakyat 
#DPR_KhianatiSuaraRakyat"
76,2022-01-30 20:00:30+00:00,@groovygroovyBOO dpr ian asigi biriyim ben of
77,2022-01-30 20:00:13+00:00,"@Siajapul Judulnya Garah Kucindan Mato. Bikinnya kayak yg tadi ya beh...

#DPR_KhianatiSuaraRakyat 
#DPR_KhianatiSuaraRakyat"
78,2022-01-30 20:00:09+00:00,"@Elviny_98 @Siajapul Si babeh @Siajapul  jualan rendang Padang online apa 🙄🤭
#DPR_KhianatiSuaraRakyat 
#DPR_KhianatiSuaraRakyat"
79,2022-01-30 19:55:29+00:00,"@Siajapul Beh... Satu lagi boleh beh..?? 😊

#DPR_KhianatiSuaraRakyat 
#DPR_KhianatiSuaraRakyat"
80,2022-01-30 19:28:59+00:00,"@Nicho_Silalahi @HudSuharg Yg buat bingung.Tukang ojek nabrak orang (gk ada niat )dihukum krn ini asas hkm pidana. lalai/ culfa 😂
1. Muncul 50 jt korup gk usah dihukum
2. usul Arteria :Kpk gk blh tangkap tangan aparatur pejabat polri n jaksa(Nti akhirnya mrk juga dpr ri ?)
3. Kades jg ckp kmbalikn uang"
81,2022-01-30 19:24:53+00:00,@Radenlangitan @PakkatDayak Bukan itu..kalau mau tau tu yg waktu di DPR.itu aslinya orangnya putih
82,2022-01-30 19:16:41+00:00,"@Siajapul Oke pak bozz, ditunggu...

#DPR_KhianatiSuaraRakyat 
#DPR_KhianatiSuaraRakyat"
83,2022-01-30 19:12:33+00:00,"@Siajapul Request boleh tak beh...?? Tp lagu daerah sumatera barat..?? 

#DPR_KhianatiSuaraRakyat 
#DPR_KhianatiSuaraRakyat"
84,2022-01-30 19:11:25+00:00,"@Siajapul Hhhmmm juga deh beh, biar tak sedih 😂😂

#DPR_KhianatiSuaraRakyat 
#DPR_KhianatiSuaraRakyat"
85,2022-01-30 19:08:40+00:00,@abilreal_ Cilok edi dpr? Sampe subuhh tenannn?
86,2022-01-30 19:08:16+00:00,"@Siajapul Iya beh...semakin hari hidup semakin tertindas..

#DPR_KhianatiSuaraRakyat 
#DPR_KhianatiSuaraRakyat https://t.co/nt9QfwLWjx"
87,2022-01-30 19:06:38+00:00,@svaniea dpr maszehh
88,2022-01-30 19:03:34+00:00,"@Siajapul Ya bisalah beh... Merekakan punya kuasa. Bisa berbuat apa saja tanpa pedulikan nasib rakyat. Bisnis sdh didepan mata..

#DPR_KhianatiSuaraRakyat 
#DPR_KhianatiSuaraRakyat"
89,2022-01-30 19:03:08+00:00,"@Do4_kebaik4n @d_poyz @suryo_alam @ViaVia99778184 @james_abdillah @dd9966 @IstiFatkur5 @Qarny7 @Raksa_I34ndera @Cute_Tagar @SenseObito @chaatriex Mulai bergejolak...??
#DPR_KhianatiSuaraRakyat 
Haruskah terjadi reformasi jilid 2..??
Semoga tidak perlu terjadi,tp spertinya percikan 2 itu mulai menyala, jk sampai ini membara maka terjadilah apa yg akn terjadi."
90,2022-01-30 19:00:01+00:00,"@Imsovapo podia ser dpr, daniel jikal ou be’o"
91,2022-01-30 18:59:38+00:00,"@Siajapul Benarkan beh... Lihat saja kelakuan mereka. Virus saja sdh bs mereka jadwalkan akan merebak diawal bulan ramadhan...

#DPR_KhianatiSuaraRakyat 
#DPR_KhianatiSuaraRakyat"
92,2022-01-30 18:57:55+00:00,@rovinuraisyahh @tanyakanrl gedung dpr? gedung mpr? atau gedung apa?
93,2022-01-30 18:57:08+00:00,Anggota DPR Papua Fauzun Nihayah Bantu Warga di Merauke https://t.co/bHsNNHM4Zq
94,2022-01-30 18:56:17+00:00,"Karena mereka punya kuasa. Rakyat pun semangat. Aparat mereka yg punya. Yg siap sedia dgn amunisinya setiap rakyat maju bergerak..

#DPR_KhianatiSuaraRakyat 
#DPR_KhianatiSuaraRakyat"
95,2022-01-30 18:54:36+00:00,Anggota DPR Papua Fauzun Nihayah Sampaikan Pesan Politik Kepada Suku Wambon https://t.co/Pma1SNbMj8
96,2022-01-30 18:54:29+00:00,"Entaaahlah.... Anak siapalah ini..??

#DPR_KhianatiSuaraRakyat 
#DPR_KhianatiSuaraRakyat"
97,2022-01-30 18:54:06+00:00,@DPR_Jalanan Kalau mampir di kabari bang 🙏
98,2022-01-30 18:52:43+00:00,"@Siajapul Hebatnya lagi merasa dirinya seperti Tuhan..

#DPR_KhianatiSuaraRakyat 
#DPR_KhianatiSuaraRakyat"
99,2022-01-30 18:51:44+00:00,"Pan slama inih cuman bisa nonton dowang, nontonin
#DPR_KhianatiSuaraRakyat"
100,2022-01-30 18:49:01+00:00,"Kalo rakyat cuma jadi penonton. Bakalan terjadi...

#DPR_KhianatiSuaraRakyat 
#DPR_KhianatiSuaraRakyat"
101,2022-01-30 18:47:46+00:00,"E busuttt berat

#DPR_KhianatiSuaraRakyat"
102,2022-01-30 18:46:51+00:00,"Jan biarkan

#DPR_KhianatiSuaraRakyat"
103,2022-01-30 18:46:30+00:00,"Tak sekalian je TT Kamal...??

#DPR_KhianatiSuaraRakyat 
#DPR_KhianatiSuaraRakyat"
104,2022-01-30 18:45:43+00:00,"Palasu...

#DPR_KhianatiSuaraRakyat 
#DPR_KhianatiSuaraRakyat"
105,2022-01-30 18:44:04+00:00,"@B_dzoel Ya bisa saja... Kalo jiwa pengkhianat sdh melekat..

#DPR_KhianatiSuaraRakyat 
#DPR_KhianatiSuaraRakyat"
106,2022-01-30 18:42:25+00:00,"@B0eB0ey_Kut13L Sdh beralih fungsi... Fungsinya hanya menyenangkan penguasa dan menyengsarakan rakyat..

#DPR_KhianatiSuaraRakyat 
#DPR_KhianatiSuaraRakyat"
107,2022-01-30 18:41:10+00:00,"Alamat palsu...

#DPR_KhianatiSuaraRakyat 
#DPR_KhianatiSuaraRakyat"
108,2022-01-30 18:40:57+00:00,"Kok bisa ya ?
Adakah suara dari wakil kita ?
Ataukah #DPR_KhianatiSuaraRakyat"
109,2022-01-30 18:40:40+00:00,"Oke... Ttdj ya..

#DPR_KhianatiSuaraRakyat 
#DPR_KhianatiSuaraRakyat https://t.co/bJDgskuFHR"
110,2022-01-30 18:39:55+00:00,"Nah eta geuning

#DPR_KhianatiSuaraRakyat"
111,2022-01-30 18:39:23+00:00,"@GUnitedday Harus....bg maul...👍👍

#DPR_KhianatiSuaraRakyat 
#DPR_KhianatiSuaraRakyat"
112,2022-01-30 18:38:06+00:00,"@Elviny_98 Wakil yg sama skali gk berfungsi 

#DPR_KhianatiSuaraRakyat"
113,2022-01-30 18:38:05+00:00,"Kmana-mana

#DPR_KhianatiSuaraRakyat"
114,2022-01-30 18:37:32+00:00,"Mau kemana...?? Wait2 segala..

#DPR_KhianatiSuaraRakyat 
#DPR_KhianatiSuaraRakyat"
115,2022-01-30 18:37:01+00:00,"@disladyno Iyaa sihh bener, tpi aku dpr pembelajaran jga mlh di kecilin harga nya bsa di sus in sma jdi gk dipercayain. Harga lebih turun gk menjadi dpt cust lebih byk udh gitu effort nya jga rasa nya gk sebanding :'
Iyaa makasih yaa Sherlen, I appreciate it 😭🙏"
116,2022-01-30 18:36:53+00:00,"Siiiap meluncur.. pingin ikutan shoottingnya..

#DPR_KhianatiSuaraRakyat 
#DPR_KhianatiSuaraRakyat https://t.co/WcXxbUGKLx"
117,2022-01-30 18:34:20+00:00,"Ayo dong bersuaralah yg lantang,
Jangan sampai ada yg bilang

#DPR_KhianatiSuaraRakyat"
118,2022-01-30 18:33:01+00:00,"Adalah kamuuu...😂😂

#DPR_KhianatiSuaraRakyat 
#DPR_KhianatiSuaraRakyat"
119,2022-01-30 18:31:52+00:00,"Entah apa yg merasukimu. Sampai suara dengkuranmu lantang terdengar. Oh..DPR kusayang, DPR ku malang...

#DPR_KhianatiSuaraRakyat 
#DPR_KhianatiSuaraRakyat"
120,2022-01-30 18:30:42+00:00,"Apakah yg pastinyah adalah

#DPR_KhianatiSuaraRakyat"
121,2022-01-30 18:30:11+00:00,"Ya... Orang. Masa meow yg bilang..

#DPR_KhianatiSuaraRakyat 
#DPR_KhianatiSuaraRakyat"
122,2022-01-30 18:29:36+00:00,"Hhhmmm.... Kalo masih ada kata entah. Jawabannya masih blm pasti..

#DPR_KhianatiSuaraRakyat 
#DPR_KhianatiSuaraRakyat"
123,2022-01-30 18:28:55+00:00,"Masing ngantuk
#DPR_KhianatiSuaraRakyat https://t.co/FqiM9p8Btq"
124,2022-01-30 18:28:50+00:00,"@Boediantar4 @DPR_RI jgn tanya buat apa, pasti buat cuan lah apalagi? panglima tertinggi di negri ini skg cuan cuan. 
#DPR_KhianatiSuaraRakyat 
#DPR_KhianatiSuaraRakyat"
125,2022-01-30 18:28:18+00:00,"Orang bilang...

#DPR_KhianatiSuaraRakyat"
126,2022-01-30 18:27:55+00:00,"Coba cuci mukanya dulu. Biar nyadar...

#DPR_KhianatiSuaraRakyat 
#DPR_KhianatiSuaraRakyat"
127,2022-01-30 18:27:50+00:00,"Entah jika hilang terbang hilang di awang²

#DPR_KhianatiSuaraRakyat"
128,2022-01-30 18:27:49+00:00,"@B_dzoel Betul  Dpr gaji nya gede 
  Harus amamah"
129,2022-01-30 18:26:59+00:00,"Jaman Now...orang bilang

#DPR_KhianatiSuaraRakyat 
#DPR_KhianatiSuaraRakyat"
130,2022-01-30 18:26:34+00:00,"Belon sadar² juga kalu

#DPR_KhianatiSuaraRakyat"
131,2022-01-30 18:26:10+00:00,"Jamannyah

#DPR_KhianatiSuaraRakyat"
132,2022-01-30 18:25:43+00:00,"Kayaknya kececer dijalan tadi bang... 

#DPR_KhianatiSuaraRakyat 
#DPR_KhianatiSuaraRakyat"
133,2022-01-30 18:24:52+00:00,"Sadar.... Sadaaar woooiii...😂😂

#DPR_KhianatiSuaraRakyat 
#DPR_KhianatiSuaraRakyat"
134,2022-01-30 18:24:28+00:00,"Apakah hilang rasa kasih sayang ?
Dimana rasa itu hilang ?

#DPR_KhianatiSuaraRakyat"
135,2022-01-30 18:24:13+00:00,"Udh tengah malam... Jangan maen2 lagi. Jamnya tidur..

#DPR_KhianatiSuaraRakyat 
#DPR_KhianatiSuaraRakyat"
136,2022-01-30 18:23:21+00:00,"Ontong sampe sama si entong

#DPR_KhianatiSuaraRakyat"
137,2022-01-30 18:23:11+00:00,"@B_dzoel Selamat dini hari bang maul...

#DPR_KhianatiSuaraRakyat 
#DPR_KhianatiSuaraRakyat"
138,2022-01-30 18:20:01+00:00,"🇲🇨😔
@DPR_RI coba liat ini..?
Katanya bekerja untuk rakyat atau sebaliknya ,..!"
139,2022-01-30 18:16:08+00:00,"What do you mean....?? 🙄
DPR Makan lontongkah.....?? 
#DPR_KhianatiSuaraRakyat 
#DPR_KhianatiSuaraRakyat"
140,2022-01-30 18:14:39+00:00,"Ontong menung nung...

#DPR_KhianatiSuaraRakyat 
#DPR_KhianatiSuaraRakyat"
141,2022-01-30 18:14:00+00:00,"Saat anda menjabat
Laksanakan dgn hati2
Jgn lupa utk diingat
Anda hanyalah wakil kami
Gaji anda tdk kekurangan
Ditambah lg dgn tunjangan
Hidup sgt berkecukupan
Mengapa msh berbuat curang
Menipu dgn telanjang
Merekayasa demi uang
#DPR_KhianatiSuaraRakyat
#DPR_KhianatiSuaraRakyat"
142,2022-01-30 18:13:18+00:00,"Ontong meneng neng...

#DPR_KhianatiSuaraRakyat"
143,2022-01-30 18:12:52+00:00,"Daripada keplantong
🙄🤭

#DPR_KhianatiSuaraRakyat"
144,2022-01-30 18:08:50+00:00,"Menung nung...

#DPR_KhianatiSuaraRakyat 
#DPR_KhianatiSuaraRakyat"
145,2022-01-30 18:08:15+00:00,"Nahh ini nih buktinya kaaan...
Akhirnya kesambet jugaa...

#DPR_KhianatiSuaraRakyat 
#DPR_KhianatiSuaraRakyat"
146,2022-01-30 18:07:21+00:00,"iyya in ajah dah
🤭

#DPR_KhianatiSuaraRakyat"
147,2022-01-30 18:07:12+00:00,"Meninggooooyyyy....

#DPR_KhianatiSuaraRakyat 
#DPR_KhianatiSuaraRakyat"
148,2022-01-30 18:06:28+00:00,"Takpelah... Dr pado tidak 

#DPR_KhianatiSuaraRakyat 
#DPR_KhianatiSuaraRakyat"
149,2022-01-30 18:04:54+00:00,"@B_dzoel Kesambet nanti woooiii...😂😂

#DPR_KhianatiSuaraRakyat 
#DPR_KhianatiSuaraRakyat"
150,2022-01-30 18:03:12+00:00,"@B_dzoel Yg tergantung banyak. Yg digantung juga banyak...

#DPR_KhianatiSuaraRakyat 
#DPR_KhianatiSuaraRakyat"
151,2022-01-30 18:01:25+00:00,"Tergantung yang digantung
🙄

#DPR_KhianatiSuaraRakyat"
152,2022-01-30 18:00:42+00:00,"Bisa jadi... Bisa juga jadi2an.. tergantung kata bang @GUnitedday 

#DPR_KhianatiSuaraRakyat 
#DPR_KhianatiSuaraRakyat"
153,2022-01-30 17:59:46+00:00,"@GUnitedday @B_dzoel Oo...iya..ya. Bsk Harpitnas ya bang Maul...😂

#DPR_KhianatiSuaraRakyat 
#DPR_KhianatiSuaraRakyat"
154,2022-01-30 17:59:11+00:00,@mellaniaes udah sering khususnye orang-orang di DPR
155,2022-01-30 17:59:08+00:00,"Bisa jadi,...

#DPR_KhianatiSuaraRakyat"
156,2022-01-30 17:56:47+00:00,"mbk @NajwaShihab lebih di anggap  sebagai penyambung lidah rakyat, daripada @DPR_RI apalagi para menteri.."
157,2022-01-30 17:55:36+00:00,"Baiklah kalo begitu... I know...I know 😂😂

#DPR_KhianatiSuaraRakyat 
#DPR_KhianatiSuaraRakyat"
158,2022-01-30 17:54:59+00:00,"@GUnitedday @B_dzoel Teruuus... Tak tidur lagi sampai pagi..?? Begadang nampaknya nih..

#DPR_KhianatiSuaraRakyat 
#DPR_KhianatiSuaraRakyat"
159,2022-01-30 17:53:52+00:00,"Pan ada nyang ngasih tawu...

#DPR_KhianatiSuaraRakyat"
160,2022-01-30 17:53:09+00:00,"#MaduraUsutTuntasKm50 
#DPR_KhianatiSuaraRakyat 

TERUS BERJUANG SAUDARA...PANJANG UMUR PERJUANGAN...✊✊✊✊✊

SIAP JIH4D! ALIANSI RAKYAT ACEH SERUKAN UMAT BERSATU TEGAKKAN KEADILAN &amp; LAWAN KEZALIMAN PENGUASA!

https://t.co/vKdLxiiY3V"
161,2022-01-30 17:53:04+00:00,"Naah.... Itu tau...😊

#DPR_KhianatiSuaraRakyat 
#DPR_KhianatiSuaraRakyat"
162,2022-01-30 17:51:47+00:00,"@GUnitedday @B_dzoel Malaam juga bang Maul...?? 
Belum tidur.....???

#DPR_KhianatiSuaraRakyat 
#DPR_KhianatiSuaraRakyat"
163,2022-01-30 17:46:51+00:00,"Kuping budeg,mata buta,hati mati sepertinya itulah gambaran para anggota Dewan yg dimiliki Negara Ruwetnesia sehingga lupa akan hari pertanggung jawaban 

#DPR_KhianatiSuaraRakyat 
#DPR_KhianatiSuaraRakyat https://t.co/iaLeVronvf"
164,2022-01-30 17:45:26+00:00,"@B_dzoel Ya....iyaa...makanya banyak yg pingin duduk diparlemen. Kerja santai gajinya woooww....😂

#DPR_KhianatiSuaraRakyat 
#DPR_KhianatiSuaraRakyat"
165,2022-01-30 17:44:19+00:00,@UIOGD56 @eva_dpr PTDR
166,2022-01-30 17:43:10+00:00,"Wawwwww, gituh ya ?

#DPR_KhianatiSuaraRakyat"
167,2022-01-30 17:42:48+00:00,"PLS IYA TP ANJIR DI LINGKUNGAN RUMAH W TUH ADA DUA NAMA JALAN YG MIRIP

gue di dpr 1 nah satu lg dpr 1 atas, SERING BGT ojol ataupun kurir salah alamat (biasanya yg bkn org sini) pdhl alamat yg w cantumin bener alamat w :( kmrn kejadian pula paketnya malah dianter ke yg dpr atas"
168,2022-01-30 17:39:39+00:00,"@dprcream__ Bagi2 dong suhu bakat alaminya🙏🏻

Gimana nehh masa member dpr ga mau bagi2 sama rakyat sipil😠"
169,2022-01-30 17:39:12+00:00,"Gajinya sangat menggiur...

#DPR_KhianatiSuaraRakyat 
#DPR_KhianatiSuaraRakyat"
170,2022-01-30 17:38:32+00:00,"Ridwan Hisjam Deklarasikan Gerakan 234 Ikhtiar Cari Sosok Pemimpin di Tahun 2024: Sumber: Metro Kepri 

Malang, (MetroKepri) – Anggota DPR RI Dapil Malang Raya, Ridwan Hisjam mendeklarasikan gerakan 234 sekaligus doa bersama untuk nusantara. Gerakan 234… https://t.co/0IB0aCTXqX"
171,2022-01-30 17:37:53+00:00,"@Giring_Ganesha @psi_id @liputan6dotcom @Metro_TV @detikinet @detikcom @DPR_RI @kompascom tolong dong liput cuitan kami dr atas sampai bawah ,kira kira yang tidak pro ke nih orang berapa orang ,sy sih berharap seluruh Indonesia 😁"
172,2022-01-30 17:34:37+00:00,"Jika mereka tak mau bersuara, bolehkah dibilang
#DPR_KhianatiSuaraRakyat"
173,2022-01-30 17:31:44+00:00,"Tolong @DPR_RI anggotanya dipasangin chip di otaknya, biar kalo korup bisa ke detect .. ."
174,2022-01-30 17:30:55+00:00,"@selfolconvo hong dabin, dpr we gang gang"
175,2022-01-30 17:29:13+00:00,"@anjasmara_ferry Pemerintah merencanakan DPR menyetujui ya sudah itulah prosedunya sesuai UU, masa harus tunduk pd peroramgan atau kelompok yg tak punya wewenang. Dg begitu praktek bernegara akan tertib dan damai"
176,2022-01-30 17:29:06+00:00,DPR tidak untuk rakyat dan tidak pula perlu mendengar suara rakyat.!
177,2022-01-30 17:29:01+00:00,"Tidur pulas mendengkur

#DPR_KhianatiSuaraRakyat"
178,2022-01-30 17:28:42+00:00,@selfolconvo dpr live
179,2022-01-30 17:28:02+00:00,"Aku gak tau kenapa jadi
#DPR_KhianatiSuaraRakyat"
180,2022-01-30 17:26:51+00:00,@LUNERPW ayo ngobrol kk dpr ice cream
181,2022-01-30 17:23:50+00:00,"Meninggalkan kesan dalam kehidupan,
Entah baik maupun buruk.

#DPR_KhianatiSuaraRakyat"
182,2022-01-30 17:22:07+00:00,@LUNERPW Rose- kamu sama dpr cream di atas sama sama pake kacamata hitam😎
183,2022-01-30 17:20:30+00:00,@DPR_TlAN boong pantat lu kelap kelip
184,2022-01-30 17:19:22+00:00,"@_Jalanku_ @AP In Indonesian

#DPR_KhianatiSuaraRakyat"
185,2022-01-30 17:18:27+00:00,@RomitsuT BUDI SP dulu Keren di KPK skrg Kere di DPR RI
186,2022-01-30 17:17:00+00:00,@B_dzoel Kalau dpr bersuara banyak pejabat terjerat
187,2022-01-30 17:15:56+00:00,pasti kakak ga ada ahlak enih lu kan @DPR_TlAN
188,2022-01-30 17:09:01+00:00,Profil Muhammad Husni Angota DPR RI Fraksi Gerindra 2019-2014 https://t.co/DLStRvavst
189,2022-01-30 17:03:08+00:00,"Parlemen Grandong! Penghisap Darah Rakyat! 
#DPR_KhianatiSuaraRakyat 
#DPR_KhianatiSuaraRakyat"
190,2022-01-30 17:00:44+00:00,@DPR_LlVE_ KOK GUA ANJIR
191,2022-01-30 17:00:03+00:00,"Pekan lalu, DPR RI mengesahkan Rancangan Undang-Undang (RUU) Ibu Kota Negara menjadi undang-undang, menandai resminya ibu kota baru Indonesia, yang sudah dibicarakan sejak tahun yang lalu. #IKNNusantara https://t.co/O8GvACjX23"
192,2022-01-30 16:57:57+00:00,Anggota DPR RI Meninjau Realisasi Program Kotaku di Kowel Pamekasan https://t.co/2309PjOUwC
193,2022-01-30 16:57:53+00:00,"Rapat...Tidur
Kerja.....Ngawur
Rakyat pun jadi hancur...
Itu mereka2 yg duduk manis dibalik meja didalam gedung Parlemen...

#DPR_KhianatiSuaraRakyat 
#DPR_KhianatiSuaraRakyat"
194,2022-01-30 16:48:46+00:00,"Minyak Goreng Langka, DPR Besok Gelar Rapat dengan Mendag

 #Sindonews #BukanBeritaBiasa .https://t.co/xpHaGSy77Y"
195,2022-01-30 16:45:39+00:00,"@B_dzoel @DPR_RI Bakalan...

#DPR_KhianatiSuaraRakyat 
#DPR_KhianatiSuaraRakyat"
196,2022-01-30 16:45:03+00:00,Anggota DPR RI Komisi IV Andi Akmal Pasluddin meminta pemerintah segera menyelesaikan dugaan masih eksisnya sindikat mafia pupuk subsidi di negara ini. #pupukbersubsidi https://t.co/akoD2GAlNo
197,2022-01-30 16:43:32+00:00,"@detikcom Kasian para satpam udh naek pangkat mirip polisi, malah turun lagi kek polisi india, malah cicilan baju kemaren baru lunas malah mo nyicil baju baru lagi, dikira org itu gaji satpam kek anggota dpr kali yak?"
198,2022-01-30 16:43:30+00:00,@GUnitedday @NurNeng21995172 Jgn2 DPR singkatan Dewan Pecundangi Rakyat🤭🤭🤭🤭🤭
199,2022-01-30 16:43:08+00:00,"@B_dzoel Semoga laporannya tdk diabaikan....

#DPR_KhianatiSuaraRakyat 
#DPR_KhianatiSuaraRakyat"
200,2022-01-30 16:41:58+00:00,"YOON × DPR REM
YOON × KID MILLI https://t.co/8Eb18fzIBc"
201,2022-01-30 16:39:16+00:00,@indieluvie kya anggota dpr
202,2022-01-30 16:32:34+00:00,"Kalo tanganmu belum sanggup menolong yang Haq. Maka janganlah bertepuk tangan saat melihat Kebathilan..

#DPR_KhianatiSuaraRakyat 
#DPR_KhianatiSuaraRakyat https://t.co/vPdLx1es91"
203,2022-01-30 16:29:24+00:00,@aan__ bagus naronya di gedung dpr dah
204,2022-01-30 16:28:38+00:00,"Sri Mulyani kemaren di DPR mengatakan akan menyisihkan ratusan triliun dana PEN loh ......PEN Pemulihan Ekonomi Nasional,

Lah dananya belum jelas, baru akan dicari, ini model pembangunan apa? https://t.co/pTmLrDf59I"
205,2022-01-30 16:26:57+00:00,@msaid_didu Bila melenceng peruntukkan dananya...itu namanya kriminal kec ada persetujuan DPR bisa legal ?...kejahatan kerah putih Rezim Penguasa  agak susah di buktikan bila pada lemah iman penegak hukumnya ...eh
206,2022-01-30 16:26:54+00:00,"Same Energy, Beda Dimensi

Tengen Uzui vs Lord Fadil DPR

#kimetsunoyaibaseason2 #tanjirokamado #uzuitengen https://t.co/nAlD0BWgVp"
207,2022-01-30 16:26:41+00:00,"Terbitkan UU dalam bahasa Indonesia saja disalahkan MK, apalagi dalam bahasa Inggris?

Potensi Singapura Bobol RI, DPR Belum Baca Perjanjian Ruang Udara?

https://t.co/LDorIEVtlN"
208,2022-01-30 16:21:35+00:00,dpr supremacy !
209,2022-01-30 16:20:33+00:00,Hikmahanto Juwana Ingatkan Pemerintah Soal Ratifikasi FIR yang Tidak Pernah Dilakukan DPR pada 2007 https://t.co/XvrVZSLNrj lewat @Repelita Online
210,2022-01-30 16:20:27+00:00,"Cinta ibarat kupu2... 
Semakin kau kejar... 
Semakin dia terbang jauh dan menghindar... 

Biarkan lah dia terbang bebas disana... 
Dia akan datang dengan sendiri nya... 
Disaat yg tidak teduga... 
Itu lah yg nama nya cinta... 

#DPR_KhianatiSuaraRakyat 
#DPR_KhianatiSuaraRakyat"
211,2022-01-30 16:20:05+00:00,"@GUnitedday @DPR_RI Saatnya mengguji integritas KPK dalam menangani kasus es doger 71M 

#DPR_KhianatiSuaraRakyat 
#DPR_KhianatiSuaraRakyat"
212,2022-01-30 16:19:10+00:00,Arsip: Ketua DPR RI #PuanMaharani Imbau Masyarakat Semeru Taati Petunjuk PVMBG https://t.co/tWderL3kno
213,2022-01-30 16:17:55+00:00,"@wattpadmenfess_ Connected (menteri)
Sama rasa (dpr)
Temporary (walikota)"
214,2022-01-30 16:15:06+00:00,@dpr_yian gimana2? yang mana? https://t.co/emoRhQr8xu
215,2022-01-30 16:12:57+00:00,"Hoe.... Zon @fadlizon kamu bener2 bangsat keparat..  Pengkhianat.. di balik jabatanmu di DPR ternyata kamu pengkhianat rakyat..
Tak sumpahi kamu gk akan tentram hidupmu.. Kamu harus membayar kesengsaraan semua rakyat yg kamu khianati😠

Cc @prabowo"
216,2022-01-30 16:12:54+00:00,@DPR_LlVE_ bukan gw
217,2022-01-30 16:12:51+00:00,"@B_dzoel @B0eB0ey_Kut13L Di dalam gedung itu pula mereka lupa bahwa karena suara rakyat lah mereka bisa duduk manis dan menjadi yg terhormat disana
 
#DPR_KhianatiSuaraRakyat 
#DPR_KhianatiSuaraRakyat"
218,2022-01-30 16:11:55+00:00,"@temponewsroom Itulah gunanya berantas KKN TAP MPR, yg dimotori Ubeidillah dikenakan pada Anggota DPR, Eksekutif dan Yudikatif, pantes mrk2 Rezim Penguasa sibuk urus dirinya sendiri, kedaulatan Rakyat pada diabaikan scr dominan, hak rakyat yg kompeten ngaduin DPR ke KPK ayyo sikat..."
219,2022-01-30 16:10:50+00:00,"@K7_m0en @fadlizon Hoe.... Zon @fadlizon kamu bener2 bangsat keparat..  Pengkhianat.. Selama ini kamu sengaja bikin onar negara,,, di balik jabatanmu di DPR ternyata kamu pengkhianat rakyat..
Tak sumpahi kamu gk akan tentram hidupmu.. Kamu harus membayar kesengsaraan semua rakyat yg kamu khianati😠"
220,2022-01-30 16:06:10+00:00,"udah coba posisi tidur kiri kanan tapi tetep masih gabisa tidur, satu-satunya cara kayaknya mesti ikut rapat dpr, pasti bisa tidur."
221,2022-01-30 16:05:53+00:00,Komisi II DPR menjadwalkan uji kelayakan terhadap 24 calon anggota KPU dan Bawaslu pada 7-9 Februari mendatang. Siapa saja mereka ? https://t.co/8L7Aivsv0Y
222,2022-01-30 16:05:51+00:00,@camrrie WKWKWKWK GROGI BANGET LEBIH LEBIH RAPAT DPR
223,2022-01-30 16:05:43+00:00,"Siapa lagi kalo bukan negara kita sendiri yang dipimpin oleh orang2 bodoh tapi jiwa nasionalismenya NOL BESAR.

Maka dari itu berhentilah pilih orang bodoh jadi presiden dan anggota DPR di 2024.

Tau kan siapa Presidennya dan apa saja partai koalisinya di DPR? Pinter."
224,2022-01-30 16:05:38+00:00,@darjofess Waaah darjo gass kav dpr
225,2022-01-30 16:00:58+00:00,"@Moh4Ridloh @Indostransfer @PSSI @pt_lib urusan naturalisasi bukan sekedar hanya menyangkut federasi. itu urusan negara lewat kemenpora sama dpr. 

ternyata fans persebaya 😂 harusnya bangga mas pemainnya dipanggil banyak artinya berkualitas. namanya fifa match day gak ada alesan club buat nolak pemanggilan pemain."
226,2022-01-30 16:00:09+00:00,@Heraloebss HL calon kuat ketua DPR
227,2022-01-30 15:58:25+00:00,"Minyak Goreng Langka, DPR Besok Gelar Rapat dengan Mendag https://t.co/6OfUPXgIxg"
228,2022-01-30 15:57:16+00:00,Hikmahanto Juwana Ingatkan Pemerintah Soal Ratifikasi FIR yang Tidak Pernah Dilakukan DPR pada 2007 https://t.co/z5TZAnHEzJ
229,2022-01-30 15:57:02+00:00,Koalisi Serius Revisi UU ITE meminta DPR RI mengkaji secara serius Revisi UU ITE yang diinisiasi pemerintah. RUU ITE dianggap banyak memuat hal yang multitafsir. #RevisiUUITE https://t.co/Bka9J4t7i3
230,2022-01-30 15:57:01+00:00,"Kepala BNPT Komjen Pol Boy Rafli Amar menyebutkan hal itu dalam Rapat Dengar Pendapat (RDP) dengan Komisi III DPR RI, Selasa (25/1/22). https://t.co/EIqIWHUBf7"
231,2022-01-30 15:55:53+00:00,"Potensi Singapura Bobol RI, DPR Belum Baca Perjanjian Ruang Udara? https://t.co/VMg5h9U6un"
232,2022-01-30 15:53:16+00:00,Ketua DPR: Saya Minta Para Sindikat Mafia Pupuk Bersubsidi Segera Dapat Ditumpas https://t.co/EIVBkiFPyb
233,2022-01-30 15:50:54+00:00,sama kalo gasalah kata scott dia kerja mulu wkwk tp kynya dpr gini si. pokoknya kayak selesai satu rilisan yaudah back to work lagi bikin yang baru.
234,2022-01-30 15:48:40+00:00,di lagu to whoever itu dia nyeritain soal hidupnya dari awal sampe skrg jd seorang dpr live
235,2022-01-30 15:45:24+00:00,"detikNews: Komisi III DPR: Edy Mulyadi Tak Tugas Jurnalistik Komentar 'Jin Buang Anak'.
https://t.co/wRf4391yVo

melalui @GoogleNews"
236,2022-01-30 15:39:37+00:00,dpr mark next
237,2022-01-30 15:37:55+00:00,"@Siajapul @GUnitedday Musik Broery Marantika kang 🙏😁
#DPR_KhianatiSuaraRakyat"
238,2022-01-30 15:36:58+00:00,"@Siajapul @GUnitedday 🤭🤭
Moal ayeuna mah
#DPR_KhianatiSuaraRakyat"
239,2022-01-30 15:35:25+00:00,"@Siajapul @GUnitedday Tagar hilap
#DPR_KhianatiSuaraRakyat"
240,2022-01-30 15:30:33+00:00,@DPR_LlVE_ @LUNERPW @dpr_yian bukan me
241,2022-01-30 15:26:19+00:00,@Candraasmara85 Tenggelamkan @FPD_DPR dan tenggelamkan @AgusYudhoyono
242,2022-01-30 15:24:38+00:00,"@Siajapul @GUnitedday Terimakasih SAHABATKU RAHIMAKUMULLAH 🙏
#DPR_KhianatiSuaraRakyat"
243,2022-01-30 15:20:51+00:00,@just_chiena melatonin
244,2022-01-30 15:20:39+00:00,magang di dpr jenjang karirnya apaan? jadi dpr?
245,2022-01-30 15:19:51+00:00,"@GUNTRUE_ @Sinfourth_ Wadidaw ngk kepikiran ampe sejauh itu wkwk, aku mikirnya mereka mau jadi dpr"
246,2022-01-30 15:19:12+00:00,"@QalbuBahasa Sebuah pemikiran pemindahan Ibukota kok dibilang irasional, coba baca isi narasi di link rmol itu, hanya opini dan lebih karena ketidaksukaan personal atau lebih ke iri hati saja. Dan sudah diundangkan secara konstitusional di DPR RI."
247,2022-01-30 15:19:01+00:00,"Kinerja penegak hukum, KPK dan Kejaksaan, pada 2021 di bidang pemberantasan korupsi telah dipaparkan di Komisi III DPR RI. 

Dari paparan itu, KPK telah mengembalikan uang negara sebesar Rp 416,9 miliar. Sedangkan Kejaksaan sebesar Rp 21,2 triliun. https://t.co/vU6BCx9p5S"
248,2022-01-30 15:18:05+00:00,@hongphoria BISA GA YA DIA RELEASE EP FT DPR LIVE GUE KAYANYA BAKALAN LEMESSSHHH
249,2022-01-30 15:18:04+00:00,"@Sinfourth_ Eh setelah kupikir2 kayanya ada something deh, apa mereka mau jadi dpr makanya ngebeli club didaerah dapil nya, hmmmm"
250,2022-01-30 15:17:00+00:00,"Anggota Komisi Pemilihan Umum (KPU) DKI Jakarta, Betty Epsilon Idroos menyampaikan, bahwa tanggal pemilu 2024 sudah ditetapkan dan disepakati bersama oleh pemerintah, DPR dan para penyelenggara pemilu.
@kpu_dki
@KPU_ID
#BettyEpsilonIdroos
https://t.co/gu03WjqgDa"
251,2022-01-30 15:15:38+00:00,"Soal ekstradisi RI-Singapura sdh ada sejak era @SBYudhoyono. Ketika itu S’pore. minta ditandem dg perjanjian pertahanan yg isinya sangat berpihak kpd Singapore. Pak SBY pun batalkan SurPres ke DPR, krn isinya dinilai rugikan Ind. Jadi tak perlu lah glorifikasi berlebihan https://t.co/cIU5DVcjop"
252,2022-01-30 15:15:37+00:00,@zarazettirazr Justru kalo bs skalian kita kunyah² aja Ketua DPR RI tsb
253,2022-01-30 15:12:25+00:00,"@B_dzoel Diinjak kebo moncong putih.
#DPR_KhianatiSuaraRakyat 
Hilanglah suaranya
#DPR_KhianatiSuaraRakyat"
254,2022-01-30 15:11:15+00:00,@hongphoria KHAND MAEN EMG MINGI DPR WE GANG GANGGGGG
255,2022-01-30 15:10:00+00:00,"Puan Harap Perjanjian Ekstradisi Tingkatkan Penegakan Hukum

Ketua DPR RI Dr. (H.C.) Puan Maharani mengapresiasi perjanjian kerja sama antara Indonesia dan Singapura...

Selengkapnya: https://t.co/oQjxw9u9EI  

#PDIPerjuangan
#PDIPerjuanganJabar
#SolidBergerak https://t.co/QVX8m3qv64"
256,2022-01-30 15:09:59+00:00,@EAJconfess Sama dpr ian juga  nder 😭 perang tato
257,2022-01-30 15:09:34+00:00,"Potensi Singapura Bobol RI, DPR Belum Baca Perjanjian Ruang Udara?
https://t.co/z3WMdYet3N"
258,2022-01-30 15:09:27+00:00,@DPR_LlVE_ @ash_bossss @haneiulina @mainossg @solessido @ddlwrlma @blockb_po @katieesssh Eh merinding guwa
259,2022-01-30 15:09:19+00:00,@DPR_LlVE_ @katieesssh @ash_bossss @haneiulina @mainossg @solessido @ddlwrlma @blockb_po Apa maksud elu
260,2022-01-30 15:08:55+00:00,@DPR_LlVE_ makasih yaa!
261,2022-01-30 15:06:45+00:00,@hongphoria COCOK ABISAN TERUS DI LIVE INI DIA NGMNGIN DPR 😭😭😭😭
262,2022-01-30 15:05:45+00:00,mark lee dpr era https://t.co/nklXVSPPMy
263,2022-01-30 15:05:21+00:00,"Besok panggil Mendag Lutfi, DPR bakal soroti kelangkaan minyak goreng
https://t.co/WMOPZiM7Zc"
264,2022-01-30 15:05:02+00:00,"FK BPD Cikande Adakan Pertemuan Akbar,Ini Kata Anggota DPR RI Fraksi PAN https://t.co/68Y84SWUU6"
265,2022-01-30 15:05:02+00:00,@diluc_dpr_ri YAALLAHH EMG LU GATAU KEGIATAN MAIN DGN TEMAN KAH
266,2022-01-30 15:04:15+00:00,"@hirakousukehara @detikcom @DPR_RI @jokowi Waah telat bosque, udh diresmikan wkwkk
Saran nama?"
267,2022-01-30 15:04:05+00:00,"@zhaeioung @DPR_LlVE_ Gapapa chaeng, salah satu lagu galauku juga itu 👍🏻👍🏻"
268,2022-01-30 15:03:24+00:00,@Imasarvian @PKSejahtera satu2nya di DPR yang nolak lho...
269,2022-01-30 15:02:28+00:00,@slmabby_ @ImZackHerran @DoraMenghilang @FOODFESS2 Padahal ada kemungkinan anaknya ada yg jadi anggota DPR
270,2022-01-30 15:02:00+00:00,"@Siajapul @GUnitedday Ikut Berdendang
#DPR_KhianatiSuaraRakyat"
271,2022-01-30 15:00:13+00:00,"Bertemu Kepala Desa &amp; Pendamping Desa se Kab Halmahera Selatan (28/1), Wakil Ketua DPR RI Gus Muhaimin: ""5 tahun kedepan Model Pembangunan Desa kita terbaik di Dunia"".
#DesaBisa
@cakimiNOW 
@DPR_RI 
@halimiskandarnu 
@kemendespdtt 
@tppkemendes https://t.co/Z6CiK2VenL"
272,2022-01-30 14:58:53+00:00,@saidi_sudarsono Para anggota DPR RI butuh dana kampanye 2024
273,2022-01-30 14:57:57+00:00,"Anggota Komisi IX DPR RI Saniatul Lativa meminta pemerintah meninjau ulang pembelajaran tatap muka (PTM) di sekolah, mengingat belakangan ini kasus Covid-19 varian Omicron terus meningkat. 
https://t.co/QLyaOzm5x8 https://t.co/bdrKqK4hID"
274,2022-01-30 14:56:34+00:00,"@mochamadarip Anies pd awalnya tidak serius menanggapi wacana pemindahan IKN . Ketika program pindah IKN disetujui DPR, barulah Anies sadar dan bikin wacana baru."
275,2022-01-30 14:55:29+00:00,DPR Segera Bahas Ratifikasi MoU RI-Singapura agar Perjanjian Ekstradisi Bisa Dijalankan https://t.co/36hMg9UUFZ
276,2022-01-30 14:55:04+00:00,jgn lupa ibadah DPR we gang gang ol https://t.co/S4ngHgprbe
277,2022-01-30 14:54:13+00:00,"@GnwnMulyadi @akunkelima212 Huasyeem naan🤣🤣🤣
Bismillah,Up...

#DPR_KhianatiSuaraRakyat 
#DPR_KhianatiSuaraRakyat"
278,2022-01-30 14:52:58+00:00,"@Siajapul @GUnitedday Tagarnya masih lanjut om?
#DPR_KhianatiSuaraRakyat"
279,2022-01-30 14:51:33+00:00,@ikhhsn Dimulai dengan menyuntikkan sel tikus ke satu orang pemerintah rapat dpr
280,2022-01-30 14:51:11+00:00,@gratificat_no @jpnncom Jng begitu jg pak...pak fadli lah salah satu dari sedikit anggota dpr yg turut membantu mengambil jenasah para syuhada. Mohon koreksi kalau sy salah.nuwun.
281,2022-01-30 14:51:01+00:00,@DPR_LlVE_ Udah aku dengerin tadi 😍
282,2022-01-30 14:50:00+00:00,"Rekomen cerita /wp/ chicklit yg pemerannya pejabat (menteri, dpr, dll)
Thankyou"
283,2022-01-30 14:47:55+00:00,"@Minang_cyber @DPR_RI pantes keceplosan ya tuh,.."
284,2022-01-30 14:47:24+00:00,Pengen tahu dimana posisi DPR terhadap perilaku pemerintah seperti ini...
285,2022-01-30 14:45:38+00:00,"Rapat di DPR, Pemerintah-KPU Sepakat Jadwal Pemilu 14 Februari 2024 https://t.co/GGwuOmx1u1 https://t.co/Q3NRjhjtik"
286,2022-01-30 14:45:02+00:00,"Potensi Singapura Bobol RI, DPR Belum Baca Perjanjian Ruang Udara?
https://t.co/aF0BHTMVO6"
287,2022-01-30 14:44:44+00:00,"Proyek Deradikalisasi, Perang Melawan Teror atau Melawan Islam? | Serba-serbi MMC

Wakil Ketua Komisi III DPR RI Ahmad Sahroni meminta BNPT meningakatkan kewaspadaan dalam upaya mencegah meningkatnya paham radikal.
https://t.co/3VtnzbcWXV"
288,2022-01-30 14:44:26+00:00,@aguratds p: dpr
289,2022-01-30 14:43:17+00:00,DPR Apresiasi Polri 11.811 Perkara Selesai Lewat Restorative Justice https://t.co/5OIJHUOK6o
290,2022-01-30 14:40:13+00:00,"Kala 'pejuang' bergesekan, di sanalah si musuh tertawa senang hahaha
Suka pada salfok nih ah

Jadi keinget pas ada gesekan antar Alber&amp;sipil di 24sep, persis abis briefing dan tinggal jalan. Si dendy bilang ""Ayo² Jan pada ribut, musuh kita bersama noh DPR. Ayo buru pada jalan"""
291,2022-01-30 14:40:05+00:00,hri ini ak lg dnger DPR yuhuuuu😎
292,2022-01-30 14:37:06+00:00,Dpr we gang gang 😎🤙
293,2022-01-30 14:36:22+00:00,"Skenarionya dibuka lahan investor datang dari EU, UEA dan Cina dengan jaminan tanah, tapi apesnya invst memberikan dana setelah 30% dari total project telah berjalan dibiayai APBN @tvOneNews @RamliRizal @DPR_RI"
294,2022-01-30 14:34:32+00:00,@DPR_iaj tanga siya ih
295,2022-01-30 14:34:19+00:00,@msaid_didu Omongan sicunkring halu plongaplongo kok dpr aminin.. d.h.i cm FPKS yg waras
296,2022-01-30 14:34:09+00:00,@FWBESS DPR GANG!
297,2022-01-30 14:29:54+00:00,"@akunkelima212 Mahasiswa sekarang sibuk dengan gadget ...
Mahasiswa dulu sebagian sudah duduk jadi anggota dewan ...
Mahasiswi dulu sekarang jadi emak emak , karena itu yang lebih lantang para emak emak ...🤭

#RezimSarangKKN 
#DPR_KhianatiSuaraRakyat"
298,2022-01-30 14:28:56+00:00,@betxawi Dpr gmna
299,2022-01-30 14:28:33+00:00,"@akunkelima212 mereka sudah menjadi buta.. buta mata hatinya.. 

#DPR_KhianatiSuaraRakyat 
#DPR_KhianatiSuaraRakyat"
300,2022-01-30 14:27:59+00:00,"@DPR_LlVE_ Guyon waton - perlahan
Smash - senyum semangat"
301,2022-01-30 14:25:27+00:00,Omicrot mengganas hari libur gak di geser @DPR_RI @POTUS @UN
302,2022-01-30 14:25:21+00:00,Pangi Syarwi Chaniago Minta Kinerja Panja Vaksin DPR Lebih Progresif https://t.co/AD44FimfLQ
303,2022-01-30 14:21:49+00:00,"@herzamputra Kav dpr anjirr, gatau mrunu a"
304,2022-01-30 14:21:16+00:00,"Setahun Jadi Kapolri, Jenderal Listyo Sigit Panen Apresiasi dari Komisi III DPR https://t.co/ZupWNU6QMQ"
305,2022-01-30 14:20:36+00:00,"saat senang kudengar DPR, saat galau ku switch ke day6 😢"
306,2022-01-30 14:17:22+00:00,@iexoyouu9 @weareoneEXO Kesukaanmu @priscillaadin wkwkk
307,2022-01-30 14:15:28+00:00,"@ABSetyono @PlateJohnny @DPR_RI @kemkominfo Tahapan seleksi thd calon anggota KIP udh dilakukan dg baik oleh @kemkominfo 
Hasil akhirnya ya nunggu keputusan DPR dan Presiden.
@PlateJohnny"
308,2022-01-30 14:15:16+00:00,"@NeiRaham @Lembayung071 @ArmiSatria8 @TofaTofa_id Stlah di setujui DPR ...
pembangunan istana, kantor pemerintahan dan infra pendukung akan dibangun tahun 2022 ini.

wait and see  ..."
309,2022-01-30 14:14:01+00:00,pembahasan rancangan undang-undang pemilihan umum yang tengah berlangsung di DPR RI.
310,2022-01-30 14:13:25+00:00,1. Mantan Pimpinan Komisi II DPR Ganjar Pranowo (kini Gubernur Jawa Tengah)
311,2022-01-30 14:13:02+00:00,"Potensi Singapura Bobol RI, DPR Belum Baca Perjanjian Ruang Udara? https://t.co/D5C7NJZKJO"
312,2022-01-30 14:10:16+00:00,"@SatriaMaul01 @HendraHanifah Pilih yg konsisten dan Istiqomah aja 💪
#DPR_KhianatiSuaraRakyat 
#DPR_KhianatiSuaraRakyat"
313,2022-01-30 14:08:10+00:00,"@ABSetyono @PlateJohnny @DPR_RI @kemkominfo Nama-nama calon anggota KIP udh dikirim @kemkominfo nih.
Tinggal menunggu keputusan DPR dan Presiden aja.
@PlateJohnny"
314,2022-01-30 14:05:54+00:00,"@mohmahfudmd Aceh bisa selesai ??
kenapa papua susah sekali selesainya sudah 
76 tahun merdeka kita ?? hallo @DPR_RI"
315,2022-01-30 14:05:03+00:00,"Setahun Jadi Kapolri, Jenderal Listyo Sigit Panen Apresiasi dari Komisi III DPR

 #Sindonews #BukanBeritaBiasa .https://t.co/JKnL2t4VF4"
316,2022-01-30 14:04:57+00:00,@xzynse Engga cocok jadi bapak dpr si..
317,2022-01-30 14:04:08+00:00,"Cuplikan Rapat Kerja Komisi V DPR RI, membahas perkembangan proyek Jembatan Sungai Sambas Besar, Duplikasi Jembatan Kapuas 1, &amp; Jembatan Kapuas 3 di Kalimantan Barat.

Selengkapnya: https://t.co/UHIaqfyRIH https://t.co/xk9BYIG3ny"
318,2022-01-30 14:01:40+00:00,@SisiwittFrida Kalo di calonkan parte politik dgn ambang batas yg di sahkan DPR ya nek
319,2022-01-30 14:00:00+00:00,"Sejak disahkan sebagai inisiatif DPR, Rancangan Undang-Undang Tindak Pidana Kekerasan Seksual (RUU TPKS) terus dikritisi. Ada beberapa bagian yang diminta untuk ditambahkan, dan sebagian lain dipertahankan dengan perbaikan.

https://t.co/Ubgch9uGFU"
320,2022-01-30 13:57:25+00:00,"@ABSetyono @PlateJohnny @DPR_RI @kemkominfo Calon anggota KIP sdh diseleksi oleh @kemkominfo 
Nah tinggal giliran DPR dan Presiden utk menyetujuinya
@PlateJohnny"
321,2022-01-30 13:55:52+00:00,@raukandt @seroja_merah @SantorinisSun @DPR_RI @puanmaharani_ri @barani_id Seperti survey ahy capres terkuat... anda percaya...
322,2022-01-30 13:55:43+00:00,"@All_xxx_Xander @_Banyoe @StopPlandemit @banyoe Saya terima jika 200.000.000 orang menerima tantangan ini di 1 rumah sakit di Pusat Pemerintahan + ISTANA + DPR.

Saya balik nantang, test copit seluruh manusia setiap harinya."
323,2022-01-30 13:55:35+00:00,"@ABSetyono @PlateJohnny @kemkominfo @jokowi @DPR_RI @KSPgoid @Aryprasetyo85 @henrysubiakto @myozhyme @NgkongRoses @tolakbigotnkri @suaraislamco Harus banget sih. Agar masyarakat jg lebih merasakan keamanan atas data pribadi mereka.
@kemkominfo @PlateJohnny"
324,2022-01-30 13:55:22+00:00,@metamoforccis hubungannya sama kwtua dpr apa 😃😃
325,2022-01-30 13:54:11+00:00,"@H4T14K4LN4L42 Saya orang desa

Mau jadi
Presiden

Kalau mau jadi
Presiden
Sdh pernah
Jadi 
1. Menteri
2. DPR
3. GUBERNUR

SAYA  
Jadi 
Jenderal maneger inperpol

Untuk 192 negara"
326,2022-01-30 13:51:43+00:00,"Minyak Goreng subsidi langka, DPR bakal panggil Mendag Lutfi
https://t.co/NnAekrmYv8"
327,2022-01-30 13:50:58+00:00,"@democrazymedia Jgn smp 2024 besok aja ambruk dan kabinetnya, DPR /MPR  juga bubarin,  nggak guna."
328,2022-01-30 13:49:03+00:00,@STARFONTHEUCKER's account is temporarily unavailable because it violates the Twitter Media Policy. Learn more.
329,2022-01-30 13:47:42+00:00,"@Eyang46419832 Alfatihah.....
#DPR_KhianatiSuaraRakyat"
330,2022-01-30 13:46:30+00:00,@DPR_LlVE_ GA COCOK BIN
331,2022-01-30 13:43:49+00:00,@dpr_yian Pegang dagu dengan swag(?) https://t.co/R4ZttQd69I
332,2022-01-30 13:43:18+00:00,Kapling dpr anyone. Skuyyy!!!
333,2022-01-30 13:41:23+00:00,@jowoshitpost Sat set das des gini lho gausah kelamaan @priscillaadin wkwkk
334,2022-01-30 13:41:02+00:00,"Sekarang DPR ""Stempel"" jangan harap mengawasi Pemerintah."
335,2022-01-30 13:40:27+00:00,@priscillaadin Istighfar kakak
336,2022-01-30 13:40:21+00:00,"@saidi_sudarsono Ketua DPR saya kasih tau ya, namanya Puan Maharani 😀😀"
337,2022-01-30 13:39:07+00:00,"Temui Kades Se-Halmahera Selatan, Pimpinan DPR: Tulis dan Ekspos Keberhasilan Bangun Desa
 
https://t.co/EGoDZr8rzf lewat @tribunnews"
338,2022-01-30 13:38:23+00:00,"Hikmahanto Juwana Ingatkan Pemerintah Soal Ratifikasi FIR yang Tidak Pernah Dilakukan DPR pada 2007
https://t.co/GE3PrGq89K"
339,2022-01-30 13:36:06+00:00,@kodok_007's account is temporarily unavailable because it violates the Twitter Media Policy. Learn more.
340,2022-01-30 13:34:57+00:00,@kodok_007's account is temporarily unavailable because it violates the Twitter Media Policy. Learn more.
341,2022-01-30 13:34:50+00:00,@Boediantar4 @DPR_RI Bukan lupa tp mungkin salah kalkulasi 🤪
342,2022-01-30 13:34:21+00:00,Dpr ian - Nerpes
343,2022-01-30 13:33:22+00:00,"@balapati_ @convomf Jaemin udah jadi yang pertama, sejarang dpr ian yang kedua"
344,2022-01-30 13:33:10+00:00,@DPR_iaj epekto yan ng cheat
345,2022-01-30 13:31:50+00:00,@kodok_007's account is temporarily unavailable because it violates the Twitter Media Policy. Learn more.
346,2022-01-30 13:31:35+00:00,@DPR_LlVE_ @ygxlee Udah kan jung? Jangan lupa sisa komisinya tf ya
347,2022-01-30 13:30:00+00:00,"Anggota DPR RI, Mercy Chriesty Barends menyatakan penyelesaian konflik antarwarga Ori dan Pelauw dengan Kariuw di Pulau Haruku, Kabupaten Maluku Tengah harus mengedepankan nilai kemanusiaan dan persaudaraan sejati.

https://t.co/f3QxvDt347 #pdiperjuangan"
348,2022-01-30 13:29:30+00:00,@pinkeohy Semangat yok ohay
349,2022-01-30 13:29:22+00:00,@auragamma @DPR_RI Mungkin mereka lupa ini 🤭 https://t.co/FAq2ZgT7B2
350,2022-01-30 13:27:54+00:00,@playboikeeho all except jung jinhyeong and dpr live
351,2022-01-30 13:27:52+00:00,@limnanaa Waduh agak susah ya ini. Tapi masih suka ketemu sih sama beberapa membernya
352,2022-01-30 13:27:12+00:00,"@Boediantar4 @DPR_RI Dulu msh mikirin biaya,lah kemarin wakil2 dri demokrat setuju juga diparlemen.apa salah perhitungan? 🤭"
353,2022-01-30 13:27:03+00:00,@ygxlee Komisi yang udah masuk gak bisa balik dong..
354,2022-01-30 13:25:33+00:00,lagunya dpr yang a6 judulnya apa?? gi iseng nie nguehehehe
355,2022-01-30 13:24:45+00:00,"@DPR_LlVE_ sip udahh, oppa juga ya"
356,2022-01-30 13:24:27+00:00,"PAKTA INTEGRITAS
Cuma pelengkap.
Bagaimana semua pejabat pelaku KKN tidak mempedulikan ini.
Seloroh ;
""Saya tak punya beban apa-apa""
cc : @DPR_RI @MahkamahAgung https://t.co/l2p8rPFFAT"
357,2022-01-30 13:23:11+00:00,"Kader Demokrat Riau Kedatangan Mas ⁦@Edhie_Baskoro⁩ Yudhoyono (Ibas) Jelang Pelantikan Pengurus, Beri Semangat dan Motivasi - Laman Riau https://t.co/CajUDIuVdo"
358,2022-01-30 13:22:52+00:00,"Profesor UI menilai Singapura cerdik sehingga bisa mengecoh Indonesia terkait perjanjian FIR. Anggota Komisi I DPR RI Bobby Adhityo tak yakin RI terkecoh.
https://t.co/c47SygZE5l"
359,2022-01-30 13:19:54+00:00,@kiIabret kyk atap gedung dpr gk sih
360,2022-01-30 13:18:55+00:00,"@GUnitedday Bangsat2 bangsa!!!
#DPR_KhianatiSuaraRakyat 
#DPR_KhianatiSuaraRakyat"
361,2022-01-30 13:18:31+00:00,DPR Diminta Hindari Pidana Denda dalam RUU TPKS https://t.co/6EruUzhY57
362,2022-01-30 13:12:56+00:00,@roon3651 @Nicho_Silalahi Anggota DPR RI dapil kaltara dari F- PDIP
363,2022-01-30 13:11:54+00:00,@balapati_ @convomf Dpr ian sabi gak😅
364,2022-01-30 13:11:01+00:00,"@GUnitedday @_DzoelFikaR_ Kok admin ?
Ngerti saya itu Damin atau Diman. Itu tetangga yg biasa diminta tolong panjat kepala.
#DPR_KhianatiSuaraRakyat"
365,2022-01-30 13:09:00+00:00,"Soal nasib Brigjen Junior usai ngamuk ke Sentul City, jabatan dan pangkatnya...

Seorang Patriot sejati yang berusaha melindungi rakyat lemah dari cengkraman mafia tanah,
✊🏻 Bravo brigjen

#DPR_KhianatiSuaraRakyat

https://t.co/84iqWAktEc"
366,2022-01-30 13:08:03+00:00,"Anggota DPR RI Fraksi Partai Golkar Christina Aryani menyambangi sejumlah Vihara di Jakarta menjelang perayaan Tahun Baru Imlek 2573 yang jatuh pada 1 Februari mendatang. Ada pesan persaudaraan yang dibawa Christina.
https://t.co/diLeNX6tVP https://t.co/Mr5Ly8ADp5"
367,2022-01-30 13:08:00+00:00,"Erick Larang BUMN Jadi Menara Gading, Sejahterakan Petani

@B_dzoel : bagus, asal ontong mengenyengsangrakan petani.
Btw apa kabarnyah harga pupuk rik ?

#DPR_KhianatiSuaraRakyat

https://t.co/8LnCwl1rNk"
368,2022-01-30 13:07:30+00:00,"@GUnitedday Cari tau sendiri 🤭🙄
#DPR_KhianatiSuaraRakyat"
369,2022-01-30 13:07:09+00:00,@DPR_LlVE_ @haneiulina @voungky @mainossg @solessido @ddlwrlma @blockb_po @katieesssh Wkwkwk kang bra aku bisa jelasin semuanya
370,2022-01-30 13:06:41+00:00,"Ya Allah baru mengerti . Alhamdulillah.... selamat untuk warga NU. Semoga tetap memberi ""tempat kos"" bagi warga non NU.
 #DPR_KhianatiSuaraRakyat 
#DPR_KhianatiSuaraRakyat 

https://t.co/oUY6MEQAC9"
371,2022-01-30 13:04:32+00:00,DPR RI Desak Kinerja BPN Bandarlampung Dievaluasi https://t.co/uMMqkEN5eF
372,2022-01-30 13:04:08+00:00,kaya mvnya ian dpr deh
373,2022-01-30 13:01:09+00:00,@DPR_LlVE_ @meenoieo Mana marahnya coba
374,2022-01-30 13:00:20+00:00,Pengamat Harap Panja Vaksin DPR Bekerja Maksimal   https://t.co/RCc4YPsZwI
375,2022-01-30 12:58:44+00:00,Panja Vaksin DPR Diharapkan Bekerja Maksimal https://t.co/t6BTHqsAQv
376,2022-01-30 12:58:21+00:00,DPR Motorsport on #Google https://t.co/lWc2Xl18bF
377,2022-01-30 12:57:05+00:00,DPR LIVE via Instagram https://t.co/NgQ3OxmqtO
378,2022-01-30 12:55:38+00:00,sdf! tempat yg terbaik di kav dpr dong bestie...
379,2022-01-30 12:54:54+00:00,"@_Jalanku_ Tagarkan!!!
#DPR_KhianatiSuaraRakyat 
#DPR_KhianatiSuaraRakyat"
380,2022-01-30 12:54:31+00:00,@jembermfs Toko klontongan bunderan dpr yg arah jl Sumatra sebelum indomaret itu ada yg jual es batu
381,2022-01-30 12:54:22+00:00,@dpr_yian Apa tuh yang di sensor?
382,2022-01-30 12:54:04+00:00,"@akunkelima212 Dewan Pencitraan Rakyat
#DPR_KhianatiSuaraRakyat"
383,2022-01-30 12:53:03+00:00,"@DPR_LlVE_ Oke gajadi :"")"
384,2022-01-30 12:52:45+00:00,"@dpr_yian kalo ngga difolbek, balikin komisinya"
385,2022-01-30 12:52:24+00:00,Kangen gak si lo @ohmpawatft
386,2022-01-30 12:52:00+00:00,"Jokowi: PLTU 5,5 GW Akan Disetop, Kiamat Batu Bara Mendekat!

Nah lho....
Nyang pada punya usaha batu bara buruan ganti ke batu permata,
Sukur² permata sari
🤭

#DPR_KhianatiSuaraRakyat

https://t.co/nuKDEQcrS0"
387,2022-01-30 12:51:47+00:00,"Kalo liat konser rp tuh, jadi inget jaman pas [redacted] berjaya"
388,2022-01-30 12:51:37+00:00,@wonyuonge Daftar dpr juga bisa
389,2022-01-30 12:51:33+00:00,"#IKNNusantara mengundang bencana, pemborosan anggaran saat krisis ekonomi, Covid19, hutang, korupsi, disintegrasi nasional, lainnya, itu ditiadakan gantinya bisa istana negara biaya murah untuk perhatian ke Kaltim dan Sulawesi @jokowi @KemensetnegRI @setkabgoid @DPR_RI https://t.co/aPwHPCp2wK"
390,2022-01-30 12:50:44+00:00,@kdrama_menfess zombie digedungg dpr mpr pokoknya semua pejabat negara anjir biar panik🙃🙃
391,2022-01-30 12:49:41+00:00,"@akunkelima212 Rezim BTB
#DPR_KhianatiSuaraRakyat https://t.co/LcnYTjCdq5"
392,2022-01-30 12:49:07+00:00,"@hansohiie Biar keren aja pose begitu, sohee xD"
393,2022-01-30 12:48:43+00:00,"Alhamdulillaah,...
Sejak buka sampe saat ini..
Lagih sibuk mo ngebungkusin ketring
☺

Titip jan sampe #DPR_KhianatiSuaraRakyat ya....
Gak semua bisa beli beras bagus,
Raskin pun sering juga nyang jadi rebutan warga² dipelosok.
Gak percaya ?
Sidak ajah daerah TPU Bantar Gebang https://t.co/aqTagOw8RN"
394,2022-01-30 12:48:29+00:00,"DPR : Dewan Penjilat Rezim

CC @DPR_RI"
395,2022-01-30 12:46:46+00:00,Sejumlah penanganan perkara korupsi besar spt dlm kasus eks Mensos dan eks Menteri KKP di awal 2021 hingga penangkapan Wakil Ketua DPR di pertengahan 2021 lalu juga turut mewarnai dinamika penegakan hukum antikorupsi.
396,2022-01-30 12:46:44+00:00,"@ygxlee Wkwk segitu doang masa. Tapi berhubung saya baik hati yowis

Bin ada yang minta fb @DPR_LlVE_"
397,2022-01-30 12:46:00+00:00,"Luhut: Saya Baru Sadar Ahli Kita Hebat-hebat, Selama Ini Kurang Diberdayakan

Bagus dah kalu udah sadar mah,
Belon terlambat sieh kalu mau Memberdayakan mereka, asal ontong diperdaya,

👉🏻saran plus banyol✌🏻

#DPR_KhianatiSuaraRakyat 

https://t.co/Hg7g39nVzs"
398,2022-01-30 12:45:55+00:00,@yujincive Jiahh niat bener ya yudding
399,2022-01-30 12:45:37+00:00,@O4KEP1ER Nanti kita coba ya hiye
400,2022-01-30 12:45:23+00:00,"@hongsuzui @aintbrightvc Wkwk udah ada yang nawarin diri. Bolehlah, tinggal nyari catering, wo, tempat, biar sekalian dapet endorsean"
401,2022-01-30 12:44:43+00:00,"@akunkelima212 😂😂😂
Jadi Anak Buah Rezim BTB
#DPR_KhianatiSuaraRakyat"
402,2022-01-30 12:44:02+00:00,@diluc_dpr_ri boleh sini dong
403,2022-01-30 12:43:53+00:00,"@fucker_on @akunkelima212 Dewan Penjilat Rakus
#DPR_KhianatiSuaraRakyat"
404,2022-01-30 12:43:04+00:00,"Itu Dudung melukai hati rakyat yang siap berjuang bersama TNI, mohon ditindak..!! @tni_ad @Puspen_TNI @fadlizon @DPR_RI"
405,2022-01-30 12:42:06+00:00,@hansohiie Gigit jarinya sohee
406,2022-01-30 12:41:26+00:00,@DPR_LlVE_ Jemput
407,2022-01-30 12:40:36+00:00,@diluc_dpr_ri gong xi fa chai kmn ya
408,2022-01-30 12:40:33+00:00,@ygxlee Wani piro jung? :D
409,2022-01-30 12:40:02+00:00,@ailjinjjaa @preciousowon1 Perutnya kaya balon diisi air
410,2022-01-30 12:40:00+00:00,"PKS-PKB Keberatan Pemilu 2024 Dekat-dekat Lebaran, Ketua KPU: Uang Kampanyenya Lebih Banyak

Udah pada recet pemila-pemilu,
Pada kaga ngartiin keadaan rakyat saat inih,
Ada gak yg peduli keadaan rakyat saat ini ?

👉🏻Nanya ??

#DPR_KhianatiSuaraRakyat

https://t.co/0d9p4Kzw7Z"
411,2022-01-30 12:39:33+00:00,@diluc_dpr_ri SAMA COK BESOK GUE ONLINE SEMINGGU 🤣
412,2022-01-30 12:39:31+00:00,@DPR_LlVE_ @dprcream__ @DPR_TlAN @dprremm Jadi terngiang2 sound helicopter
413,2022-01-30 12:39:30+00:00,@dpr_yian @ailjinjjaa WKWKWK HELP MEEE 😭
414,2022-01-30 12:39:23+00:00,@Minang_cyber @DPR_RI Takbir ga nih???😄
415,2022-01-30 12:39:08+00:00,@preciousowon1 @ailjinjjaa Wkwk perlu suntik booster kayanya
416,2022-01-30 12:38:38+00:00,@DPR_LlVE_ @DPR_TlAN Mantap
417,2022-01-30 12:38:31+00:00,"@CNNIndonesia Kalian selalu narasi dan framing serta jualan konflik Suriah tapi justru kalian lah yg buat perpecahan, kebencian dan permusuhan...

Kalian ini maunya apa sebenarnya,apa agenda kalian...

CC @jokowi @KSPgoid @DPR_RI @setkabgoid @KemensetnegRI @mohmahfudmd @BNPTRI @DivHumas_Polri"
418,2022-01-30 12:38:11+00:00,@ailjinjjaa @dpr_yian Perutnya kek bola gemush skssk
419,2022-01-30 12:38:00+00:00,"Ini yang Paling Ditakutkan Jika Ibu Kota Pindah ke Kalimantan

#DPR_KhianatiSuaraRakyat 

https://t.co/6R607ynvm9"
420,2022-01-30 12:37:28+00:00,@dpr_yian oppa bilangin oppa yang di atas folbek aku dong🥺👉🏻👈🏻
421,2022-01-30 12:37:19+00:00,"@B_dzoel Jgn tanya kemana DPR. Ketuanya aja takut sama mic. Sampe dimatiin. 😄

#TolakUUIKN 
#IndonesiaDamaiTanpaPDIP"
422,2022-01-30 12:36:45+00:00,@kdrama_menfess Zombie di gedung DPR :)
423,2022-01-30 12:36:38+00:00,@DPR_LlVE_ Asik betul kayanya
424,2022-01-30 12:36:32+00:00,@dpr_yian @ailjinjjaa Loyo sampe lrp 👎🏻🤧
425,2022-01-30 12:36:15+00:00,"@GeiszChalifah Para pejabat teras, DPR, aparat bnyk yg urat malunya dah pd putus bang @GeiszChalifah"
426,2022-01-30 12:36:06+00:00,@preciousowon1 @ailjinjjaa Nanti keterusan gimana re?
427,2022-01-30 12:35:31+00:00,@dpr_yian @ailjinjjaa Lanjut loyo yok bang
428,2022-01-30 12:35:24+00:00,@DPR_TlAN Hormat dulu
429,2022-01-30 12:35:13+00:00,@DPR_LlVE_ Minta tolong harus ada imbalannya ya
430,2022-01-30 12:35:09+00:00,@dprcream__ @DPR_LlVE_ @DPR_TlAN @dprremm Kacau. Mesti manggil heli kopter uduk uduk
431,2022-01-30 12:34:50+00:00,@DPR_LlVE_ @haneiulina @voungky @mainossg @solessido @ddlwrlma @blockb_po @katieesssh Masih sore ini bin
432,2022-01-30 12:34:32+00:00,@ailjinjjaa @preciousowon1 Gak usah sok imut il
433,2022-01-30 12:34:14+00:00,@DPR_LlVE_ @DPR_TlAN Gak receh gak enak
434,2022-01-30 12:33:53+00:00,Ahmat Yohan DPR RI Beri Bantuan Untuk Pembangunan Gua Maria Stasi Saga https://t.co/2Ob1oo4703
435,2022-01-30 12:33:39+00:00,"Ngomongin Dewan 
Up
#DPR_KhianatiSuaraRakyat 
@akunkelima212 
Yu https://t.co/2qCcQa6i02"
436,2022-01-30 12:33:23+00:00,"@chaeanieu Halo chaehyun, gimana weekendnya?"
437,2022-01-30 12:33:00+00:00,"#DPR_KhianatiSuaraRakyat 
#DPR_KhianatiSuaraRakyat 

IMF Minta BI Hentikan Aliran Dana ke APBN, Sikap Jokowi Buat Sri Mulyani Tak Tahan

Gimana nih min @DPR_RI  ?
IMF negor tuh....

Klik untuk lengkapnya :

https://t.co/xFyokX0gWe"
438,2022-01-30 12:32:38+00:00,@DPR_LlVE_ @dpr_yian @DPR_TlAN @dprremm NJIR MAKIN KACAU 🤣
439,2022-01-30 12:32:15+00:00,@preciousowon1 @ailjinjjaa Ada sih rea. Cuma meloyo dikit
440,2022-01-30 12:31:50+00:00,@dpr_yian halo kak ian kacela
441,2022-01-30 12:31:47+00:00,"RT @NasDem: Anggota Fraksi Partai NasDem di Komisi IV DPR, Abdullah Tuasikal berharap keberpihakan KKP kepada nelayan dapat terealisasi di lapangan. 

Jangan sampai PNBP KKP memberatkan nelayan.

#NasDemPeduli #PNPB https://t.co/EM9S2mjsSL"
442,2022-01-30 12:31:41+00:00,@preciousowon1 @ailjinjjaa Gak bisa https://t.co/974XgrtpaX
443,2022-01-30 12:31:11+00:00,"@soen_cak Anggota dpr nya cacat moral, seiring sejalan dgn jaksa agung .... Rusak negara ini kalau kejahatan yg dilakukan krn kerakusan dibiarkan"
444,2022-01-30 12:31:11+00:00,@Boediantar4 @DPR_RI Gak bisa kelola uang.
445,2022-01-30 12:31:00+00:00,"@dpr_yian @ailjinjjaa Baru kliatan si, kemana aja bang?"
446,2022-01-30 12:30:37+00:00,@ailjinjjaa @preciousowon1 Curang. Mainnya komplotan!
447,2022-01-30 12:30:10+00:00,@preciousowon1 @ailjinjjaa Kok kalian begitu?
448,2022-01-30 12:30:00+00:00,"Sejarah KKB Papua, Kelompok Separatis yang Diburu Kepolisian dan TNI hingga Sekarang

@B_dzoel  tambahin : dan gak kelar² sampe sekarang...

#DPR_KhianatiSuaraRakyat

https://t.co/GekHvOFaO7"
449,2022-01-30 12:30:00+00:00,"Wakil Ketua Komisi X DPR RI Agustina Wilujeng Pramestuti, meminta pemerintah mengevaluasi pelaksanaan Pembelajaran Tatap Muka (PTM) 100 persen.

https://t.co/pPHKxM3EuU #pdiperjuangan"
450,2022-01-30 12:29:47+00:00,"@akunkelima212 Maha Pelajar
Tagar 
#DPR_KhianatiSuaraRakyat"
451,2022-01-30 12:29:42+00:00,@DPR_LlVE_ @DPR_TlAN @dprcream__ @dprremm Jangan macem macem ye ada Dewan Perwakilan Roleplayer
452,2022-01-30 12:29:17+00:00,"Tsunami berpotensi bisa terjadi oleh gempa bumi kemarin di laut Kalimantan Timur ke Bontang karena garis gempa dari Palu Sulawesi yg pernah terjadi tsunami, potensi tsunami bisa menggerus ke #IKNNusantara, lainnya iklim ekstrim @jokowi @KemensetnegRI @setkabgoid @DPR_RI https://t.co/bXiFagtYBD"
453,2022-01-30 12:28:30+00:00,"@dpr_yian Ail, dorong bang ian sampe nyungsep dong.gak @ailjinjjaa"
454,2022-01-30 12:26:50+00:00,Hi ol. Ngobrol yok.. https://t.co/haQjJnoiEl
455,2022-01-30 12:26:07+00:00,"Klo ngancam2 bgini kok bs masuk di ruang DPR?
Klo ulama kritis knp g mau trima n masuk DPR?"
456,2022-01-30 12:25:52+00:00,"Kalau ngga punya uang jangan maksa lah, termasuk anggota @DPR_RI kenapa sampai ngebut UUIKN sampai dini hari buat apa?
Bercerminlah pada pengalaman https://t.co/Zkt2FopQ1D"
457,2022-01-30 12:25:32+00:00,"Besok, DPR Panggil Menteri Perdagangan Terkait Kelangkaan Minyak Goreng https://t.co/zRqbQzCF9V #dpr"
458,2022-01-30 12:25:29+00:00,@DPR_LlVE_ Nyuruh cuci piring??????
459,2022-01-30 12:25:17+00:00,"@HyEvan1 @FR33D0ML4ND @joyoboyosakti88 @Nicho_Silalahi Rakyat yg dukung Pa Jokowi
Mayoritas
DPR yg dukung Pa Jokowi 
Mayoritas
Partai Politik yg dukung Pa Jokowi 
Mayoritas
Ormas Islam yg Dukung Pa Jokowi 
Mayoritas
Umat  Beragama yg dukung Pa Jokowi
Mayoritas
Lu Minoritas mau guling kan Pa Jokowi...Bangun Woy Jangan Mimpi mulu"
460,2022-01-30 12:24:17+00:00,@solehsolihun Tren artis yg jadi anggota dpr ttp d urutan wahid.
461,2022-01-30 12:24:10+00:00,@B_dzoel DPR juga sarang koruptor
462,2022-01-30 12:23:45+00:00,@ziesooya Geng ompol
463,2022-01-30 12:23:22+00:00,@andrinof_a_ch @DPR_RI @AhmadErani Itu bukti DPR nya berkualitas
464,2022-01-30 12:22:59+00:00,@kompascom DPR..sebagai wakil rakyat atau wakil partai.Apakah rakyat akan diam dijadikan alat bisnis. Pejabat dari pengusaha..pejabat ingin kaya..rakyat ada karena negara atau negara ada karena rakyat. Semoga cepat kiamat..karena bisa jadi saya melakukan fitnah..tambah hari dosa saya banyak
465,2022-01-30 12:22:32+00:00,@DPR_LlVE_ @DPR_TlAN Gini doang gua ketawa jir
466,2022-01-30 12:22:04+00:00,"1). Draft RUU dari Pemerintahnya memang sudah 90% matang; 2). Pasalnya cuma 40 pasal; 3). Dilihat dari beban kerja pembahasan dan kemampuan @DPR_RI 20 haripun mereka pasti bisa. Bahkan, pakar hukum Dr. Margarito bilang, ""24 jam pun bisa sekesai!"". Puaass..?? 😊😊 Cc @AhmadErani"
467,2022-01-30 12:22:00+00:00,"Faisal Basri: Anak Presiden Jadi Wali Kota Juga Komisaris, Tidak Boleh

@B_dzoel  : tepinin ajah, pan negara bapak moyangnyah dewekan.
nyang penting @DPR_RI  ngerestuin.
Kira² ngerestuin kagak ya ?
Kalu ngerestuin fix berarti

#DPR_KhianatiSuaraRakyat

https://t.co/fbQSEpxOPc"
468,2022-01-30 12:20:09+00:00,@DPR_LlVE_ Jangan lupa traktir makan malem karna dah dibilang kiyeowo
469,2022-01-30 12:16:48+00:00,"@akunkelima212 Oh  Mahasiswa
#DPR_KhianatiSuaraRakyat"
470,2022-01-30 12:16:47+00:00,@DPR_LlVE_ @voungky @mainossg @ash_bossss @solessido @ddlwrlma @blockb_po @katieesssh Main apa nihc
471,2022-01-30 12:12:00+00:00,"Terkejut Indonesia Bakal Punya Ibu Kota Negara Baru, Petinggi Perusahaan Jepang: Coba Pindah ke Bali

#DPR_KhianatiSuaraRakyat

https://t.co/Vfc88cIpIq"
472,2022-01-30 12:10:06+00:00,@Minang_cyber @DPR_RI Dan saya merasa Iba dengan Suku yang mau aj di Komporin
473,2022-01-30 12:09:23+00:00,@ducaccti Mau join anggota DPR.
474,2022-01-30 12:09:14+00:00,@DPR_LlVE_ @meenoieo belum diundang ke yorizori udh tertekan nih
475,2022-01-30 12:07:00+00:00,"PKS-PKB Keberatan Pemilu 2024 Dekat-dekat Lebaran, Ketua KPU: Uang Kampanyenya Lebih Banyak

@B_dzoel :
Beginilah para politisi,
Semua cuman mikirin pemila-pemilu...
Emang ada nyang mikirin kondisi rakyat saat ini ?

Nanya lho...
#DPR_KhianatiSuaraRakyat

https://t.co/0d9p4KhVgr"
476,2022-01-30 12:06:00+00:00,"Koalisi Ulama Anti Penodaan Agama Laporkan Jenderal Dudung ke Puspomad

#DPR_KhianatiSuaraRakyat

https://t.co/y2m2QLbxAr"
477,2022-01-30 12:04:06+00:00,@DPRMlAN Dpr ian
478,2022-01-30 12:04:00+00:00,"#DPR_KhianatiSuaraRakyat

Diminta Buru Teroris Papua yang Bunuh 3 Anak Buahnya, Jenderal Dudung: Keputusan di Panglima TNI

===

@B_dzoel : Kalu urusan baliho baru urusan gue

https://t.co/QN2HAjgs6l"
479,2022-01-30 12:02:19+00:00,"@DPR_RI @mprgoid @FPKSDPRRI @mohmahfudmd @DivHumas_Polri @KPK_RI 

Masihkah lanjut proses orang yg berbaju merah ni???"
480,2022-01-30 12:01:36+00:00,@diluc_dpr_ri maaf body ku gak gitar spanyol
481,2022-01-30 11:59:49+00:00,"Alhamdulillah berjalan lancar. Dihadiri 611 peserta yg cukup antusias. 

Semoga tercipta kolaborasi harmonis antara anggota DPR RI, DPD RI, DPRD DKI, Dewan Kota Jakarta Timur dan pemerintah kota Jakarta Timur. https://t.co/yPDqyzhMwC"
482,2022-01-30 11:58:49+00:00,@diluc_dpr_ri perlu effort lebih dgn tete besar n body goals
483,2022-01-30 11:58:25+00:00,"Hikmahanto Juwana Ingatkan Pemerintah Soal Ratifikasi FIR yang Tidak Pernah Dilakukan DPR pada 2007
https://t.co/pt7WY8KsQ3"
484,2022-01-30 11:57:33+00:00,"Covid-19 Terus Meningkat, DPR Minta PTM Turun Jadi 50 Persen https://t.co/HK1aQa2hAM"
485,2022-01-30 11:57:33+00:00,"Covid-19 Terus Meningkat, DPR Minta PTM Turun Jadi 50 Persen https://t.co/zVEBGAzWiP"
486,2022-01-30 11:56:36+00:00,Panja vaksin DPR diharapkan bekerja maksimal https://t.co/JxLzlIRoGl
487,2022-01-30 11:54:21+00:00,@mfatahilahakbar Untung miskin jadi ga bisa jadi koruptor kalau kaya trus coba jd DPR.. trus korupsi
488,2022-01-30 11:53:28+00:00,"@ShenoWirang @jokowi Kalau DPR tidak berfungsi corongnya_makan gaji buta ratusan juta sebulan, tugasnya diambil alih"
489,2022-01-30 11:51:46+00:00,"@pengarang_sajak Anggota DPR kalah lantang, shg fungsinya diambil sama mereka disebut di atas"
490,2022-01-30 11:46:26+00:00,"@ErnaZahra Kami hormati proses hukum aparat POLRI, dan tokoh² perwakilan adat sdh ada dijakarta bahkan bertemu DPR. Kami bukan sprti mereka yg tidak menghormati Hukum."
491,2022-01-30 11:45:13+00:00,@diluc_dpr_ri gapapa kece :v
492,2022-01-30 11:44:23+00:00,@DPR_LlVE_ Dabin kiyeowo🧡 https://t.co/q9juZUk3tJ
493,2022-01-30 11:39:38+00:00,"Di daerah2 sdh deklarasi Gus Muhaimin untuk maju sebagai Capres @cakimiNOW @DPR_RI
https://t.co/2tN827opsG

Koalisi Perempuan Banten meminta Ketum PKB Muhaimin Iskandar alias Cak Imin atau Gus Muhaimin maju di Pilpres 2024."
494,2022-01-30 11:39:36+00:00,@diluc_dpr_ri sara mu c berapa
495,2022-01-30 11:38:53+00:00,@akunkelima212 Lagi pada demo online bang #DPR_KhianatiSuaraRakyat
496,2022-01-30 11:38:04+00:00,"Cap-cap palsu itu, salah satunya tertera dalam dokumen izin PT Graha Mining Utama, perusahaan yang sahamnya tercatat atas nama anak-anak Ahmad Ali, Anggota @DPR_RI  dari Partai @NasDem.

https://t.co/WkzqzwHPk3"
497,2022-01-30 11:36:54+00:00,"@akunkelima212 Sudah hilang idealisme nya, tergerus oleh kenyamanan kecanggihan teknologi

#DPR_KhianatiSuaraRakyat"
498,2022-01-30 11:35:54+00:00,@diluc_dpr_ri oiya sara kasih buff ya
499,2022-01-30 11:34:44+00:00,Decant aj dlu lahh gada wang https://t.co/wdeV2Y1P7X
