,Date,Tweet
0,2022-07-30 23:55:41+00:00,"@ruhutsitompul @panca66 Wei hut...kalu bahasa orang manado bilang ngana itu pece tu ontak...ngana pe mulu kasar...masa mantan Anggota DPR RI kong mulu tarabe...
Sungguh Ironis..."
1,2022-07-30 23:53:01+00:00,dpr ian - calico
2,2022-07-30 23:50:28+00:00,"@Simbok_Dharmi @Triyogo22684337 @jokowi @DPR_RI @puanmaharani_ri @DPDRI @LaNyallaMM1 @mprgoid @DivHumas_Polri @ListyoSigitP @Puspen_TNI Dimana TNI dimana Polri tangkap manusia"" bejad sdh merendahkan PANCASILA sebagai DASAR NEGARA RI."
3,2022-07-30 23:47:12+00:00,"Ketum Golkar @airlangga_hrt melakukan pertemuan dengan sejumlah pimpinan teras partai yang berkuasa di Jepang, Partai Demokrat Liberal (LDP), Presiden LDP Fumio Kishida, Jubir LDP Taro Kono, dan anggota DPR Jepang yang juga Chairperson LDP Tatsuo Fukuda. https://t.co/jHPjFgdyUr"
4,2022-07-30 23:46:44+00:00,DPR IAN je t’aime
5,2022-07-30 23:45:49+00:00,@kwannies_ DPR IAN
6,2022-07-30 23:41:43+00:00,"@bdleonanda Di ajak perang gak mau gua, DPR dan cebong NKRI harga mati yg selalu teriak teriak suruh maju duluan, buat apa aku jadi umoan pelor kalau merdeka, apa apa di korupsi dan semau dengkul mereka memerintah"
7,2022-07-30 23:40:42+00:00,"si @iwanfals kagak vokal sama kelakuan DPR yg sekarang, ORBA MASIH MENDING, PDI DAN PPP MENGAJUKAN HAK INTERPELASI AJA TAK ADA MATIKAN MIC OLEH KETUA MPR DULU YG DIKUASAI GOLKAR"
8,2022-07-30 23:36:58+00:00,"DPR bukan sembarang DPR nih!!

#TXTPALOOZA Jilbab Paypal LPDP LILIFILM THE MOVIE 100 M #GetWellSoonRei #BigMouthEp2
#TodaysWebtoonEp2 #TOMORROW_X_TOGETHER #JusticeForGaram
https://t.co/qMxcmuQTCA"
9,2022-07-30 23:34:26+00:00,dpr ian; seraph (2022) https://t.co/QAJOma6VGv
10,2022-07-30 23:28:02+00:00,Tebak anggota DPR ini dulu terkenal larena apa? https://t.co/OH5nNVSvby
11,2022-07-30 23:23:44+00:00,"ga suka om om, ga suka cowo gondrong, cowo tattoan, tapi kalo dpr ian bisa dibicarakan"
12,2022-07-30 23:23:42+00:00,"🔴Dr. Irfan Fachruddin, S.H., CN.
- lahir 20/4/1957, Nagari Situjuah Batua, Lima Puluh Kota, Minangkabau, SumBar
- peneliti, penulis, tenaga pengajar luar biasa di Universitas Islam Jkt
- Hakim Agung MA oleh @DPR_RI Komisi III DPR RI 23/1/2013
- Karya tulis: Pilihan Sabda Rasul https://t.co/iWtOu3Jvb1"
13,2022-07-30 23:21:33+00:00,Komisi IX DPR Sebut Kelompok Antitembakau Lakukan Kampanye Hitam https://t.co/mkLhVFAHLZ
14,2022-07-30 23:18:40+00:00,Gue ibadah dpr ian dulu sebelum nonton txt! 🙇
15,2022-07-30 23:17:59+00:00,"China menggelar latihan militer setelah memperingatkan Ketua DPR AS Nancy Pelosi agar membatalkan rencana untuk mengunjungi Taiwan. #Internasional #AdadiKompas
https://t.co/3u2rTmsXGB"
16,2022-07-30 23:16:26+00:00,"@CNNIndonesia Jangan setuju diarahkan skema awal B to B dan model ekuitas berubah ke anggaran rakyat dan jaminan pemerintah sebagai pintu masuk jebakan utang generasi bangsa, saat tidak mampu bayar/bangkrut akan sita aset artinya kedaulatan tanair air dijual ke asing @mprgoid  @DPR_RI @DPDRI"
17,2022-07-30 23:16:03+00:00,Anggota Komisi VII DPR RI Mulyanto meminta pemerintah tidak mempersulit masyarakat kecil mendapatkan bahan bakar minyak (BBM) bersubsidi. #BBM https://t.co/Pj8OkMTKP9
18,2022-07-30 23:13:25+00:00,"eh jgn dulu, blm nonton konser dpr"
19,2022-07-30 23:13:10+00:00,@hannahhbbahng DPR FAMILY
20,2022-07-30 23:05:25+00:00,DPR adopt my bubu thanks
21,2022-07-30 23:02:47+00:00,"@mulfti Smua lmbaga negara dipertahankan Eksis, sdmnya yg jadi-jadian: dpr kah, mpr kah, kpu,  kpk, ma, mk inilah Demokrasi Kolusi berjemaah yg mengabdi kpd oligarki"
22,2022-07-30 23:01:40+00:00,"@elkrova @MYaminNasution1 @SBYudhoyono @jokowi @DPR_RI Ayolah jangan menutupi mata dan hati, DPR RI cuma bisa bersuara scr individu dg jumlah sedikit, secara partai dan lembaga sdh dlm kungkungan MAN OF LAW, masak berlagak bodoh dg yg kasat spt ini"
23,2022-07-30 22:58:15+00:00,"Anggota Komisi I DPR RI Taufiq R Abdullah mengapresiasi kepada para penyelenggara sistem elektronik yang sudah mendaftar. Artinya mereka taat tjdp regulasi yg ada.
@kemkominfo
@PlateJohnny
https://t.co/QUGLZ3kFft"
24,2022-07-30 22:57:01+00:00,taeyong feat DPR when
25,2022-07-30 22:55:55+00:00,"Kominfo memblokir Steam hingga PlayPal karena tidak mendaftarkan diri sebagai Penyelenggara Sistem Elektronik (PSE). Anggota Komisi I DPR RI Taufiq R Abdullah mengatakan pemblokiran dilakukan agar PSE taat aturan.
@kemkominfo
@PlateJohnny
https://t.co/r6AlXSI9nR"
26,2022-07-30 22:54:12+00:00,quiero un dpr ian ft. tabber
27,2022-07-30 22:51:49+00:00,"China menggelar latihan militer setelah memperingatkan Ketua DPR AS Nancy Pelosi agar membatalkan rencana untuk mengunjungi Taiwan. #Internasional #AdadiKompas
https://t.co/GxQlU8EW8e"
28,2022-07-30 22:46:19+00:00,@UyokBack Dari pada nganggur mending suruh datang ke gedung DPR minta duit sama anggota dewan buat beli BBM gitu🤭
29,2022-07-30 22:44:05+00:00,China Gelar Latihan Militer di Seberang Taiwan di Tengah Rencana Kunjungan Ketua DPR AS  https://t.co/YCDRn54URX
30,2022-07-30 22:39:44+00:00,Tetap sholat walau sholatnya tidak akan diterima selama 40 hari
31,2022-07-30 22:33:13+00:00,"@mericamica @ReinhardTjoki @horeketekuk @S4N_W1B1 Btl bgt, yg spt ini knp mahasewa ga demo utk meng-goalkan persetujuan DPR UU perampasan harta koruptor!!"
32,2022-07-30 22:32:21+00:00,"@collegemenfess fk
fk
dpr"
33,2022-07-30 22:31:58+00:00,Padahal isu biaya kuliah kalo diseriusin bahasannya bisa ngedorong dpr dan pemerintah lebih aware mencari solusi. Tp sayang teralihkan sama isu lainnya yg (menurut saya) ga seberapa penting dan sulit
34,2022-07-30 22:31:41+00:00,"Augustus 77 tahun lalu,Presiden Indonesia sll di kelilingi Orang orang deketnya dengan berbagai disiplin Ke Ilmuan.

Sekarang Presiden di kelilingi Pejabat Yang Korup !!! 

KPK DPR RI PRESIDEN RI 

Coba sita semua itu para koruptor ,miskinkan 1 Turunan https://t.co/OOWBUCb9wR"
35,2022-07-30 22:29:40+00:00,"@akang_hero @panca66 @CNNIndonesia Dpr bertindak pak... panggil eksekutif yg berwenang, tegas saja... klo terus dibiarkan akan semau-maunya mereka..."
36,2022-07-30 22:19:36+00:00,"@topik_husin @SBYudhoyono @negarawansejati @AgusYudhoyono @PDemokrat @FPD_DPR Bersih dari keluhan dan kritikan langsung masyarakat, kecuali partai oposisi."
37,2022-07-30 22:15:18+00:00,"@detikcom Anggota dpr aja dipotong, apalagi rakyat biasa"
38,2022-07-30 22:12:28+00:00,"@winoto_ali @msaid_didu Iya tp DPR nya pendukung presiden cm PKS dan Demokrat yg oposisi, ngerti gak ??"
39,2022-07-30 22:07:00+00:00,"Sebagian rakyat Indonesia sedang merugi akibat Paypal di blokir, maka dari itu apakah DPR (dewan perwakilan rakyat) diam? di sosial media banyak keluhan,DPR tidak tau?  #KominfoKontol #BlokirKominfo"
40,2022-07-30 22:04:32+00:00,"@Jojowi @DPR_RI @DPDRI
@mprgoid @BimasIslam @MUIPusat @MNKahmi
TINGKATKAN SPIRIT BANGSA 
Lima Obat Hati, Tibbul Qulub Bangkitkan Spirit Bangsa Dengan Lima Obat Hati
https://t.co/69IVFC7d8Q https://t.co/ZreX2U1Gom"
41,2022-07-30 22:03:49+00:00,dpr fee brpa si rini ya
42,2022-07-30 22:03:39+00:00,"--Pendaftaran, Verifikasi, dan Penetapan Partai Politik Peserta Pemilihan Umum Anggota Dewan Perwakilan Rakyat (DPR) dan Dewan Perwakilan Rakyat Daerah (DPRD)."
43,2022-07-30 22:03:24+00:00,dpr ian quel roi &lt;3
44,2022-07-30 22:00:40+00:00,za 100 dni koncert dpr 🧍🏻‍♀️
45,2022-07-30 21:48:40+00:00,"🐯 30 DAYS WITH MARK LEE 🐯

Day 14: 
Semacam kaya DPR martini blue gitu dehh vibesnya tapi kental dengan ciri khas mark yg punya deep meaning buat rap dia 

#30DAYS_MARK_CHALLENGE 
#30일_마크_챌린지
#SkyFullOfMark https://t.co/ecSI408buz"
46,2022-07-30 21:47:36+00:00,Dpr Ian bro
47,2022-07-30 21:39:02+00:00,"#SahabatBahari, kegiatan Bakti Nelayan juga dilakukan @djpt_kkp bersama anggota Komisi IV @DPR_RI Muhtarom yang didampingi Kepala @ppn_prigi @Ririnyati1 di Kab. Madiun (29/7)

#KKPAccelerate #BanggaJadiNelayan #EkonomiBiru https://t.co/7R8DSQlW7I"
48,2022-07-30 21:33:45+00:00,"@hannahhbbahng woodz, dpr live, baekhyun &lt;3"
49,2022-07-30 20:52:48+00:00,"Aroma asap batu bara sdh jelas tercium. Level tvoc dan hcho juga sdh meningkat di udara. Apalagi gas2 yg berbahaya lainnya. Heran mentri2, dpr mpr, gubernur dan presiden kog adem ayem ya dgn situasi buruk sprti ini yaa 🤦‍♂️ https://t.co/1C24dEv9oO"
50,2022-07-30 20:37:20+00:00,"@BetaEpsilonPhi Perlu dibuk itu proses di kementrian dan DPR , siapa yg olah dan usulkan atas dasar apa, serta siapa tenaga ahli yg dipakai? Kedua siapa yg gawangi perijinan, ini krusial biang KKN mesti dipantau betul. Mesti dibuka diskusi, walaupun telat."
51,2022-07-30 20:33:55+00:00,@GamblangB @cybsquad_ Pelakunya yg lewat belakang gedung dpr ya? Wkwk
52,2022-07-30 20:33:41+00:00,@bluethgyu Txt y dpr ian
53,2022-07-30 20:31:32+00:00,@ron1sux YEHAHAHA DPR IAN
54,2022-07-30 20:25:27+00:00,"@LaNyallaAcademy MPR, DPD dan DPR RI tdk perlu nunggu laporan dr masyarakat krn ini sdh jelas tindakan yg kurang etis menggunakan fasiltas negara utk kepentingan politiknya, langsung saja berikan somasi atau diundang beliau utk RDP🙏"
55,2022-07-30 20:19:46+00:00,@dpr_kyzia Potaena mueh😭😭😭
56,2022-07-30 20:19:29+00:00,@_K2_G1 madilim p kc
57,2022-07-30 20:14:58+00:00,"@Abymany47450488 @Desri24428503 @CCICPolri @DivHumas_Polri @DPR_RI @BalitpusPDIP @ListyoSigitP @KompasTV @kompascom @kumparan @Bisniscom @edo7545 Ini ke balik, bukan kasus hina presiden, tapi dari umat agama ada yg terhina dgn ""simbol"" nya di ganti begitu, jadi laporannya penistaan agama bukan hina presiden"
58,2022-07-30 20:13:27+00:00,@hannahhbbahng DPR dean and BIBI
59,2022-07-30 20:09:18+00:00,dpr ian marry me
60,2022-07-30 20:05:09+00:00,"@dpr_yian Banyak sih tepuk tangannya. Karena keren bgt mvnya niichan. 👏😲

⭐⭐⭐⭐⭐/5 👍👍"
61,2022-07-30 19:59:22+00:00,dpr in bkk when?
62,2022-07-30 19:54:52+00:00,DPR tankers destroy Ukrainian strongholds https://t.co/R8QEaSxcoi via @YouTube
63,2022-07-30 19:50:46+00:00,DI YOU TUBE ITU BUKANNYA MUSIC APAPUN YA SAYA ITU BANYAK SHARE NYANYI LAGU BARAT KARENA CASSET JUGA PUNYA BELI NYANYI KARAOKE EEENAK EEEH NYOBA MUSIC INDONESIA YANG LAMAPUN JUGA NGGK APA APA NYOBA NYANYI LAGUNYA YA MUNGKIN KARENA ANGGOTA DPR BARU SEKALI THOK JUGA DIOLOK OLOK
64,2022-07-30 19:44:59+00:00,@ARCHENent Keren. Pasti bapakny dpr
65,2022-07-30 19:41:23+00:00,@TelkomIndonesia Kan punya pemerintah kenapa banyak masalahdalan kecepatan internet giliran yg swasta ga pernah masalah dalam kecepatan internet kok punya pemerintah kalah benerin dulu kalau mau berubah masa gedung dpr pake biznet knp ga pake IndiHome ya kan
66,2022-07-30 19:36:01+00:00,"BIBI, DPR IAN 🥴👌"
67,2022-07-30 19:28:46+00:00,"Nancy Pelocy, ketua DPR AS telah diperingatkan untuk tidak pergi ke Taiwan. Tapi laporan menyebutkan ia sedang terbang ke ""asia"" di kawal US Air Force"
68,2022-07-30 19:23:34+00:00,@JlAYOON ADUH LUPA JAWAB KAAN T__T aku lagi into album DPR yang baru!! kalau Aya apaa tuh? :o
69,2022-07-30 19:15:39+00:00,@ikangoth Mungkin di channel dpr telegram
70,2022-07-30 19:15:17+00:00,dpr ian ganteng tpi tydack baiq untuk dimiliki
71,2022-07-30 19:14:59+00:00,@sunseetxt Kenapa e. I dah tidur lol trus skrg baru kebangun
72,2022-07-30 19:10:46+00:00,gas lah yg punya kenalan dpr apa presiden 👍 https://t.co/iCKS1ZfeOu
73,2022-07-30 19:03:21+00:00,"@AiniDND Gawene opooooo coba ketua DPR ini,,, hahah"
74,2022-07-30 18:57:33+00:00,"gue kepikiran bikin cl, dpr ian, one, hendery satu keluarga di au. gemes bangat kali ya."
75,2022-07-30 18:56:05+00:00,Anggota DPR ajak warga Aceh gemar konsumsi ikan untuk cegah stunting https://t.co/C9Xljst57f
76,2022-07-30 18:54:45+00:00,"@henryshield DSS, NIA, DPR etc."
77,2022-07-30 18:53:48+00:00,hah ka mpris suka dpr jg 😺
78,2022-07-30 18:52:05+00:00,"@hannahhbbahng Colde, Dean, DPR Live, eaJ, Seori"
79,2022-07-30 18:49:18+00:00,@ciciciaaja Syp pmr????? Kakwen dpr
80,2022-07-30 18:46:47+00:00,Komnas HAM Rekomendasikan Pemerintah dan DPR Kaji Ulang Revisi UU ITE https://t.co/Ve0BZitGbw
81,2022-07-30 18:42:29+00:00,@Basementfox182 Ini yg di kav dpr to ya
82,2022-07-30 18:41:40+00:00,"Tapi ingat, spt diblg Anggota Komisi I DPR RI Taufiq R Abdullah : @kemkominfo @PlateJohnny jg perlu lbh intensif sosialisasi, khususnya berkaitan regulasi yg diberlakukan kpd PSE, spt manfaat dan konsekwensinya. Spy aturan ini bs diterima dan dijalankan.

https://t.co/fcUBt6jnUq"
83,2022-07-30 18:35:27+00:00,kecanduan album baruny DPR IAN!! ini bagus bgt dah sumpah 😭https://t.co/hq7oQh344s
84,2022-07-30 18:31:57+00:00,"Selain Permen memang tidak berhak membatasi hak seseorang dalam bermedia sosial, ini juga melanggar UUD tentang kebebasan berpendapat (iirc).

Jika memang mau, sok atuh diskusi ke DPR sama Presiden biar jadi undang2. Permen itu kan hanya hasil buah pikiran dari kementrian sendiri"
85,2022-07-30 18:31:17+00:00,Anggota DPR ajak warga #Aceh gemar konsumsi ikan untuk cegah stunting - ANTARA https://t.co/JazKABwsrt https://t.co/ia5BIxxpBj
86,2022-07-30 18:31:08+00:00,"Dukung Bacaleg DPR/DPD RI Uji Baca Alquran, Senator #Aceh Syech Fadhil: Bukan Hal yang Perlu Ditakuti - https://t.co/8w5ob1uHhE https://t.co/q1vWotrvUm https://t.co/UbSsjlzKkH"
87,2022-07-30 18:26:24+00:00,"Sabtu (30/07/2022), Komisi Pemilihan Umum (KPU) Kabupaten Bolaang Mongondow Timur (Boltim) menggelar kegiatan Sosialisasi Peraturan KPU Nomor 4 Tahun 2022 tentang Pendaftaran, Verifikasi, dan Penetapan Partai Politik Peserta Pemilihan Umum Anggota DPR dan DPRD https://t.co/mqAaCq1xPy"
88,2022-07-30 18:18:01+00:00,"Steam hingga PayPal Diblokir, Politikus PKB: Negara Berhak Mengatur

Anggota Komisi I DPR RI Taufiq R Abdullah mengatakan pemblokiran dilakukan agar PSE taat aturan,
Negara berhak mengatur terkait PSE  Pengaturan itu demi melindungi masyarakat byk.

https://t.co/AEkjuqPVyp"
89,2022-07-30 18:09:49+00:00,"kpk
kpi
bumn
mui
KOMINFO
dpr
pssi
mki
                Lawaknya mentri ini
#BlokirKominfo"
90,2022-07-30 18:08:21+00:00,&lt;dpr ian3
91,2022-07-30 18:06:03+00:00,@TussOnsPark Jasmine - DPR LIVE
92,2022-07-30 18:05:49+00:00,@TussOnsPark Martini Blue - DPR LIVE
93,2022-07-30 17:54:36+00:00,@Dennysiregar7 Itu kelebihan Roy surio hina presiden diperiksa polisi keluar pake kursi Roda. Mantan mentri sangking pintarnya sampai Lagu indonesia Raya tdk hafal. Mungkin presisen kalau pilih mentri hafal lagu indonesia raya pancasila. Kalau kita pilih anggora Dpr hafal seperti diatas
94,2022-07-30 17:51:40+00:00,"Umoja wa Mataifa uko tayari kutuma kikundi cha wataalam kuchunguza kushambuliwa kwa kituo cha kizuizini kabla ya kesi katika kijiji cha Elenovka, kilichopo DPR, kulingana na taarifa iliyotolewa na naibu mwakilishi rasmi wa Katibu Mkuu wa Shirika la Dunia. , Farhan Haq. https://t.co/pHa8YbaRYy"
95,2022-07-30 17:47:47+00:00,"Curiga mas pram beneran anak mafia...
Apa anak ketua dpr??"
96,2022-07-30 17:41:23+00:00,"Saya rasa sdh cukup jelas keterangan - keterangan dr berbagai pihak di media,bahwa kematian brigpol J bukan lah krn tembak - menembak,luka 2 berat disekujur tubuh,harap @KomnasHAM @kompolnas_ri @DPR_RI @DPDRI serius,berani dan profesional mengawal kasus ini."
97,2022-07-30 17:21:13+00:00,@selebcuit @DPR_RI Ya kan ! Ampuuuuun deh ga ngerti lagi ini rang orang kerjaannya pada ngapain dah di kementrian
98,2022-07-30 17:20:07+00:00,@msaid_didu Oooooo jadi klo anggaran itu yg menetapkan ternyata bukan presiden saja yak ? Ternyata presiden menetapkan anggaran bersama DPR yah ? Ooooo ternyata IKN juga ditetapkan bersama DPR toh ?  oooooo ternyata proyek KA cepat juga ditetapkan bersama toh ...........
99,2022-07-30 17:15:18+00:00,"Reses Anggota Komisi III DPR RI, Kapolres Simalungun Berikan Ulos Hiou Pamotting Kepada Hinca Panjaitan https://t.co/RxPcHu89zY"
100,2022-07-30 17:14:54+00:00,"@TRendusara @PDemokrat Coba mas Agus dan orang-orang di DPP dikasih tahu Pak, agar yg duduk di DPR juga ikut menyuarakan 🙏🏻"
101,2022-07-30 17:14:51+00:00,"""Bahas RKUHP Pasal Penghinaan Presiden dan Wakil Presiden di DPR, Menkumham Singgung Batas Masyarakat Beradab - Kementerian Hukum dan Hak Asasi Manusia Republik Indonesia"" https://t.co/BUAiSUVsZl"
102,2022-07-30 17:14:31+00:00,"KEREN PARAAH! Dari konsep judul album moodswings in this order (MITO) didokumenternya DPR aja udh mindblow trs dieksekusi jadi film gilaa bangett DPR. Btw ini baru movie part 1 looh gimana lanjutannya 🔥🤸
#DPRIAN #MITO
https://t.co/Vj1hJ8e0fB"
103,2022-07-30 17:13:00+00:00,@jaybrowhr @pureod Surakin jebi
104,2022-07-30 17:10:20+00:00,Ya Allah Ya Allah Ian DPR hot banget sumpah! Gw kalo ketemu kayaknya bakal ngumpet deh gak kuat takut salting brutal!!!
105,2022-07-30 17:10:05+00:00,"@0hhoon hi kak, bibi dpr live iaot masih ada kah?"
106,2022-07-30 17:09:47+00:00,@pureod @dpr_yian oh ya berarti gua yang dudul #punten
107,2022-07-30 17:08:36+00:00,@Ayah_AlifaAlfa @alisyarief Itu rekap perolehan suara. Sedang yg duli hitung oak ali itu porsi jumlah kursi di dpr
108,2022-07-30 17:07:36+00:00,@memefess kominfo + dpr
109,2022-07-30 17:07:11+00:00,Walaupun aku cewe kul tapi aku masih nafsu sama dpr ian😭 https://t.co/7SyFtJxd1P
110,2022-07-30 17:06:54+00:00,"Bapak @jokowi , @DPR_RI , @KemensetnegRI , Bpk @mohmahfudmd Mhn dong utk RUU Advokat nya segera di bahas dan di sahkan"
111,2022-07-30 17:06:09+00:00,@IBGXXDRGN Biasa hyung malam minggu gitu
112,2022-07-30 17:05:55+00:00,@jaybrowhr @dpr_yian Tapi emang di pembagian ditulisnya Ruangan .___.)?
113,2022-07-30 17:03:50+00:00,kok feeling w wtf bakal ada dpr ya:''')
114,2022-07-30 17:03:35+00:00,anti dpr ????
115,2022-07-30 17:02:55+00:00,"Anggota Bawaslu Buol Sumarlin dan Korsek Muhamad Singara hadir dalam Sosialisasi PKPU 4 Tahun 2022 Tentang Pendaftaran, Verifikasi &amp; Penetapan Parpol Peserta Pemilu Anggota DPR &amp; DPRD, serta pengenalan fungsi SIPOL Sabtu (30/7/2022) di salahsatu Warkop di Kabupaten Buol. https://t.co/CMVcn4c0e6"
116,2022-07-30 17:02:19+00:00,"@hannahhbbahng Dean,dpr ian,gsoul,crush"
117,2022-07-30 17:01:41+00:00,"@DPR_RI @kkpgoid @saktitrenggono @ZainiKP @Om_trian Turut hadir dalam kegiatan, Kepala @ppn_pemangkat  yang mewakili Dirjen Perikanan Tangkap serta unsur Muspida setempat.

#KKPAccelerate #BanggaJadiNelayan"
118,2022-07-30 17:01:06+00:00,dpr ian sinting abis ajggg😔😔❤️
119,2022-07-30 17:00:19+00:00,@Ayah_AlifaAlfa @alisyarief Proporsi oerolehan kursi di dpr. Bukan suara
120,2022-07-30 16:59:36+00:00,ribbon by dpr ian 😎😎
121,2022-07-30 16:59:36+00:00,"@DPR_RI @kkpgoid @saktitrenggono @ZainiKP @Om_trian Melalui berbagai upaya yg dilakukan subsektor perikanan tangkap spt Bakti Nelayan, bantuan sarana penangkapan ikan hingga pengembangan usaha nelayan diharapkan dapat mendukung kontribusi bersama utk menjaga ketahanan pangan nasional &amp; menggerakkan roda perekonomian tetap optimal. https://t.co/ADjFY9k7TC"
122,2022-07-30 16:59:04+00:00,@dpr_yian @pureod ini gua yang lemot atau kalian berdua yang nganu
123,2022-07-30 16:59:00+00:00,"Golkar Sulut Targetkan 2 Kursi DPR, Tetty Paruntu Siap Bertarung Menuju Senayan
https://t.co/BPxDp4NoYO 
#airlanggahartarto #airlanggapemersatu #airlanggauntukindonesia #partaigolkar #golkarpedia #golkarsolid"
124,2022-07-30 16:58:56+00:00,@dpr_yian Hooh. Tumben2 kaan wkwkwk. Mana lagunha galau semua
125,2022-07-30 16:58:37+00:00,"@DPR_RI @kkpgoid @saktitrenggono @ZainiKP @Om_trian Selain memberikan bantuan, kunjungan kerja tsb dalam rangka berdiskusi, mendengarkan aspirasi serta meninjau lapangan, sehingga kedepannya dapat menjadi bekal dalam merumuskan langkah-langkah kebijakan.

#KKPAccelerate #BanggaJadiNelayan https://t.co/fAnXMBy8y2"
126,2022-07-30 16:58:07+00:00,@ichaelinCL @senokiim Potongan rambut sama bajunya sih wkwk
127,2022-07-30 16:58:04+00:00,DPR IAN is underrated
128,2022-07-30 16:57:42+00:00,"#SahabatBahari @djpt_kkp kembali melaksanakan Bakti Nelayan dalam kunjungan kerja bersama anggota Komisi IV @DPR_RI Yessy Melania di Kab. Kapuas Hulu, Kalimantan Barat pada (29/7).

#KKPAccelerate #BanggaJadiNelayan https://t.co/1H6ug6CWQm"
129,2022-07-30 16:57:32+00:00,"@AREAJULID Coba tuntut di ombudsman atau lewat dpr
Sekalian serukan ganti mentri"
130,2022-07-30 16:56:46+00:00,"Media pemerintah China menerbitkan informasi bahwa pesawat yang membawa Ketua DPR, Nancy Pelosi, bisa ditembak jatuh jika mendekati Taiwan."
131,2022-07-30 16:55:28+00:00,@dpr_yian @WlCHAPAS Yaaahh ngabisin jatah dong yaa
132,2022-07-30 16:54:29+00:00,"@IBGXXDRGN Ah iya, lagi pada mixlr disana ya"
133,2022-07-30 16:53:45+00:00,@YagalTerry @WlCHAPAS Gak mau. Bible makannya banyak
134,2022-07-30 16:53:34+00:00,@dpr_yian @senokiim WKWKWKWK eh iya mirip!
135,2022-07-30 16:52:40+00:00,@YagalTerry Nope. Saya suka pedas sih
136,2022-07-30 16:52:09+00:00,"Transparan Soal Draf RKUHP, DPR Dinilai Jawab Keraguan https://t.co/jVmoVYigiG"
137,2022-07-30 16:51:57+00:00,@IBGXXDRGN Lagu apa hyung
138,2022-07-30 16:51:39+00:00,@jaybrowhr @pureod Bener dah. Kan pake ruangan
139,2022-07-30 16:51:12+00:00,"@dpr_yian Ada sih oppa, tapi pertanyaannya kan ga ikut ke translate"
140,2022-07-30 16:50:17+00:00,"30/7 → mood de dpr ian

https://t.co/sb1bpH9Gmp"
141,2022-07-30 16:50:07+00:00,@ash_bossss // bukannya ada auto translate (?)
142,2022-07-30 16:50:06+00:00,"@dpr_yian Gak suka, gak live🥲"
143,2022-07-30 16:49:54+00:00,@Bambangelf Dulu rasanya anggota DPR/kepala daerah yg korupsi... sekarang semua sama saja hanya beda jalur..
144,2022-07-30 16:49:12+00:00,"@WlCHAPAS @dpr_yian Boleh. Barengan aja, sekalian 😊"
145,2022-07-30 16:49:08+00:00,@jaybrowhr Oh iye bener
146,2022-07-30 16:49:06+00:00,"#temanpemilih KPU Kota Palangka Raya mengadakan kegiatan Sosialisasi PKPU Nomor 4 Tahun 2022 Tentang Pendaftaran, Verifikasi dan Penetapan Partai Politik Peserta Pemilu DPR dab DPRD. https://t.co/d1pk16ThlG"
147,2022-07-30 16:47:26+00:00,@dpr_yian kan udah jam malem. gak apa
148,2022-07-30 16:47:04+00:00,"@dpr_yian You're welcome 😊
Iyaa. Kepedesan ga?"
149,2022-07-30 16:46:39+00:00,Eh gue baru tau dpr ian campuran aussie Korea😭
150,2022-07-30 16:46:37+00:00,@jaybrowhr Kirain yang lain. Mau ditegur lagi lo wkwk
151,2022-07-30 16:45:46+00:00,@dpr_yian BOKAP
152,2022-07-30 16:45:39+00:00,@dpr_yian sungkem ke bopak
153,2022-07-30 16:45:37+00:00,@dpr_yian kan emg twins yang beda domisili 🙏
154,2022-07-30 16:45:24+00:00,@jaybrowhr Bokap?
155,2022-07-30 16:45:11+00:00,@YagalTerry Wahh thankyou terry! Ini ekstra pedas kah?
156,2022-07-30 16:44:47+00:00,"@jennieyagim Yah, diyoutube ada yang upload kok jane"
157,2022-07-30 16:43:56+00:00,"Setelah pembukaan, kegiatan tersebut dilanjutkan dengan pemaparan materi sosialisasi PKPU 4 tentang Pendaftaran, verifikasi dan Penetapan Partai Politik Peserta Pemilu DPR dan DPRD yang disampaikan oleh ketua Divisi Teknis Pemilu, M. Nasir Ali."
158,2022-07-30 16:43:37+00:00,"#TemanPemilih KIP Aceh Besar melakukan sosialisasi PKPU Nomor 4 Tahun 2022 tentang Pendaftaran, Verifikasi dan Penetapan Partai Politik Peserta Pemilu, Anggota DPR RI, dan DPRD di Hotel Permata Hati, Meunasah Manyang, Aceh Besar, Sabtu (30/7/2022). https://t.co/qcThqDmg3p"
159,2022-07-30 16:42:05+00:00,te amo dpr ian
160,2022-07-30 16:40:53+00:00,@convomfs dewa 19 bukannya ahmad dhani udh jadi dpr?
161,2022-07-30 16:38:50+00:00,@dpr_yian Belum😔 orang aku ketinggalan livenya😭
162,2022-07-30 16:37:54+00:00,@senokiim Kirain kak seto
163,2022-07-30 16:37:34+00:00,@taehyunngkt Dengerin lagi barengan di spotify bro
164,2022-07-30 16:35:54+00:00,@jennieyagim Wkwkwk tadi belum cukup kah jane? Saya udah live 2 jam
165,2022-07-30 16:35:06+00:00,@jxeffrynct Dipending dulu pacarannya broh
166,2022-07-30 16:34:47+00:00,@YagalTerry Terry mau buatin buat saya?
167,2022-07-30 16:34:36+00:00,@taehyunngkt Mager betul tae wkwk. Kalo sposes mungkin hayo
168,2022-07-30 16:34:02+00:00,@7EELEO Mumpung gak ada saingan lo gyu
169,2022-07-30 16:33:50+00:00,"Khyber Pakhtunkhwa, Balouchistan, Punjab Waiting for @GovtofPakistan. Where is @PakPMO, @ndmapk
@GovernmentKP @dpr_gob @GovtofPunjabPK
#ظالم_حکمران_بےبس_عوام https://t.co/DXvfmLPD30"
170,2022-07-30 16:33:43+00:00,@dpr_yian yaudah live ig aja😔 sambil main gitar terus aku nanti mau req lagu dbagindas cinta🙏
171,2022-07-30 16:33:34+00:00,@yunheoong Air raksa itu ya
172,2022-07-30 16:33:19+00:00,orang di tiktok waktu edit video dpr ian ga kejang apa ya? ini yang liat jujur rada kejang hampir jatuh cinta
173,2022-07-30 16:33:16+00:00,@MUSIKMENFESS mood - dpr ian
174,2022-07-30 16:33:09+00:00,@dpr_yian Pacaran udah belum?
175,2022-07-30 16:33:05+00:00,@zhennant Iya kasian. Btw baru liat nannan lagi deh
176,2022-07-30 16:33:04+00:00,@dpr_yian Makan mie pakai telur tambah cabe enak tuh
177,2022-07-30 16:32:08+00:00,"@kamiszhiro OH YA SIH BENER, akito jdi dpr real"
178,2022-07-30 16:32:03+00:00,@jennieyagim Lagi gak ada yang di-ovtin jane
179,2022-07-30 16:30:31+00:00,@MUSIKMENFESS DPR Ian - Merry Go
180,2022-07-30 16:30:14+00:00,Kok belum ngantuk. Ngapain lagi ya..
181,2022-07-30 16:27:38+00:00,@hannahhbbahng DPR IAN and BIBI 😇
182,2022-07-30 16:26:03+00:00,"@ruhutsitompul @GunRomli 
Silahkan diberi pencerahan otaknya
Antara goblog atau pergaulannya yang terbatas 😏😏😏

@puanmaharani_ri , ini mau dicalonkan jadi anggota DPR 🤣🤣"
183,2022-07-30 16:20:36+00:00,"@milesimpp mi gordo, dpr ian"
184,2022-07-30 16:19:27+00:00,"Khyber Pakhtunkhwa, Balouchistan, Punjab Waiting for @GovtofPakistan. Where is @PakPMO, @ndmapk
@GovernmentKP @dpr_gob @GovtofPunjabPK
#ظالم_حکمران_بےبس_عوام https://t.co/uOfSXdMtvG"
185,2022-07-30 16:19:20+00:00,@hyyubi emang
186,2022-07-30 16:16:54+00:00,@MINGYUxSIN Avilash Elderich Harrison - DPR IAN.
187,2022-07-30 16:16:19+00:00,@krawrina Hantunya takut dimintai nomer wasap rin
188,2022-07-30 16:14:57+00:00,@ian__dpr Kak Ian kangen aku?
189,2022-07-30 16:14:40+00:00,@handphoni bagus balas dm aku
190,2022-07-30 16:14:21+00:00,@hyyubi pamer hp dikit lagi pamer bojo
191,2022-07-30 16:08:52+00:00,"Pak @SBYudhoyono selalu di kenangan indah di benak rakyat, karna Beliau se org Negarawan sejati, dlm kepimpinan beliau, tdk mau mementingkan kelompok apa lagi untuk diri y.

@NegarawanSejati
@AgusYudhoyono 
@PDemokrat 
@FPD_DPR https://t.co/F9goybh6iH"
192,2022-07-30 16:06:42+00:00,"kasih saya satu spek dpr ian, terimakasih"
193,2022-07-30 16:06:18+00:00,"Kasian, Nih hantu gak ada dirinya mampir ke kelompok 2"
194,2022-07-30 16:06:15+00:00,@dpr_yian By one kita hyung
195,2022-07-30 16:05:27+00:00,tumben amat ini rpw sepi
196,2022-07-30 16:02:10+00:00,"Pawang jurit malam kamar 2
https://t.co/Qe2wcoQVeL"
197,2022-07-30 16:01:40+00:00,Ngakak-in ini 5 menit 😭 kominfo udah kayak dpr berasa taman kanak-kanak https://t.co/1RPSXWgpbb
198,2022-07-30 16:01:13+00:00,"Rapat Koordinasi dan Sosialisasi PKPU nomor 4 Tahun 2022 Tentang Pendaftaran, Verifikasi dan Penetapan Partai Politik Peserta Pemilu Anggota DPR dan DPRD

https://t.co/3tS2KLL0Rv https://t.co/aDvH2gQwEk"
199,2022-07-30 15:59:32+00:00,Jangan malu teriak miskin. Malu lah jika kita jadi kukutan gadun anggota DPR.
200,2022-07-30 15:59:27+00:00,@rumahhhhh_ @RuangHealing emosi nya dpr bgt😭😭
201,2022-07-30 15:58:28+00:00,"Rapat Paripurna DPR RI Bersama Orang Bali.
ft/ @akubinaan https://t.co/iRsdsMDyFP"
202,2022-07-30 15:56:46+00:00,@devitacimine Dpr ian kah??
203,2022-07-30 15:56:23+00:00,"@febridiansyah @Fahrihamzah Dulu masih anggota DPR, sekarang tidak."
204,2022-07-30 15:55:44+00:00,tadi w dpr titipan dr security tebet yg abis dighosting. “kalo jastip temen tetehnya buat saya aja ada ga?” jah gue jawab fee nya apa ktnya dijajanin batagor wkwkwkwkwk
205,2022-07-30 15:55:43+00:00,@bukJESI Lingga Aji Wirayudha - DPR Ian
206,2022-07-30 15:54:54+00:00,@dpr_yian kuakui ku memang cupu
207,2022-07-30 15:54:35+00:00,@jaybrowhr Payah
208,2022-07-30 15:54:04+00:00,"Jadi ketua DPR matikan mic anggotanya yg instrupsi, apa klu jadi presiden nanti ada rakyat ngeluh bisa2 dimatikan suaranya."
209,2022-07-30 15:50:46+00:00,"@cakrawalasenj4 @BetaEpsilonPhi kementerian itu eksekutor, regulator iti dpr"
210,2022-07-30 15:49:01+00:00,"@kevinpongmasak @kemkominfo Udah mau mundur ke masa lalu kayanya . Ga kepingin maju kayanya. Kalau nanti sampe dipanggil MPR DPR, apalg alasannya?"
211,2022-07-30 15:46:31+00:00,"@darjofess ke kavling dpr banyak cafe"" yang rekomenn"
212,2022-07-30 15:45:33+00:00,"@kadrunmampos Ya elo biangnya @fadlizon ,mantan DPR tapi hobinya nyinyir dan nyalahin pemerintah Mulu, padahal makan gaji juga dari rakyat lewat pemerintah toh."
213,2022-07-30 15:43:40+00:00,"@wanwinwangi weh yaampun😭😭 semoga cpt dpr gantinya yaaa, smgatt smg ga kena scam lagi:')"
214,2022-07-30 15:42:55+00:00,@Askrlfess ga cuman saat di dalam kandungan tapi setelah keluar dan sampai habis masa pertumbuhan anaknya tsb mesti diperhatiin asupannya dan rajin olahraga
215,2022-07-30 15:42:04+00:00,"@JurnalNews_ID ""oknum DPR"" terkesan anti akan ""Pro Justicia"" alm #BrigadirJ a.k.a Keluarga alm a.k.a Tim PH.

Bagaimana perasaan ""oknum DPR"" ini jk anak mereka sbg korban seperti alm Brigadir Yosua?

Credit Song ""PBK"" for:
🏴‍☠️DUREN 3 KILLER
🏴‍☠️KomnasHAMpah
🏴‍☠️NGOMPOLMas

https://t.co/RDmkFneYS5"
216,2022-07-30 15:41:59+00:00,"KPU Provinsi Bengkulu melaksanakan Sosialisasi Peraturan Komisi Pemilihan Umum Nomor 4 Tahun 2022 tentang Pendaftaran, Verifikasi, dan Penetapan Partai Politik Peserta Pemilu Anggota DPR dan DPRD, di Grage Hotel Bengkulu pada Sabtu (30/7). https://t.co/5N0v6J1Dh3"
217,2022-07-30 15:40:55+00:00,"@MUSIKMENFESS mauuuu taylor swift, lana del rey, DPR, txt, (bangtan gaberani berharap), samaaa apa yah cas"
218,2022-07-30 15:40:44+00:00,"@sandiuno @kemkominfo Gini ya pak, mau blokir situs A B C gaada masalah JIKA ITU EMANG DIANGGAP MERUGIKAN BANGSA. Contohnya situs b**** yang sering ditonton anggota DPR waktu rapat boleh lah. Kalo yang bermanfaat ya ga gitu juga. Lagian Komengfo juga suka asal maen blokir-blokir dr dl."
219,2022-07-30 15:40:33+00:00,@dpr_yian Sebagai tanda pertemanan coba bagi echan makanan kak :D
220,2022-07-30 15:40:18+00:00,@MUSIKMENFESS Monsta X and DPR GANGGG
221,2022-07-30 15:39:41+00:00,"@Askrlfess kalau ga salah nihya, tinggi rerata penduduk mereka juga dulunya ga setinggi sekarang, tiba lah di suatu masa pemerintah ada buat semacam perbaikan gizi/gen gitu, nah di kita tuh sekarang lagi gencar-gencarnya program cegah stunting~"
222,2022-07-30 15:39:06+00:00,"@hannahhbbahng dpr , b.i and jinhyeong"
223,2022-07-30 15:38:52+00:00,Duh melehoy jadinya di gombalin ayank
224,2022-07-30 15:38:45+00:00,@TariqHMagsi @CMShehbaz @dpr_gob I am very grateful to Nawabzada Mir Tariq Khan Magsi and Nawabzada Mir Khalid Khan Magsi Prime Minister of Pakistan Mian Shahbaz Sharif visited Goth Haji Ali Mardan Khan Shambani District Jhal Magsi.
225,2022-07-30 15:37:36+00:00,"Ini lagu untukmu… Ballroom Extravaganza oleh DPR IAN
https://t.co/KgzKHbEJh6"
226,2022-07-30 15:37:33+00:00,@TariqHMagsi @CMShehbaz @dpr_gob I am very grateful to Nawabzada Mir Tariq Khan Magsi and Nawabzada Mir Khalid Khan Magsi Prime Minister of Pakistan Mian Shahbaz Sharif visited village Haji Ali Mardan Khan Shambani District Jhal Magsi.
227,2022-07-30 15:37:21+00:00,"-titipan- sdf!
Buat mas2 barista pke kcamata di ame coffee kav dpr, snyum km manis bgt mas hehe"
228,2022-07-30 15:36:40+00:00,"Jamin Kepastian Hukum dan Peningkatan Ekonomi Masyarakat, Wakil Ketua Komisi II DPR RI: Manfaatkan Momentum PTSL.

Cek berita selengkapnya https://t.co/r9jyWYzKIr

#KementerianATRBPN
#MelayaniProfesionalTerpercaya
#MajuDanModern
#MenujuPelayananKelasDunia https://t.co/Avfgl56rvh"
229,2022-07-30 15:36:20+00:00,"kok berani semua ditabrak???

padahal selevel peraturan menteri itu cuma boleh memberi sanksi administratif... kalau mau jadi setingkat pidana ya haru dibahas DPR dan dijadikan Undang-undang baru."
230,2022-07-30 15:36:02+00:00,"Jgn hanya situs game yg hrs diblokir,bisnis Aplikasi transportasi online yg menjamur dan tdk memiliki izin dr @kemenhub151 atau @kemkominfo juga hrs diblokir,biar adil &amp; sehat dunia digital indonesia,colek @GrabID @gojekindonesia @maxim . cc pak @jokowi @DPR_RI @DPDRI"
231,2022-07-30 15:35:31+00:00,@915LEEFM Rapat apalagi udah jam 1 pagi buset ngalah-ngalahin dpr
232,2022-07-30 15:34:41+00:00,"@dustina100 @Fitriaksn @txtdariagata @Askrlfess bagi negara korsel angka kelahiran sedikit itu sangat mengkhawatirkan, neng. ngeri ga ada generasi baru, hetttdah"
233,2022-07-30 15:32:24+00:00,@collegemenfess kamu 3 masa sekolahnya di mana deh? swasta khusus agamamu ya?
234,2022-07-30 15:31:48+00:00,"@Askrlfess lah kok ngatur, km dpr kah"
235,2022-07-30 15:31:18+00:00,"KAYU AGUNG (30 Juli): Anggota Komisi IV DPR RI dari Fraksi Partai NasDem, Hj Sri Kustina melakukan reses  https://t.co/3mzwytv64E"
236,2022-07-30 15:29:49+00:00,"@jonguparx @krawrina @injeoyy @itskyulkyung @junyeongss @suhokeem @mo_onbyula @yeriius @Ieedongwookk Kalo gitu gua yang ijo depan, biar meluk yang bawa 🌚"
237,2022-07-30 15:29:38+00:00,Tapi asli emang fans dpr tuh pada cantik-cantik dan sexy-sexy. https://t.co/FRxuDAt07A
238,2022-07-30 15:29:00+00:00,"DPR nunjukin bukti bahwa kepolisian pusat terlibat, membiayai, dan menghasut percobaan penculikan dan pembunuhan gubernur. Sebagian buktinya dari akun sosmed.

Bisa dipakai itu Permenkominfo buat kaya gini jikalau* niatnya bener. 

*jikalau = jika kalau"
239,2022-07-30 15:28:43+00:00,"@dpr_yian @krawrina @injeoyy @jonguparx @itskyulkyung @junyeongss @suhokeem @yeriius @Ieedongwookk Aku nggak bisa naik motor, yang ungu. 😭"
240,2022-07-30 15:28:31+00:00,"@Ieedongwookk @krawrina @injeoyy @jonguparx @itskyulkyung @junyeongss @suhokeem @mo_onbyula @yeriius Gua yang belakang deh, ngejemping"
241,2022-07-30 15:28:21+00:00,@keyon Ribbon by DPR IAN
242,2022-07-30 15:26:58+00:00,"terpaksa DPR di gaji ROTI .... ga' boleh jadi KAYA 

tuu logo PANCASILAnya"
243,2022-07-30 15:26:57+00:00,DPR Ian dah gila aaaaaaa
244,2022-07-30 15:26:37+00:00,@dpr_yian @krawrina @injeoyy @jonguparx @itskyulkyung @junyeongss @suhokeem @mo_onbyula @yeriius Gua yg biru diatas speedometer
245,2022-07-30 15:25:59+00:00,@murniahmadi @AREAJULID Kalau anggota DPR nya baik gas aja lah 😭🤌
246,2022-07-30 15:12:18+00:00,@Dukhtar_E_B @PakSarfrazbugti @PDMABalochistan @hamnatweets @AJEnglish @MeerLangau @AQuddusBizenjo @ACQuettaCity @OfficialDGISPR @dpr_gob @jam_kamal @SonOfShaeed Esy  loggon  p fakhar he
247,2022-07-30 15:12:01+00:00,"@Vand0e @difiancheto @mouldie_sep @DPR_RI Sekarang kan yg dipakai sistem zonasi, bukan dari tinggi tinggian nilai"
248,2022-07-30 15:10:03+00:00,"Blokar-blokir yang dilakukan @kemkominfo ini membuat rakyat semakin bertanya-tanya, mana suara Komisi I DPR RI?"
249,2022-07-30 15:09:36+00:00,"Ketua DPR RI GILA..
OTAK KOMUNIS"
250,2022-07-30 15:07:51+00:00,@Dukhtar_E_B @PDMABalochistan @hamnatweets @AJEnglish @MeerLangau @AQuddusBizenjo @ACQuettaCity @OfficialDGISPR @dpr_gob @jam_kamal @SonOfShaeed Kahan kam kar rahy hain ? Lasbela main just ???? Baki ky areas ka kia hoga ?
251,2022-07-30 15:05:48+00:00,@diluc_dpr bjir wali kelas cok ibu ibu 🤣
252,2022-07-30 15:05:06+00:00,gak mampu ndelok ramene kav dpr
253,2022-07-30 15:02:26+00:00,@mirbehramb @BehramLehri @AQuddusBizenjo @BayazidKKharoti @SanaUll41652361 @RindBushra @Dr_RubabaBuledi @dpr_gob @Mahdembaloch1 @Manzoor_rind @amjadrshdyahoo1 @AbdulAwadood @CMShehbaz Haji Hashim sahib mojood hy https://t.co/JkG1GcDrK3
254,2022-07-30 15:00:59+00:00,@nasirjamil_DPR Alhamdulillah https://t.co/EAM1mFaCoB
255,2022-07-30 15:00:43+00:00,@mirbehramb @BehramLehri @AQuddusBizenjo @BayazidKKharoti @SanaUll41652361 @RindBushra @Dr_RubabaBuledi @dpr_gob @Mahdembaloch1 @Manzoor_rind @amjadrshdyahoo1 @AbdulAwadood @CMShehbaz Sir BNP ke Qaid ko ap behtar jante hy wo musalsal apne district presidents ke sat connect hy.
256,2022-07-30 14:59:02+00:00,Kunjungan Pak M Nasir Jamil SAg DPR RI https://t.co/bo70opn4PE
257,2022-07-30 14:58:38+00:00,@Mimis13taetae Dpr ian
258,2022-07-30 14:57:36+00:00,"#TemanPemilih, Masih dalam kegiatan Sosialisasi Peraturan Komisi Pemilihan Umum Nomor 4 Tahun 2022 tentang Pendaftaran, Verifikasi, dan Penetapan Partai Politik Peserta Pemilu Anggota DPR dan DPRD dilanjutkan dengan penyampaian materi oleh Anggota KPU Prov. Bengkulu Siti Baoroh https://t.co/90fGQBbMjm"
259,2022-07-30 14:56:52+00:00,RINA Awarded Bangalore Metro Sarjapur – Hebbal Line’s DPR Work https://t.co/tpv7HmgxcH
260,2022-07-30 14:55:38+00:00,@dpr_yian Dikit aja kak bisikinnya wkwkwk
261,2022-07-30 14:55:01+00:00,"Covid-19 Masih Meningkat, Rahmad Handoyo Ingatkan Semua Pihak Pentingnya Vaksin Dosis Empat

#KabarDPR #news #nasional #COVID19 #YangHilangDalamCinta Jilbab Paytren #vaksinkeempat #Vaksin Menteri Johnny G. Plate

https://t.co/kpthQXSnnk"
262,2022-07-30 14:54:52+00:00,@secgron Ada kewajiban para wakil rakyat yg kita pilih di DPR untuk kerja lebih serius menjawab issu ini
263,2022-07-30 14:53:48+00:00,Insecure ngopi ng dpr :'
264,2022-07-30 14:53:48+00:00,"@mbahnomo @Tri33milanisti @devilauw80 @7ckngNeg @MaduMata @na_dirs @aniesbaswedan ya oleh karena itu, mending sekalian ga ada parlemen Threshold sekalian. mau cuma dapat 1 wakil di DPR ya biarin. sekalian ga ada PT sekalian. biar setiap partai yang memiliki wakil di DPR bisa ngajuin capres. biar pilihannya banyak."
265,2022-07-30 14:53:45+00:00,"@dpr_yian AYAHHH!!! 
SEMANGAT EVENTNYAAA Nih Jamal dah mengalah nih kagak ikutan. Gakk 🔥🔥🔥"
266,2022-07-30 14:53:23+00:00,"@akmalboerhans @tifsembiring Boleh saja , tapi kalau yang mengajukan nya PKS yang bagian dari DPR agak aneh. Disetujui semua anggota atau tidak UU adalah produk DPR."
267,2022-07-30 14:52:04+00:00,"Selamat hari bidan, selamat bertransformasi kesmas @ditjenkesmas semoga juga akan ada ucapan selamat untuk tenaga kesmas (SKM) dari 223 lulusan FKM prodi kesmas RI bisa bekerja dg regulasi tupoksi yg legal scr hukum? Amin @ISMKMI @DPR_RI @WHOIndonesia @BudiGSadikin @persakmi_id"
268,2022-07-30 14:49:57+00:00,"seharusnya memang peraturan kominfo itu sebagai aturan pelaksana oleh UU di atasnya. sementara UU nya belum ada, bawahannya udah melaksanakan terlebih dahulu. DPR gak mau panggil menkominfo nih 😁"
269,2022-07-30 14:49:34+00:00,kalau dpr ian buat concert aku nak dtg
270,2022-07-30 14:46:54+00:00,@Farhanbaloch_7 @BehramLehri @AQuddusBizenjo @BayazidKKharoti @SanaUll41652361 @RindBushra @Dr_RubabaBuledi @dpr_gob @Mahdembaloch1 @Manzoor_rind @amjadrshdyahoo1 @AbdulAwadood BNP ke Quaid or CM sab Dubai meh han jab keh moqa aj ke din ka tha jab PM visit par tha @CMShehbaz
271,2022-07-30 14:42:30+00:00,meh la kita dgr album baru dpr ian pulak 😌
272,2022-07-30 14:42:22+00:00,"@ohsaemi Oh well kahit mauna to, mas importante si Suho hahaha iyak nalang. Balik nalang kayo dpr. 🥲"
273,2022-07-30 14:39:56+00:00,"@ReinhardTjoki @horeketekuk @S4N_W1B1 pernah sih diajukan uu pemiskinan koruptor, ditolak ama DPR, cmiiw, gimana dong"
274,2022-07-30 14:39:20+00:00,"@princegyul Bntu jualin pc ai dong menkk, kali aja lu dpr buyer trus interest sm pc ai wkwkw
Buat kirim"" duiitt. Bsa dri usd mrena send ke idr jg bisaa
Payment pke visa mastercard kredit crd jg bsa"
275,2022-07-30 14:38:40+00:00,dpr ian live in celebration of miito https://t.co/pAFiUV3TLY
276,2022-07-30 14:36:10+00:00,Y btul dik klau lakinya DPR Ian
277,2022-07-30 14:30:00+00:00,@fadlizon Anggota DPR pusat ini ya? 🤣🤣🤣🤣
278,2022-07-30 14:29:32+00:00,Partai Golkar Targetkan 3 Kursi Di DPR RI dan 10 Kursi di DPRD Kabupaten Cirebon https://t.co/ZLd0v2OC1q
279,2022-07-30 14:28:17+00:00,"@Puthutea HORAY!!

NB: 1 lagi jabatan tidack berguna DPR"
280,2022-07-30 14:26:11+00:00,Mlming ku menyambut dpr https://t.co/RRgrIN3YYr
281,2022-07-30 14:26:03+00:00,Wakil Ketua Komisi III DPR Ahmad Sahroni menyoroti sikap Kapolda Metro Jaya Irjen Fadil Imran yang memaafkan pria pengedit profilnya di Wikipedia. #IrjenFadil https://t.co/JJAA1q3oEr
282,2022-07-30 14:24:51+00:00,"@hannahhbbahng Colde ,Dean, dpr ian, Keshi , Rad Museum, CRUSH, offnoff, Dvwn, BiBi, dpr live, junggigo, SE NO NEON, Gemini, Seori, dosii, slchld, CIKI, GSoul, ph-1, Youra, jeebanoff, Hoody…"
283,2022-07-30 14:22:44+00:00,@hannahhbbahng DPR IAN and dpr live🤘
284,2022-07-30 14:20:32+00:00,"@DPR_RI @PDI_Perjuangan @Mega_Wati_ @puanmaharani_ri
@jokowi 
Apakah Nenek kerbau mau membantah !
https://t.co/799uYyPh62 https://t.co/tyweDemuCR"
285,2022-07-30 14:20:13+00:00,"@taehuncloud @tanyakanrl Eh pas pemilihan dpr apa apa ya wktu itu, banyam banget angjai 😭😭😭 punyamu bnyk nggk??"
286,2022-07-30 14:19:19+00:00,"Beranikah China Tembak Jatuh Pesawat Ketua DPR AS Jika Kunjungi Taiwan?

 #Sindonews #BukanBeritaBiasa .https://t.co/e4fRWfqdDO"
287,2022-07-30 14:19:19+00:00,"Inilah Tokoh China yang Sarankan Tembak Jatuh Pesawat Ketua DPR AS di Taiwan

 #Sindonews #BukanBeritaBiasa .https://t.co/gohf3eonLe"
288,2022-07-30 14:19:02+00:00,"Orangnya dah Kabur &amp; di Kaburkan,baru kalian pada berisik...

CC @DPR_RI @KPK_RI @KejaksaanRI @ditjen_imigrasi"
289,2022-07-30 14:16:26+00:00,"@enggataukk @sbyfess Mungkin. Atau kuota habis.
Cuma ini yg dpr kupercaya https://t.co/oWm1zbKiMD"
290,2022-07-30 14:12:23+00:00,"Pemimpin kami dengarkanlah curhat kami saat ini, apa yg kami hadapi saat ini 
Kami inggin beribadah di rumah Allah dengan tenang,
Tolong selesaikan masalah masjid Ahmad bin Hambal (MIAH ) @jokowi ,@DivHumas_Polri ,@DPR_RI https://t.co/MsX1vaWRf8"
291,2022-07-30 14:10:56+00:00,@hannahhbbahng dpr squad and seori
292,2022-07-30 14:05:59+00:00,"#TemanPemilih
Dlm rangka diseminasi informasi mengenai tlh ditetapkannya PKPU Nomor 4 Tahun 2022, KPU Lampung Timur menggelar kegiatan Sosialisasi PKPU Nomor 4 Tahun 2022 ttg Pendaftaran, Verifikasi, dan Penetapan Partai Politik Peserta Pemilu Anggota DPR dan DPRD, Sabtu (30/07) https://t.co/oQqFVMz5Qp"
293,2022-07-30 14:05:18+00:00,@Fiar098 Kalau kayak gini2 tuh hrus d bahas sm DPR jg gak yah biar dpt approval dlu sblm bertindak
294,2022-07-30 14:02:40+00:00,"PKS minta MK menurunkan presidential threshold menjadi 7-8%, alasannya utk menghindari polarisasi di masyarakat. Jawaban MK; soal itu harus diajukan ke sidang DPR, bukan ke MK!

Polarisasi? Bukankah justru PKS yg menciptakan polarisasi di masyarakat dgn politik identitas?"
295,2022-07-30 14:02:29+00:00,"Kapolda Sulsel Berhasil melakukan Pengngkapan 11kg Sabu Sabu Di Pelabuhan Pare Pare, Anggota Komisi III DPR memberikan Apresiasi

https://t.co/6LaOMFqHrS"
296,2022-07-30 14:01:35+00:00,@ruhutsitompul Tweet abang tidak mencerminkan attitude anggota DPR/MPR yang terhormat.
297,2022-07-30 13:59:09+00:00,@dpr_risal1 dabar lal😅
298,2022-07-30 13:57:43+00:00,@dpr_yian Sumber air sudekat a
299,2022-07-30 13:56:31+00:00,"#sahabatbawaslu
Bawaslu Kota Blitar melakukan pengawasan Sosialisasi Peraturan KPU Nomor 4 Tahun 2022 tentang Pendaftaran, Verifikasi, dan Penetapan Partai Politik Peserta Pemilu Anggota DPR dan DPRD yang dilaksanakan oleh KPU Kota Blitar. https://t.co/q2FDrnaUOo"
300,2022-07-30 13:56:24+00:00,Anggota Komisi VII DPR Menduga Begini Isi Perpres BBM Hasil Revisi https://t.co/mPerTM1fKi
301,2022-07-30 13:56:12+00:00,"@alunalunee halo, anw lo harus dengerin new albumnya dpr ian"
302,2022-07-30 13:56:11+00:00,@AnakTuhanbanget @AREAJULID mending sama anggota DPR sekalian deh ya gkgkgk
303,2022-07-30 13:55:25+00:00,Anggota Komisi III DPR RI Hinca Panjaitan Reses Ke Polres Pematang Siantar https://t.co/5oJEiLyX7l
304,2022-07-30 13:55:24+00:00,Gua mikir ko anggota dpr hot banget si 😭😭
305,2022-07-30 13:53:35+00:00,"Komnas HAM Dituduh Bekerja Untuk Polisi, Anggota DPR: Jangan Sembarangan Jika Tak Mau Jadi Fitnah https://t.co/YcNFpkTgUI"
306,2022-07-30 13:53:34+00:00,dpr yg bikin adem cuma dprian ajaa keknya gada yg lain 😭🫶
307,2022-07-30 13:53:10+00:00,"@hannahhbbahng COLDE, DPR IAN"
308,2022-07-30 13:52:49+00:00,"@hannahhbbahng Colde, Bibi, Meenoi, oceanfromtheblue, Jiwoo,Dpr lol"
309,2022-07-30 13:51:02+00:00,@VeraFebyanthyID @DPR_RI @PDemokrat Mantap Bu
310,2022-07-30 13:49:03+00:00,"@secangkirsecang Dia penyanyi rapper, pernah debut jadi bg tpi ga lama abis itu dia bikin DPR (Dream Perfect Regime) kek semacam agensi gitu makanya nama ignya dprian. Cmiiw^^"
311,2022-07-30 13:48:03+00:00,Anggota DPR harap revisi Perpres bisa perbaiki distribusi BBM subsidi https://t.co/yQy3Wh5ZhA
312,2022-07-30 13:45:50+00:00,@Aceh @DPR_Aceh Bentar... Lagi ku olah orang dalam 😂
313,2022-07-30 13:44:38+00:00,"@MightyRoom Ruangan 2

@injeoyy (izin afk)
@jonguparx (izin afk)
@krawrina 320
@dpr_yian 185
@itskyulkyung 225
@junyeongss 130
@suhokeem 270
@mo_onbyula 160
@yeriius 25
@Ieedongwookk 100

Total 1.415"
314,2022-07-30 13:44:16+00:00,"220730 DPRCREAM IG STORY 

💬 @/applemusic @/dprian 📈📈📈

#DPR #DPRCREAM #MIITO https://t.co/zZRGDU732F"
315,2022-07-30 13:44:10+00:00,"#TemanPemilih bertempat di Hotel Perdana, KPU Kab. Pulau Morotai melaksanakan Rapat Koordinasi Sosialisasi Peraturan KPU No 4 Tahun 2022 Tentang Pendaftaran, Verifikasi, dan Penetapan Partai Politik Peserta Pemilu Anggota DPR, DPRD Serta Pengenalan Fungsi SIPOL, Sabtu (30/07). https://t.co/X3BCfK1ThM"
316,2022-07-30 13:42:49+00:00,dpr ian apa gamao collab ama gua
317,2022-07-30 13:40:19+00:00,"Tudey maen sama ronal berasa maen sama anggota dpr😭😭 Udah naek nya pajero, segala pake batik soalnya abis pulang kondangan🤣🤣🤣"
318,2022-07-30 13:39:17+00:00,"WNI Disekap, DPR: Pemerintah Harus Minta Kamboja Tertibkan Penipuan https://t.co/RczHqwLnSg"
319,2022-07-30 13:38:31+00:00,DPR Terus Pantau Penyekapan 60 Pekerja MigranKorban TPPO di Kamboja https://t.co/Kmod0wNPVX
320,2022-07-30 13:37:20+00:00,"Di Indonesia, RUU Perlindungan Data Pribadi (PDP) yang diinisiasi dari 2016 sampe hari ini masih mandek di DPR. Gak ada kepastian data WNI terlindungi dari pelanggaran privasi.

Makanya banyak provider khawatir sama keamanan data penggunanya dan enggan daftar ke PSE-nya Kominfo."
321,2022-07-30 13:36:26+00:00,@bpjenniex Iya kan jen kaya ayam
322,2022-07-30 13:33:35+00:00,@wiyantokdr54 @RaniKancana__ Iya tapi di tolak DPR
323,2022-07-30 13:32:14+00:00,"Ketua DPD P. Golkar Kab. P. Pariaman Asmadi,S.IP, bersama D. Pertimbangan P. Golkar Yulius Danil, PD AMPG Irmansyah, dan PK Kec. Nan Sabaris Asnul mewakili Anggota DPR RI H. John Kenedy Azis menghadiri pertandingan Turnamen Sepak Bola U-17 Kenzie Mobilindo Cup 2022 di Kuraitaji. https://t.co/f66B1MtSIC"
324,2022-07-30 13:32:14+00:00,doain aku jadi dpr
325,2022-07-30 13:31:39+00:00,"Dpr, joji, Keshi, the chainsmokers https://t.co/vSZmyu3BvC"
326,2022-07-30 13:31:00+00:00,"60 TKI Disekap Perusahaan Investasi Palsu di Kamboja, DPR: Pulangkan Mereka dengan Selamat!
https://t.co/sXRtCNdkgE"
327,2022-07-30 13:30:55+00:00,@itouasaaki dpr we gang gang
328,2022-07-30 13:30:47+00:00,@pndads22 mirip dpr ian
329,2022-07-30 13:30:36+00:00,@sbyfess mie ayam jakarta yang deket gedung dpr enak bngt nder
330,2022-07-30 13:29:58+00:00,"@againstzawarudo Yes, tapi pemerintah kan yang maksa harus dibawah Kominfo. Kali ini DPR bener harus independen.

Draft terakhir sih katanya bakal diputuskan presiden. Tapi tetep ditunda lagi."
331,2022-07-30 13:29:18+00:00,apa-apaan ini negara😭
332,2022-07-30 13:28:52+00:00,"@stlobeliee ily ra, semoga jadi dpr"
333,2022-07-30 13:27:20+00:00,@dpr_yian WKWKWKWK emang jelek banget gambarnya rocket
334,2022-07-30 13:26:38+00:00,@oliviardrgio Oh itu masker bukan brewok wkwkwk
335,2022-07-30 13:26:14+00:00,@dpr_yian WKKWWK sebel dah kak lupa sama ava sendiri 😭
336,2022-07-30 13:25:25+00:00,@oliviardrgio Spill potomu yang brewokan itu liv
337,2022-07-30 13:24:59+00:00,@_pjmyg dpr christian *blushing*🥰🥰🥰
338,2022-07-30 13:23:33+00:00,Anggota Komisi IX DPR RI Adakan Sosialisasi di Kec Besitang https://t.co/ZOM67I8e73
339,2022-07-30 13:23:14+00:00,"Yang namanya komisi itu mencari keuntungan, di negri ini banyak sekali komisi komisi ada komisi KPU dll di DPR pun ada banyak komisi ada komisi 1-11 ya itu kerjanya cuma cari komisi"
340,2022-07-30 13:23:01+00:00,@hannahhbbahng dpr ian🫶
341,2022-07-30 13:21:22+00:00,"mana nih anggota DPR, ini suara rakyat indonesia yang suka gaming, dan beli game di steam di Indonesia dizalimi sama Kominfo
jangan pada diem bae, anda semua digaji
mana Komisi 1 DPR?
#BlokirKominfo"
342,2022-07-30 13:20:49+00:00,@buzzerMUI mikir dong. suara parlemen PKS cuma berapa persen di DPR? dia oposisi sendirian. lawan segitu banyak partai pro perintah. yang tolol ya yang mengucapkan statemen itu
343,2022-07-30 13:19:43+00:00,"Tudingan Pengacara Brigadir J Soal Komnas HAM, DPR: Bisa Jadi Pidana Fitnah https://t.co/XeYOyJUSe0 #BrigadirYosua #BrigadirJ #brigadirjoshua"
344,2022-07-30 13:18:52+00:00,"Asal banget bikin peraturan kena demo mampus rasain aja ntar pak² 
Pak @jokowi @KemensetnegRI @DPR_RI tolong dong nih kementerian bubarin aja deh pak, kek gimana ya pak, ga tau lah saya capek"
345,2022-07-30 13:18:14+00:00,"220730 JOONYONGAN IG POST

💬 dpr live

#DPR #JOON #DPRLIVE https://t.co/L5s6W432kr"
346,2022-07-30 13:17:48+00:00,@KemnakerRI @Kemenkumham_RI @jokowi @KemensetnegRI @DPR_RI @Kemenparekraf Digital Nomads Yang Harusnya Hire Local.. malah Hire sesama.. ini Gimna ya solusinya #TKA https://t.co/lenA1u4Bav
347,2022-07-30 13:17:24+00:00,@papa_loren Beliin cincau aja biar bsa kelelep tuh DPR
348,2022-07-30 13:17:16+00:00,@suhokeem Nangis banget
349,2022-07-30 13:14:44+00:00,"#TemanPemilih, Sabtu (30/7) KPU Kabupaten Kediri melakukan Sosialisasi PKPU Nomor 4 Tahun 2022 tentang Pendaftaran, Verifikasi, dan Penetapan Partai Politik Peserta Pemilu Anggota DPR dan DPRD. https://t.co/Pkr8mlmptI"
350,2022-07-30 13:14:11+00:00,@dpr_yian WKWKWKWK gua asal nyebut hyung ampun
351,2022-07-30 13:13:40+00:00,@Junhuwei Anak metal
352,2022-07-30 13:12:51+00:00,"@EagleReaper01 @sandiuno @kemkominfo wajar bang belio dukung, karena 1 visi sbg eksekutif. nah kl DPR dukung tanpa kajian yg jelas baru aneh tuh"
353,2022-07-30 13:12:49+00:00,"#sahabatbawaslu Taukah Kamu, Siapakah Peserta Pemilu untuk Pemilihan Umum Anggota DPR, DPRD Provinsi, dan DPRD Kabupaten/Kota...???

#bawaslkabngawi
#AyoAwasiBersama https://t.co/tn2OWC4xH9"
354,2022-07-30 13:12:08+00:00,"@Subur0204 Demo kenaikan BBM di jaman SBY sampai nangis nangis. Kirain perhatian sama rakyat. Giliran PDIP berkuasa, puan ketua DPR, kenaikan harga BBM lebih banyak dan nggak nanggung kenaikannya. Membuat rakyat makin sengsara"
355,2022-07-30 13:11:50+00:00,"Anggota Komisi I DPR RI Christina Aryani, menyatakan pihaknya terus memantau perkembangan terkini terhadap 60 pekerja migran Indonesia (PMI) yang disekap di Kamboja.

https://t.co/U5fXwDj29H"
356,2022-07-30 13:11:23+00:00,"Pengaruh Oligarki Dalam Program Legislasi Nasional (Prolegnas) --
@DPR_RI @DPDRI @LaNyallaMM1 @jokowi @kompascom https://t.co/5TK29kXOBh"
357,2022-07-30 13:09:43+00:00,"LM followan sama dpr ian?
 https://t.co/UmJtwMa9nr"
358,2022-07-30 13:08:58+00:00,"Ndut! followan sama dpr ian?
 https://t.co/WXU6ony75Z"
359,2022-07-30 13:06:51+00:00,"bisa gak sih rakyat ngajuin mosi tidak percaya ke menteri lewat dpr atau PTUN?
trutama menteri yg ga capable"
360,2022-07-30 13:06:32+00:00,"Cc. @jokowi @mohmahfudmd @KemenkeuRI @PolhukamRI @kemendagri @Kemenkumham_RI @DPR_RI @KPU_ID @bawaslu_RI
 Undang2 Pemilu No. 7 thn 2017 yg skrg sebaiknya diJudicial Review atau pihak pemerintah &amp; DPR RI untuk menggodok kembali Undang2 Pemilu yg baru dlm Prolegnas tahun ini... https://t.co/FjWOOsLpQt"
361,2022-07-30 13:06:04+00:00,"DPR vs LEGISLATIF 

lebih IQ topcerrr begete LEGISLATIF yaaaa"
362,2022-07-30 13:06:00+00:00,"@caratsmarket ajg qrt ghaib, tkt bgt,,, ak bcanda dik km jgn srius2,, dpr rapat ajh egk srius, ini cma rep base jgn srius2 yh dik,,, tp klw mw srius jwal 10k di ak, gpp ak siap sriusin km dik"
363,2022-07-30 13:03:51+00:00,"@CNNIndonesia Siapa yg engga mau investasi di IKN, sdh dilindungi UU yg disetujui Pem. &amp; rakyat (DPR RI). Aman, engga bakalan mangkrak, Insya Allah. Beda dg Hambalang yg tdk punya UU, jadi mudah dijadikan sumber rampokan oleh dedengkot partai “Katakan Tidak pada Korupsi🖐🏽”."
364,2022-07-30 13:02:03+00:00,"@wheeins_cow dpr gang, lee hi, seori...others casually too but I can remember now fjejej"
365,2022-07-30 12:58:48+00:00,"@prmzk @kemkominfo Jangan pak. Nanti kalo semua diblokir, DPR kita nonton apaan pas sidang?"
366,2022-07-30 12:56:55+00:00,"@DPR_RI Mohon Bantuannya Pak @DPR_RI kawal ini kasus biar terungkap siapa pemiliknya karena sampai hari ini pihak yang menangkap belum ada update kasihan kami masyarakat Nelayan kecil jika laut kami terus di rusak 
https://t.co/qhG5l9Dkrw"
367,2022-07-30 12:55:31+00:00,@O25WZ Jasmine - dpr live
368,2022-07-30 12:54:58+00:00,"Sabtu, 30 Juli 2022. KPU Kota Pangkalpinang menggelar Sosialisasi Peraturan KPU Nomor 4 Tahun 2022 tentang Pendaftaran, Verifikasi, dan Penetapan Partai Politik Peserta Pemilu anggota DPR dan DPRD serta pengenalan Aplikasi Sistem Informasi Partai Politik. https://t.co/O2aogNkN0U"
369,2022-07-30 12:54:53+00:00,@tanyakanrl DPR kan?
370,2022-07-30 12:54:19+00:00,"@sandiuno @kemkominfo Untung gajadi wapres, 
""Raiso penake dewek""
Liat noh dpr penake dewek bikin rkuhp"
371,2022-07-30 12:53:46+00:00,Dpr live and dean
372,2022-07-30 12:53:43+00:00,"Sekretariat Jendral DPR RI menggelar kegiatan Monitoring dan Evalusi (Monev) untuk mendorong Optimalisasi Kinerja Pelaksanaan Anggaran Sekretariat Jendral DPR RI tahun 2022, di Lombok, Nusa Tenggara Barat, Jumat, 29 Juli 2022. #SetjenDPR https://t.co/8BGQ2g1v5j"
373,2022-07-30 12:52:20+00:00,@diluc_dpr kok gue gatau guru fisika
374,2022-07-30 12:50:34+00:00,"@ruliharahap In fairness, RUU PDP yg bikin nyangkut DPR. Sibuk bahas wewenang dipegang siapa."
375,2022-07-30 12:49:12+00:00,@hannahhbbahng dpr &amp; peakboy &amp; ciki &lt;3 but also lee hi
376,2022-07-30 12:48:21+00:00,@tanyakanrl dpr ian - no blueberries
377,2022-07-30 12:48:17+00:00,"Selamat Tahun Baru Islam 1 Muharram 1444 Hijriah. 

#TahunBaruIslam 
#TahunBaruHijriah 
#TahunBaru1444H https://t.co/Uxx2Wehmda"
378,2022-07-30 12:46:34+00:00,MV DPR Ian kenapa serem-serem yh 🙂👍
379,2022-07-30 12:46:16+00:00,"Kalo bokep di blokir, dpr kalo lagi rapat gabisa nonton dong huhu :("
380,2022-07-30 12:44:05+00:00,"Ketua DPR RI Puan Maharani mengingatkan agar revisi peraturan terkait penggunaan Pertalite dikaji sebaik mungkin. Ia meminta agar aturan terbaru nanti, yang salah satunya memuat soal Bahan Bakar Minyak (BBM) bersubsidi itu, harus tepat sasaran.

#SubsidiBBM https://t.co/rJUsL00cfe"
381,2022-07-30 12:44:01+00:00,"@hannahhbbahng DPR, dean, seori, keshi, dvwn"
382,2022-07-30 12:43:31+00:00,@yunheoong Basah bener a
383,2022-07-30 12:43:14+00:00,@suhokeem @krawrina @mo_onbyula @injeoyy @jonguparx @itskyulkyung @junyeongss @yeriius @Ieedongwookk 2 menit lagi ol
384,2022-07-30 12:41:46+00:00,@gitguttttt Awale tak kiro rapat dpr tenan🤣 ternyata wisuda. Mett wisudaa meng 🥳
385,2022-07-30 12:41:36+00:00,"Jeff Satur
NCT 127 
DPR IAN 
Bright Vachirawit 
Ash Island 
Big Naughty 
One
Wonstein 
SIK-K 

Maha mehe sekalian juga gapapa hehehe"
386,2022-07-30 12:40:29+00:00,@convomf mak u dpr drimana nder??
387,2022-07-30 12:40:25+00:00,@HutCat DPR waktu rapat
388,2022-07-30 12:39:32+00:00,"@rickydotalfan Bergaulan kambek wong"" DPR iki"
389,2022-07-30 12:38:09+00:00,EeeeEEEHHH EL MV DE DPR IAN https://t.co/TYqoRcgVHH
390,2022-07-30 12:35:58+00:00,@dpr_yian @krawrina @mo_onbyula @injeoyy @jonguparx @itskyulkyung @junyeongss @yeriius @Ieedongwookk SIAP TEMPUR
391,2022-07-30 12:35:23+00:00,@doy_dyo @beoncloud_th @jeffsatur Kawal sampai mereka dpr series baru wkwkwk
392,2022-07-30 12:35:04+00:00,"Reses di Banjarmasin, Anggota Komisi II DPR RI Hj Aida Muslimah Serap Aspirasi Sambil Bagikan Beras https://t.co/zWDipMLWkp"
393,2022-07-30 12:33:02+00:00,— dpr kalah https://t.co/qegyUTC1IP
394,2022-07-30 12:31:37+00:00,@ginger9916 @awemany Ingat.. ini juga beliau dapat waktu masih jadi anggota DPR partai oposisi. Kalau skrg kira2 dapatnya brp? https://t.co/65RklMMLMj
395,2022-07-30 12:27:59+00:00,"@aairplanechan dpr ian !!
poi mi hanno consigliato dpr live e dean"
396,2022-07-30 12:26:50+00:00,"@krawrina @mo_onbyula @injeoyy @jonguparx @itskyulkyung @junyeongss @suhokeem @yeriius @Ieedongwookk Wahh, thankyou karina. Ayo semangat ol!🤙🏻"
397,2022-07-30 12:22:58+00:00,"#TemanPemilih  KPU Kabupaten Musi Rawas melaksanakan Kegiatan Sosialisasi PKPU Nomor 4 Tahun 2022 Tentang Pendaftaran, Verifikasi dan Penetapan Partai Politik Peserta Pemilu Anggota DPR dan DPRD di Kantor KPU Kabupaten Musi Rawas (30/07) ..

#KPUMelayani
#PemiluSerentak2024 https://t.co/PcBVc1gHRj"
398,2022-07-30 12:21:41+00:00,"yak sesuai dugaan, mulai ada upaya menyamakan PSE dengan GDPR. Gini, kalau emang aturannya diklaim sama persis kayak Eropa, RUU Perlindungam Data Pribadinya masih mandeg di DPR. 

Di Eropa, ada mekanisme pengaduan perdata misal warga keberatan data pribadinya bocor ke bank/pinjol https://t.co/F9ub3JUgyB"
399,2022-07-30 12:20:52+00:00,"Ketua DPR AS Diam-diam Mau Kunjungi RI, Ada Apa? 

https://t.co/k8o9KhoZpQ"
400,2022-07-30 12:20:28+00:00,@hisewlgi Kalo dibisikin nanti gak surprise lagi dong gi
401,2022-07-30 12:20:09+00:00,@nattachaaii Mantaunya jangan jauh jauh dung
402,2022-07-30 12:19:50+00:00,@oliviardrgio Tim sutet disana semua ya
403,2022-07-30 12:19:22+00:00,@diluc_dpr rambutnya kebakar ego tanda stress
404,2022-07-30 12:19:05+00:00,@7EELEO Asik bener punya SA
405,2022-07-30 12:17:25+00:00,@diluc_dpr GURU FISIKA GUE GITU
406,2022-07-30 12:15:33+00:00,"Baru jadi Ketua DPR sudah bisa matiin MIC WAKIL RAKYAT, kalo jadi presiden bakal dimatiin MIC RAKYAT... Tolak Dia"
407,2022-07-30 12:15:26+00:00,baru ketua dpr.  apalagi sampai terpilih presiden bisa di matikan rakyat sama dia   #tengelamkanpdip
408,2022-07-30 12:14:16+00:00,"@tanyakanrl Dari dulu banyak yg menangis liat orang yg sama sekali nggapunya basic di bidangnya tapi jadi duta, menteri, DPR, dll. U know? Sepertinya anda lupa atau tidak tau kalau selain dari ketekunan dan kerja keras potensi itu datang dari 3 hal..
1. Uang
2. Tampang
3. Popularitas"
409,2022-07-30 12:12:55+00:00,DPR IAN WITH A BASS GUITAR??? SIR  https://t.co/E8fAAKthmk
410,2022-07-30 12:12:54+00:00,"#TemanPemilih.. 563 hari menuju Pemilu Serentak 14 Februari 2024.

• Memilih Presiden dan Wakil Presiden
• Memilih Anggota DPD RI
• Memilih Anggota DPR RI
• Memilih Anggota DPRD Provinsi
• Memilih Anggota DPRD Kab/Kota

#KPUmelayani 
#PemiluSerentak2024 https://t.co/ggOyf7IDjh"
411,2022-07-30 12:11:27+00:00,"T-72B3 UBH dan T-80BV Rusia bergerak menuju Bakhmut, desa Yelenovka, DPR. https://t.co/mfYKp52cR7"
412,2022-07-30 12:10:39+00:00,"Ketua DPR RI Puan Maharani mengingatkan agar revisi peraturan terkait penggunaan Pertalite dikaji sebaik mungkin. Puan meminta agar aturan terbaru nanti, yang salah satunya memuat soal Bahan Bakar Minyak (BBM) bersubsidi, harus tepat sasaran.

https://t.co/HZepBG2jXP"
413,2022-07-30 12:09:03+00:00,@nattachaaii Adh adh. Lo juga kaga gamon kah dung?
414,2022-07-30 12:08:45+00:00,Kenapa dpr ian ga jadi aktor aja yh? Dia mirip yg main di our times nya taiwan 😭😭😭 ganteng woi
415,2022-07-30 12:08:33+00:00,"Lo kira suga bts sm dpr ian orang citayam???? Wkwkwkwk udh dl gue suka kpop lu kata2in suka plastik.

Suuuuut yg di guna2 sama mokondo ngga diajak"
416,2022-07-30 12:07:04+00:00,@prabowohari45 @ZUL_Hasan @DPR_RI @InfoBappebti Setuju
417,2022-07-30 12:05:18+00:00,Wlwlwl aneh bgt koar2 kpop plastik tp bucinin dpr ian gjls anjing
418,2022-07-30 12:04:40+00:00,"@keuangannews_id Jika maling maling ini tidak di ekxtradisi ke Indonesia berati negara yg menampung mereka gak menganggab Indonesia itu ada. Lemahnya diplomatik pemerintah.

Padahal @DPR_RI tidak pernah bikin UU Hukuman mati buat maling uang Negara, bahkan pemerintah sering kasih Abolisi Amnesti"
419,2022-07-30 12:03:57+00:00,@dpr_yian Bisikin dongg kakk suprisnya apaaa
420,2022-07-30 12:03:52+00:00,@bachrum_achmadi Peran DPR tdk berfungsi karena udah dicekokin cuan dr oligarki.
421,2022-07-30 12:03:30+00:00,@nattachaaii Dia out beneran apa move acc dung?
422,2022-07-30 12:01:52+00:00,@marcellaisne Betul. Anak bizi en turu semua
423,2022-07-30 12:01:01+00:00,"BERBEDA PENDAPAT, PROSES SUKSESI PARPOL &amp; ANTI KORUPSI: SUBSTANSI DEMOKRASI 

@DPR_RI @DPDRI @psi_id @PDemokrat @FPKSDPRRI  @PDI_Perjuangan @NasDem @DPP_PKB @Gerindra @PartaiPerindo @Golkar5 @fraksigolkar 
https://t.co/cewbJJNwm8 via @YouTube"
424,2022-07-30 12:00:41+00:00,wkwkw
425,2022-07-30 12:00:31+00:00,"@RoyMNasution3 @SBYudhoyono @AgusYudhoyono @PDemokrat @FPD_DPR SBY...seorg negarawan sejati,
mementingkan Bangsa."
426,2022-07-30 11:59:58+00:00,"Pada hari Kamis,28 Juli 2022,KPU Kota Tasikmalaya melaksanakan kegiatan Sosialisasi PKPU Nomor 4 Tahun 2022 tentang Pendaftaran, Verifikasi dan Penetapan Partai Politik Peserta Pemilu Anggota DPR dan DPRD kepada Partai Politik se-Kota Tasikmalaya bersama Bawaslu Kota Tasikmalaya. https://t.co/LLWCSQQC7S"
427,2022-07-30 11:59:49+00:00,"dpr , jay park"
428,2022-07-30 11:58:14+00:00,"@ian__dpr Joudeki no, Ojisan! 😬👍

Iyain aja ayo, iyain."
429,2022-07-30 11:57:13+00:00,#NewProfilePic ngevent dulu https://t.co/75wyJMu1vv
430,2022-07-30 11:56:34+00:00,@krawrina @injeoyy @jonguparx @dpr_yian @itskyulkyung @junyeongss @suhokeem @mo_onbyula @yeriius Udah bangun nih
431,2022-07-30 11:55:56+00:00,@mo_onbyula @dpr_yian @krawrina @injeoyy @jonguparx @itskyulkyung @junyeongss @yeriius @Ieedongwookk PERNAH!
432,2022-07-30 11:55:13+00:00,@dpr_yian @krawrina @injeoyy @jonguparx @itskyulkyung @junyeongss @suhokeem @yeriius @Ieedongwookk Pernah nggak ready?
433,2022-07-30 11:54:30+00:00,@MightyRoom Pap muka masih ngantuk https://t.co/OiXGhDByZJ
434,2022-07-30 11:54:05+00:00,"#TemanPemilih, KPU Kabupaten Kubu Raya menggelar Sosialisasi Peraturan KPU Nomor 4 Tentang Pendaftaran, Verifikasi dan Penetapan Partai Politik Peserta Pemilu Anggota DPR dan DPRD di Hotel Dangau Sungai Raya,  Jumat (29/7). https://t.co/b39CVrhVlU"
435,2022-07-30 11:54:02+00:00,"Tonton “Bersiap untuk Perang, Status Resmi Angkatan Bersenjata China Tanggapi Jika Ketua DPR AS ke Taiwan” Tonton “Bersiap untuk Perang, Status Resmi Angkatan Bersenjata China Tanggapi Jika Ketua DPR AS ke Taiwan” * السَّلاَمُ* عَلَيْكُمْ... https://t.co/htFfx7YZfg"
436,2022-07-30 11:53:59+00:00,"Tonton “Bersiap untuk Perang, Status Resmi Angkatan Bersenjata China Tanggapi Jika Ketua DPR AS ke Taiwan” https://t.co/XtxXdhdMkb https://t.co/CGrEOqbThg"
437,2022-07-30 11:53:02+00:00,"@ian__dpr Mmm, gimana kalau kupangil Ojisan aja? Agaknya lebih cocok?"
438,2022-07-30 11:51:54+00:00,"@Dpr_7 Anjir lucu, kasih dia cendol"
439,2022-07-30 11:50:45+00:00,@hyyubi pas nyampe tempatnya tutup
440,2022-07-30 11:50:28+00:00,"BANGON BANGON IPEEEENNNN

@injeoyy
@jonguparx
@krawrina
@dpr_yian
@itskyulkyung
@junyeongss
@suhokeem
@mo_onbyula
@yeriius
@Ieedongwookk"
441,2022-07-30 11:50:05+00:00,@sharonmyooi iya kamu panggil akunya senpai
442,2022-07-30 11:49:25+00:00,"Partai merah korup, biru korup, kuning korup, putih korup, oranye korup, kalau anda bsa ksi partai di DPR yg ndak korup, yg 100% bersih info saya, sekalipun dia dukung FPI dan anies baswedan saya akan pilih , info saya ya pak"
443,2022-07-30 11:49:20+00:00,@ian__dpr ...tapi kenapa aneh ya dipanggil gitu sama Kak Ian. 🥲
444,2022-07-30 11:46:20+00:00,Komisi III DPR RI Apresiasi Kapolda Sulsel Atas Pengungkapan 11 Kg Sabu di Pelabuhan Parepare https://t.co/2WNBiQf64p
445,2022-07-30 11:46:17+00:00,Komisi III DPR RI Apresiasi Kapolda Sulsel Atas Pengungkapan 11 Kg Sabu di Pelabuhan Parepare https://t.co/nFDr3TTasT
446,2022-07-30 11:45:06+00:00,"@AnnaRachmawatii Aamiin teh, cobian ka unggal masjid teh"
447,2022-07-30 11:44:26+00:00,"@MUSIKMENFESS Colde, DPR IAN, DPR LIVE, iKON, Mamamoo, Block B, pH-1, Baek Yerin, The 1975, Bruno Major,  Rex Orange Country, JMIN, Day6."
448,2022-07-30 11:43:57+00:00,"Saya bsa balikan sebenarnya pertanyaan ke anda, waktu klompok anda berkuasa era SBY, partai demokrat, PKS, golkar, PAN yg kuasai DPR apa pernah buat UU hukuman mati buat koruptor? Nihil 😊
Saya tidak sok pintar pak, ini hanya perdebatan biasa, toh anda setuju petinggi ACT dihukum"
449,2022-07-30 11:43:33+00:00,"@DPR_RI Hukum suka suka @KejaksaanRI
@KomisiKejaksaan @MahkamahAgung
https://t.co/NaWbXYQXND"
450,2022-07-30 11:42:13+00:00,@AnnaRachmawatii Gaskeun teh anna segera berburu hahaa
451,2022-07-30 11:41:53+00:00,"rp ini harusnya jadi selingan, tapi malah kenapa jadi full-time di sini.."
452,2022-07-30 11:41:30+00:00,@abalamus @sazeldyxx bismillah jadi dpr
453,2022-07-30 11:41:20+00:00,"Saya yakin yg lg 15% pun tidak berani bapak, DPR itu mau parpolnya warna merah kuning hijau biru putih, semuanya sama, mana berani mutuskan hukuman mati buat koruptor, di Aceh yg syariatnya dijunjung tinggi pun sampai detik ini tdk berani hukuman potong tangan buat koruptor"
454,2022-07-30 11:41:07+00:00,dpr ian🧍🏻‍♀️
455,2022-07-30 11:40:37+00:00,YA ALLAH SEMOHA MALAM INI REZEKINYA HANA DPR JAM TANGAN BARU AAMIIN
456,2022-07-30 11:40:31+00:00,"@sharonmyooi haha becanda, iya mina chan"
457,2022-07-30 11:39:56+00:00,@seongsanhero emang udah kewajiban dpr sih
458,2022-07-30 11:39:37+00:00,DPR Yakin Kasus Brigadir J Jadi Momentum Polri Dapat Kepercayaan Publik https://t.co/EWBD8WrI2C
459,2022-07-30 11:38:33+00:00,"@MUSIKMENFESS Day6, keshi, eaj, clinton kane, niki, DPR, big naughty, tulus, warren hue"
460,2022-07-30 11:38:11+00:00,Steam diblokir jadi gabisa nyuci motor
461,2022-07-30 11:35:48+00:00,@sharonmyooi kan kita di rp
462,2022-07-30 11:35:38+00:00,Ketua dpr nya 😅😅😅
463,2022-07-30 11:33:34+00:00,Komisi 1 DPR RI Rudianto Tjen Dukung Jalankan https://t.co/IXLKc8qi8j
464,2022-07-30 11:32:23+00:00,@rakyatb28312226 @AgusYudhoyono Dia bukannya ketua partai ?  Punya anggota DPR
465,2022-07-30 11:32:06+00:00,"Ngeliat orang banyak yg protes secara digital tag @kemkominfo, bukti nyata kalo DPR terutama komisi I yang diem diem bae udah gada marwah nya buat lembaga representatif formal. Jadi gunanya apa?"
466,2022-07-30 11:30:32+00:00,"https://t.co/eXhDmywPM9 -  Peringatkan Ketua DPR AS, China Umumkan Latihan Militer di Seberang Taiwan https://t.co/WLGUdvn5gB"
467,2022-07-30 11:29:57+00:00,"@sharonmyooi @LUNERPW lu berdua orang jepang, ngapa jadi eonnie"
468,2022-07-30 11:29:32+00:00,@simplycantsleep DPR MAU KESINI?????
469,2022-07-30 11:28:23+00:00,@sudutdesakita @kemkominfo @jokowi @DPR_RI @sudutdesaku Kominfo ini tidak berguna bang!
470,2022-07-30 11:27:28+00:00,"53 WNI Jadi Korban Penipuan di Kamboja, DPR: Segera Pulangkan https://t.co/5OCjkOWVhC"
471,2022-07-30 11:27:12+00:00,Anggota DPR minta 53 WNI korban penipuan di Kamboja segera dipulangkan https://t.co/uchYpeub9s
472,2022-07-30 11:26:49+00:00,Aku mau nonton DPR aja december yu bisa ah yg ini🤲🏻🤲🏻
473,2022-07-30 11:26:01+00:00,"@hannahhbbahng Dean, DPR ian, Junny, Bigna😭😭😭😭"
474,2022-07-30 11:25:43+00:00,"@convomf keshi, dpr ian, scorpion, bts"
475,2022-07-30 11:21:59+00:00,"@rahmasar_ waah siap2 mak, dpr ada kemungkinan ikut kan yee berarti?"
476,2022-07-30 11:21:33+00:00,"ini harusnya jadi kesempatan DPR cari muka ke masyarakat, menjembatani protes ke kominfo.

keduwuren ngomongku"
477,2022-07-30 11:20:06+00:00,@nattacwin Mang lu pernah ke gedung dpr cep??
478,2022-07-30 11:19:51+00:00,@eralphkral Mungkin semacam dpr (?)
479,2022-07-30 11:19:38+00:00,@kumparan Kalian ga pada diliput? @tehpocidingin @manusiabymi @foliccc
480,2022-07-30 11:18:26+00:00,"@convomf DPR IAN, gemini, dwvn, maddox, and DPR Live"
481,2022-07-30 11:14:58+00:00,"@convomf dean, DPR IAN, taylor swift."
482,2022-07-30 11:13:38+00:00,@gullinotfound yes!! +dpr ian
483,2022-07-30 11:12:02+00:00,"@geloraco Untuk persiapan ,Gaji presiden, wapres, menteri termasuk DPR dipotong 50% aja.termasuk relawan yg lagi duduk sbg komisaris di BUMN .gimana ?demi NKRI harga mati."
484,2022-07-30 11:10:06+00:00,"@dpr_yian Boleh banget, Oppa. 🥺☝️ Bisa call call aku di ig ya kalo mau pake aku."
485,2022-07-30 11:08:44+00:00,KESHI AND DPR
486,2022-07-30 11:08:12+00:00,DPR IAN - Live 220730 https://t.co/f70JnZfxoY
487,2022-07-30 11:06:25+00:00,"North Korea
South Korea
Israel
Palestine
ROC
PRC
South Ossetia 
Abkazia 
Western Sahara
Kosovo 
DPR
LPR
Northern Cyprus 

that’s all i can think of"
488,2022-07-30 11:03:43+00:00,"DPR IAN x LORI 

#DPRIAN #MIITOisBack https://t.co/Ied2JV2TFB"
489,2022-07-30 11:01:17+00:00,@BehramLehri @GichkiUmer @AQuddusBizenjo @BayazidKKharoti @SanaUll41652361 @RindBushra @Dr_RubabaBuledi @dpr_gob @Mahdembaloch1 @Manzoor_rind @amjadrshdyahoo1 @AbdulAwadood @iFarahAzeemShah Islamabad seh logo ko galdi smaj ata han ?
490,2022-07-30 11:00:31+00:00,Habehlah nti ramai dgr lagu DPR..
491,2022-07-30 11:00:02+00:00,"Sosialisasi Peraturan KPU No. 4 Tahun 2022 tentang Pendaftaran, Verifikasi dan Penetapan Partai Politik Peserta Pemilu Anggota DPR dan DPRD kepada Stakeholder dan Partai Politik Calon Peserta Pemilu di Grand Q Hotel Kota Gorontalo (30/07/22) https://t.co/8ucqdnzmwv"
492,2022-07-30 10:59:10+00:00,Yung accent ni DPR ian 😭🫶🏼❤️
493,2022-07-30 10:58:48+00:00,@bachrum_achmadi Harusnya DPR RI melakukan teguran. Entah apa fungsi DPR RI pada rezim ini. Entah mau dibawa kemana negara ini. Luck Nut memang. ngak ada lagi peran pengawasan badan legislatif. Dia pikir negara ini punya nenek moyangnya. @DPR_RI
494,2022-07-30 10:56:34+00:00,mood - dpr ian https://t.co/NZEmjHjWye
495,2022-07-30 10:55:28+00:00,@BehramLehri @mirbehramb @AQuddusBizenjo @BayazidKKharoti @SanaUll41652361 @RindBushra @Dr_RubabaBuledi @dpr_gob @Mahdembaloch1 @Manzoor_rind @amjadrshdyahoo1 @AbdulAwadood @CMOBalochistan Himat kro dear 👍
496,2022-07-30 10:55:20+00:00,@hannahhbbahng dpr ian and colde
497,2022-07-30 10:55:09+00:00,"1. Mayo dicoret2 mama wkwk
2. Au banget nih kucing kaya berat bgt hidupnya sampe megang kepala curiga kucing gue ikut rapat dpr sih 
3. Aku beliin baju +  kalung 
4. Muka memohon untuk dipeluk wkwkwk Ini kucing kode minta dipeluk memelas gitu + nyakar kaki 🙂 https://t.co/PFpj6OnROZ"
498,2022-07-30 10:54:25+00:00,@uusbiasaaja emang komintol ini lama lama udah kaya dpr
499,2022-07-30 10:54:05+00:00,@6un94c1nt4 @cybsquad_ @Fahrihamzah @KPK_RI @DPR_RI Ke kenal orang di sebelah kiri
