,Date,Tweet
0,2022-05-30 23:58:39+00:00,@bambangmulyono2 Hehehehhe...... siapa yg ngomongin anggota dpr
1,2022-05-30 23:56:23+00:00,"@FPD_DPR @hincapandjaitan Alhamdulillah,ada yg mewakili suara mayoritas masyarakat"
2,2022-05-30 23:53:39+00:00,TE AMO DPR IAN🫣
3,2022-05-30 23:49:04+00:00,"Menag Ajukan Tambahan Dana Haji Rp 1,5 Triliun ke DPR

Lo yakin masih mau naruh dana haji di sini, jika 1%nya hilang entah kemana dan ujungnya ajukan tambahan dana haji 
 https://t.co/qPXN6ps5Ry"
4,2022-05-30 23:44:17+00:00,"@CNNIndonesia waduh terus piye koruptor jadi penyidik 
@DivHumas_Polri
 , 
@DPR_RI"
5,2022-05-30 23:43:35+00:00,"@tribunnews waduh terus piye koruptor jadi penyidik @DivHumas_Polri , @DPR_RI"
6,2022-05-30 23:43:23+00:00,"Tak perlu terburu-buru mengesahkan RUU KUHP sebelum pemerintah dan DPR membuka pasal kontroversial kepada publik. Buka perdebatan publik agar publik masih dianggap sebagai pemilik republik. #Opini #AdadiKompas
https://t.co/7w2P2sS6gN"
7,2022-05-30 23:42:19+00:00,"Tak perlu terburu-buru mengesahkan RUU KUHP sebelum pemerintah dan DPR membuka pasal kontroversial kepada publik. Buka perdebatan publik agar publik masih dianggap sebagai pemilik republik. #Opini #AdadiKompas
https://t.co/ye86iOewWW"
8,2022-05-30 23:38:05+00:00,DPR Minta Menpora Tingkatkan Penerapan DBON Setelah Sukses di SEA Games 2021 https://t.co/4YqXAxIPXF
9,2022-05-30 23:37:45+00:00,"@republikaonline Militer urusi masalah ekonomi rakyat sipil, mendag, menko ekonomi, DPR ngapain kerja nya...."
10,2022-05-30 23:35:13+00:00,"@Ediputra99 @dj_pang @PartaiSocmed Iya saya maafin karena anda salah. Kejagung itu kan yudikatif, pemerintah itu eksekutif, dpr itu legislatif. Gimana nilai ilmu sosialnya gak 0 lagi kan?"
11,2022-05-30 23:31:58+00:00,"@tifsembiring Mon! Gak usah ajari rakyat dgn tipu daya kalian di DPR sono. Msh mending PKS bisa bersuara dikit buat rakyat meski gak digubris krn minoritas, gerindra bisa apa selama ini! Klo seorg anggota DPR mengambil kue yg menjadi hak why not. Timbul Tenggelam Bersama Rakyat mana! Bullshit"
12,2022-05-30 23:31:16+00:00,@energitodayID @pertamina @KemenBUMN Nggak hanya DPR masyarakat pun wajib untuk mendukung pembatasan penggunaan pertalite dari segi kriteria artinya pertalite hanya boleh digunakan oleh masyarakat berpenghasilan menengah ke bawah
13,2022-05-30 23:30:01+00:00,"@CNNIndonesia Korupsi ➡️ Koruptor = Kelakuan Baik ? ➡️ Selambatnya 2025 Polri Disatukan ke @kemendagri dan @kemenhub151 u/ tenaga non senjata dan ke TNI @Puspen_TNI dan BIN @binofficial_ri u/ tenaga yg dipersenjatai incl @BNPTRI ➡️ sbg Saveguard.
@DPR_RI @CSISIndonesia"
14,2022-05-30 23:27:06+00:00,"BNPT ajukan pinjaman luar negeri dan DPR setuju.
Wah bakal rame lagi ni ""tersangka teroris"" yg ditangkap atau ditembak mati.
https://t.co/dnYzP3KIuX"
15,2022-05-30 23:26:42+00:00,"""RUU tentang Narkotika harus memiliki daya getar terhadap bandar &amp; pengguna narkoba. Jangan hanya mengatur kewengan. Kl hanya datar-datar saja yg sebabkan penambahan APBN &amp; tdk signifikan kurangi peredaran narkoba, maka sia2 saja."" 

@DkiSantoso
Komisi 3
Fraksi @PDemokrat 
@DP_RI https://t.co/R6n8GUWffv"
16,2022-05-30 23:26:04+00:00,"Suami Ketua DPR Amerika Serikat Diduga Menyetir Kendaraan Sambil Mabuk
https://t.co/s1FjgxJvJS"
17,2022-05-30 23:24:10+00:00,"""Saat ini publik ramai pembahasan tentang LGBT. Meski pidana LGBT dlm RUU KUHP secara lengkap sudah diatur dalam pasal 469, tapi bukan dgn istilah LGBT. Hal ini menjadi concern. Saya mohon penjelasan Wamenkumham apakah ini sdh benar2 clear di publik.""

@hincapandjaitan https://t.co/VkdWtPYp7I"
18,2022-05-30 23:23:28+00:00,"@DjokedA Bagaimana Dengan.DPR.DAN MPR. Kenapa mereka diam.
Apakah mereka semua sudah bersekutu pada sebuah kebohongan"
19,2022-05-30 23:23:11+00:00,"Tuding PKS Ambil Kue Di DPR, Desmond Hati-Hati Bisa Dilaporkan Lho    https://t.co/dJ7Wow1tn2 #PKS #Oposisi #Survei"
20,2022-05-30 23:22:26+00:00,"""Kalau suara wakil tidak didengar, sama saja tidak mendengar &amp; mengabaikan suara rakyat. Sudah 2 atau 3 kali Puan matikan mic saat anggota dewan bicara, ini tak bisa dibiarkan &amp; jangan sampai terulang lagi ke depannya.""

@BambangPWTO
Anggota Komisi IV 
Fraksi @PDemokrat 
@DPR_RI https://t.co/Jb7PrwzI2F"
21,2022-05-30 23:22:21+00:00,"Pesimistis partai gelora bisa penuhi syarat dapat tiket ikut pemilu. Dimana boro-boro dpt kursi di DPR, unt dpt tiket ikut pemilu saja masih belum tentu. 😀"
22,2022-05-30 23:20:28+00:00,"""UU KUHP-lah yang memberikan sanksi pidana. Undang-Undang lain memberikan sanksinya lebih kepada sanksi administrasi atau perdatanya. Supaya tidak bertubrukan dengan misalnya pelanggaran hukum, ya (melalui UU) KUHP.""

Dede Yusuf
Wakil Ketua Komisi X, 
Fraksi @PDemokrat @DPR_RI https://t.co/wGwBvMnliu"
23,2022-05-30 23:19:44+00:00,"@adiiiinn Jawabannya mengurangi akalnya, daya pikir dan ingatanya alias DPR daya pikir rendah"
24,2022-05-30 23:18:37+00:00,"@MrsRachelIn Kayak gitu koq wakil rakyat katanya. Anggota DPR, duh memang partai nya kayaknya penuh dg sengketa dan Sengkuni kali ya."
25,2022-05-30 23:18:18+00:00,"""Mari kita doakan agar Kang @RidwanKamil sekeluarga diberi kesabaran dan tegar hadapi ujian ini. Semoga putra sulungnya diberi keselamatan &amp; berharap mukjizat agar Allah SWT menyelamatkan Eril (Emmiril Kahn Mumtadz)."" 

@Antonsuratto1 https://t.co/ZzJrmtZUGO"
26,2022-05-30 23:17:46+00:00,dpr gang gang tmj
27,2022-05-30 23:17:02+00:00,DPR berencana segera mengesahkan RUU KUHP tanpa pembahasan ulang pasal demi pasal dalam draf lama yang urung disahkan. Pasal-pasal bermasalah masih dipertahankan. https://t.co/ksmwxlcWmw #KoranTempo
28,2022-05-30 23:10:17+00:00,"BNPT Ajukan Pinjaman Luar Negeri US$160 Juta dan SBSN Rp290 Miliar, DPR Setuju https://t.co/MEFwKfl6gK"
29,2022-05-30 23:08:08+00:00,Kacau! Suami Ketua DPR AS Ditahan Polisi Gegara Nyetir Sambil Mabuk https://t.co/Wu9Bqf2jL5
30,2022-05-30 23:06:27+00:00,"@HabibMu50362599 @KPN Typo maksudnya @KPK_RI susah mantaunya, lebih mudah klo pemilihannya melalui @mprgoid / @DPR_RI"
31,2022-05-30 23:05:14+00:00,"@kompascom Kecelakaan bg negara? Politik memanipulasi Preman jadi legal. Politik dan Preman sama2 malak rakyat, yg satu dilindungi UU yg dibuat “DPR” sendiri kalau preman ilegal dan tdk diatur dlm UU krn tdk bisa membuat UU nya sendiri! Pemimpin tdk hrs pintar pokok menang yo opo coro ne?"
32,2022-05-30 23:02:46+00:00,@Jizel_dpr Pagi jugaa
33,2022-05-30 23:01:43+00:00,"@KomunitasKretek @jokowi @DPR_RI @KPPU @tvOneNews Maka, @KPPU harus proaktif investigasi prakting curang ini...."
34,2022-05-30 23:00:04+00:00,@Jizel_dpr pagiii
35,2022-05-30 22:59:52+00:00,@Jizel_dpr pagi
36,2022-05-30 22:59:47+00:00,@Jizel_dpr pagi
37,2022-05-30 22:57:56+00:00,"@democrazymedia Mbayarnya gimana? 
Emangnya BNPT tu perusahaan yg profit oriented kah? 
Atau mbayarnya dg cara ""barter"" nangkepin ""teroris2"" yaitu org2 yg dianggap ""vocal"" thd kebijakan2 rezim yg nyeleneh en merugikan rakyat banyak..?? 
DPR setuju??? Utk buat bagi2 antara DPR en BNPT bancakan??"
38,2022-05-30 22:55:20+00:00,"@Ganang_Asf @aldhiraaa @PallakaGO @CNNIndonesia Kalo 0% ga realistis jg krn akan terlalu banyak calon, idealnya spt yg diusulkan PKS PT sama spt ambang  batas parlemen 4%. Capres maksimal sebanyak 9 fraksi di DPR, jika masing² parpol mengajukan capres. Jika koalisi semakin sedikit capres, bisa 3-5 capres"
39,2022-05-30 22:44:42+00:00,"@_ekokuntadhi Tupoksi DPR bukan ngurusi UAS dan DPR gak bisa sembarangan bawa masalah dlm negeri ke PBB,trs novel bakmukmin itu apa kontribusinya PD NKRI kok berani banget merintah DPR RI ?"
40,2022-05-30 22:43:55+00:00,@energitodayID @pertamina @KemenBUMN Setuju dengan hal yang akan di lakukan oleh DPR dan pemerintah
41,2022-05-30 22:41:33+00:00,Buruh Tolak Keputusan RUU PPP yang Disahkan DPR pada Munas VIII di Yogyakarta https://t.co/pPqknXY0Kj
42,2022-05-30 22:40:05+00:00,Seorang anggota DPR RI diduga menampar pegawai restoran. Terduga pelaku penganiayaan sudah diperiksa polisi. https://t.co/HTEUi283IM
43,2022-05-30 22:38:06+00:00,"KL SUMPAH JABATAN MENGGUNAKAN KITAB SUCI SESUAI DGN AGAMA MASING2. &amp; di + LAGI UNDANG UNDANG TENTANG KORUPSI &amp; DISAHKAN OLEH MPR &amp; DPR RI, ISINYA BAHWA YG BERSANGKUTAN MELAKUKAN &amp; MELAKSANAKAN KORUPSI MK HRS DI PIDANAKAN SEBANYAK BANYAK 25 TAHUN ATAU SEUMUR HIDUP / HUKUMAN MATI."
44,2022-05-30 22:36:25+00:00,@SamadikunMinto @MrsRachelIn Dia lupa kalo bisa hidup mewah sbg anggota DPR karena rakyat yang telah  menjadikan dia lolos ke senayan..
45,2022-05-30 22:35:51+00:00,"@SautSipelebegu Anggota DPR kita sekarang Tuli, Buta dan Bisu.....  Jangan pilih mereka lagi !"
46,2022-05-30 22:34:26+00:00,"Cabut kewarganegaraan orang yang berniat makar atau merubah ideologi dasar negara NKRI - Tandatangani Petisi! https://t.co/g2TvMVz6OA via @ChangeOrg_ID 

Pemerintah/DPR/MPR harus berani membuat UU atau Tap MPR sama seperti pelarangan penyebaran ajaran Marxisme."
47,2022-05-30 22:33:48+00:00,Cc @KemenkesRI @jokowi @DPR_RI @puanmaharani_ri aduhhh ini maksudnya apa lagi wahai bapak ibu amrik buat buat lab gini. Mau jualan vaksin kah?
48,2022-05-30 22:30:43+00:00,"Susah amat naturalisasi nya !!

Negara paling ribet birokrasinya

@jokowi 
@KemensetnegRI 
@DPR_RI 
@PSSI https://t.co/4BTnrM2baK"
49,2022-05-30 22:28:03+00:00,"@geloraco Menurut saya gedung DPR dikawal yg TDK setuju 3 periode tapi menurut saya silahkan berapa periode dengan ketentuan setiap patahana yg perolehan suara 60 persen kebawah dianggap kalah
Horas bangso Batak horas horas horas"
50,2022-05-30 22:26:59+00:00,"Wakil Ketua Komisi VIII DPR RI Desak Kemenag Rinci Usulan Tambahan Operasional Haji Rp1,5 Triliun https://t.co/El1bF1pZKj"
51,2022-05-30 22:17:34+00:00,DPR berencana segera mengesahkan RUU KUHP tanpa pembahasan ulang pasal demi pasal dalam draf lama yang urung disahkan. Pasal-pasal bermasalah masih dipertahankan. https://t.co/AOKCB94iQd #KoranTempo
52,2022-05-30 22:15:29+00:00,"Ton jangan ngoceh dimedia aja,, eluh kan anggota dpr punya hak².. lobi dong partai² buat sidang istimewa... CABUT MANDATNYA.!!"
53,2022-05-30 22:15:16+00:00,@heepoety jasmine - dpr live
54,2022-05-30 22:07:15+00:00,"@nyonyakepiting @MafiaWasit @bintangemon @iriawan84 Serius amat nanggapin lawak ? Hidup anda terlalu berat tampaknya ? Namanya juga komedi, ya emang tempatnya orang becanda. Kalo ga kuat ga usah ditonton. Nonton aja rapat DPR atau pidato kenegaraan. 🤡"
55,2022-05-30 22:01:43+00:00,"gede juga sih bayarannya kalo nyalon dpr, sp tau dprnya mau wolfcut"
56,2022-05-30 21:52:03+00:00,dpr we gang gang
57,2022-05-30 21:51:20+00:00,pengen jadi dpr
58,2022-05-30 21:49:15+00:00,Anggota Komisi X DPR RI Berikan Bantuan Bagi Warga Terdampak Banjir di Lamongan https://t.co/yDF4FkFSXA
59,2022-05-30 21:42:47+00:00,"@ORakyat4 @Matahari_1912 @IiiZahrah @Boedoet12489730 @ISTANA_CLina10 @RFauzy5 @NayoanAngelyca @uusbustami @RadarKorupsi @Nong_Dewintha @LuNaEndelia @RizkiAsihan @agamlangsa @tegaxdirimu @hendri_donal65 @Dhanny76978950 @setgeldong @JangkrikLampung @yasenosa @bangozie18 @Muslihun_I @amuda_saiful @MurazzaA @RezimSampah @TsaniAnwar @SMujsin @GanisArfianiar @eddie_volkers @naimgoera @panglima_z @bi__sa @matta_2103 @me_kiea_ @CindyBexter @annourcharity @desita5769 @akunkeenam212 @Bob_eT3k3WeR @miss_Kadrun @by_blackangel @Lelaki_5uny1 @Pecel_Lele5678 @RumahGudeg @Srikandi_sunda @_Qirani__Ayara @Stevaniehuangg @DPR_RI @jokowi Lagi ""jualan"" itu,  lalu bernegosiasi.. 
Kini sdh dibeli dg memuja dan memujinya"
60,2022-05-30 21:40:33+00:00,@democrazymedia Alasan pejabat sekarang tidak logis/bermutu tapi dpr nya ya iyain aja..
61,2022-05-30 21:24:31+00:00,"Rapat Panja Asumsi Dasar Sektor ESDM Komisi VII DPR RI dengan Dirjen Migas, Kementerian Energi dan Sumber Daya Mineral pada Senin, 30 Mei 2022 di Ruang Rapat Komisi VII Gedung Nusantara I. https://t.co/J9EWCjOmlq"
62,2022-05-30 21:18:14+00:00,"@DPR_RI @kompolnas_ri pak Kapolri @ListyoSigitP Mantan napi Korupsi atau KORUPTOR AKBP Brotoseno tdk di pecat dari POLRI karena BERPRESTASI !
Ke 1 : prestasinya : KORUPSI ?
Ke 2 : Dipidana 5 tahun penjara ; tetap dianggap berprestasi ?
Dia yang pintar atau atasan nya yg Goblok ??"
63,2022-05-30 21:15:00+00:00,@sookittyz DPR Ian
64,2022-05-30 21:09:14+00:00,GKSB DPR Utamakan Diplomasi Parlemen Dukung Pembebasan Palestina https://t.co/9dh7Yyyv35
65,2022-05-30 21:04:05+00:00,Delegasi DPR RI Bertemu Pimpinan Parlemen Palestina https://t.co/PNMU4ZxH38
66,2022-05-30 21:00:03+00:00,"Ketua DPR RI Puan Maharani dipuji karena dinilai tidak ikut-ikutan menggunakan konten receh di akun media sosialnya, sebagaimana dilakukan para pejabat publik l #PuanMaharani https://t.co/xaxegs54gC"
67,2022-05-30 20:54:53+00:00,Bisa teriak teriak dah ini kalau masih ada kopi lewat timeline. Gak sopan lu pada.
68,2022-05-30 20:53:20+00:00,@TAERIYAKll @cerrxi Ingat 5 perkara
69,2022-05-30 20:51:29+00:00,Dream job gua kayaknya jadi staff hogwarts
70,2022-05-30 20:49:09+00:00,@ian__dpr @cerrxi Saatnya gue tidur lagi klo si dajjal udah salam
71,2022-05-30 20:46:26+00:00,@urnctaeyong @SoyoUwuu @hxuxi__ @skzhanjji @marcellaisne @dpr_yian @jaehyunjvng_ @nattachaaii @yoxkarinah @yongqinwayv @soujungz @WJSeolaria @jenoucer @jijeIx Tiba² dm tebak²an
72,2022-05-30 20:35:57+00:00,@Zombie_9Q @Nicho_Silalahi @DPR_RI @puanmaharani_ri 😀💫  Bakar gorden nyamukpun lari ☝️
73,2022-05-30 20:34:16+00:00,@Viviane_DPR Merci ahah
74,2022-05-30 20:33:48+00:00,@OposisiCerdas Cari panggung di DPR cari solusi utk maslah2 rakyat
75,2022-05-30 20:33:03+00:00,dpr live can 1v1 him
76,2022-05-30 20:32:19+00:00,"@Bavris @ListyoSigitP @DivHumas_Polri @yanmas_reskrim @CCICPolri @mohmahfudmd @jokowi Mau tdk mau hrs bertangan besi, Om. Berani ambil resiko. Tp hrs berbenturan dg UU. Mirisnya, yg membuat UU (anggota DPR), terkesan melindungi gerakan ini"
77,2022-05-30 20:30:32+00:00,"@CasperBeWin1 @Nicho_Silalahi @DPR_RI @puanmaharani_ri Bukan om, gara2 sibuk konsen nyetrum nyamuk...🤣"
78,2022-05-30 20:28:43+00:00,@Zombie_9Q @Nicho_Silalahi @DPR_RI @puanmaharani_ri Efek ngantuk 😀
79,2022-05-30 20:25:49+00:00,Dana untuk di korupsi kurang…. Mintalah ke DPR… yuuuk makan bareng …
80,2022-05-30 20:23:12+00:00,"@Nicho_Silalahi @CasperBeWin1 @DPR_RI @puanmaharani_ri Dah terlanjur like, mau gak mau unlike lagi gara-gara baca isi tweet ini...🤣🤣🤣"
81,2022-05-30 20:23:00+00:00,"Alokasi tersebut termasuk di dalam total anggaran penyelenggaraan Pemilu 2024 yang telah disepakati dengan DPR dalam rapat konsinyering sebesar Rp 76,6 triliun. * #Nasional

https://t.co/pPLQc8XYGj"
82,2022-05-30 20:18:40+00:00,dpr we gang gang
83,2022-05-30 20:17:02+00:00,"@UpdateBolabola Setelah DPR, Ke dukcapil, terus kekecamatan, kelurahan, RT RW. Jangan lupa bawa fc ktp, surat keterangan domisili dr daerah lama dan pengantar dr rt baru. Tanda tangan pak RW, kelurahan, camat. 😁😁"
84,2022-05-30 20:10:18+00:00,@democrazymedia DPR masih belum berubah dan banyak masalah.
85,2022-05-30 19:49:32+00:00,Mo bobo abis stalk dpr live xixixi -_-
86,2022-05-30 19:38:32+00:00,@siinungdn fix jd dpr ni
87,2022-05-30 19:31:36+00:00,"@hanybunch btob!! but other than btob, teringin nak try pergi  concert khiphop 🤧 perhaps boleh invite dpr gang or or aomg gang ke uhuks"
88,2022-05-30 19:29:04+00:00,Indonesia finis tiga besar SEA Games 2021. Komisi X DPR RI memuji keberhasilan Menteri Pemuda dan Olahraga Zainudin Amali dalam penerapan DBON. https://t.co/9PqBkuBYmB
89,2022-05-30 19:29:03+00:00,Indonesia finis tiga besar SEA Games 2021. Komisi X DPR RI memuji keberhasilan Menteri Pemuda dan Olahraga Zainudin Amali dalam penerapan DBON. https://t.co/IHsu21hKRh
90,2022-05-30 19:16:04+00:00,"@EfPelawi @__Sridiana_3va Yg salah DPR MPR,vgmn screening nya..."
91,2022-05-30 19:10:26+00:00,"@RalteTanpuii Dpr etc te an approve leh sign te alo ngai ve thin a, ""mizo leh mizo inhriatthiamna"" tih vel angle a thil tihtir theih an duh vang mai mai alom. Strict zet, politicians poh hlau vaklo kan mamawh."
92,2022-05-30 19:09:45+00:00,Komisi VIII DPR RI Minta Temuan ICW Soal Dana Pesantren Disunat Oknum Parpol Diusut https://t.co/5VqbF90e91 https://t.co/ATLBBHUYg1
93,2022-05-30 19:09:15+00:00,"Ketua DPR Amerika Serikat Bungkam! Suaminya Ditangkap Polisi , Tapi Bebas Setelah Bayar Uang Jaminan #PaulPelosi #NancyPelosi #drunk Rooney Liverpool Nangis Livy #lokercot 

https://t.co/TXmEe1gbKa"
94,2022-05-30 19:08:46+00:00,Retaknya Hubungan Jokowi dengan Megawati Bisa Berimbas DPR Impeachment Presiden? https://t.co/bCx5cowNWu
95,2022-05-30 19:00:52+00:00,@ProfylHenuk @BennyHarmanID @Kepolisian_RI @ListyoSigitP @PolriBareskrim @poldantt @DPR_RI Minimal saudara2 di NTT sudah tau kelakuan preman PD
96,2022-05-30 18:56:46+00:00,@democrazymedia DPR mah setuju2 aja asal ada anu.. ngertilaah..
97,2022-05-30 18:49:33+00:00,"KPU Yakin Anggaran Pemilu 2024 Rp76,6 Triliun Akan Disetujui DPR https://t.co/vAbMpBahmF"
98,2022-05-30 18:46:04+00:00,"@Syarman59 @BennyHarmanID @PDemokrat @DPR_RI @poldantt @DivHumas_Polri Namanya proses hukum itu ya satu-satu, kalau laporan pertama sudah selesai baru dilanjut laporan kedua. Selesaikan dulu kasus yang pertama baru bisa laporan balik."
99,2022-05-30 18:45:24+00:00,@Viviane_DPR Bonk
100,2022-05-30 18:37:48+00:00,"@Dharma_tc @MossadNKRI @jokowi @KSPgoid @Dr_Moeldoko @BPIPRI @BSSN_RI @DivHumas_Polri @ListyoSigitP @PolhukamRI @tni_ad @DPR_RI @PDI_Perjuangan Sayang wilayah Maluku Utara ga ada 
Klu ada saya ajak diskusi terbuka ttg khilafah
Khilafah produk gagal yg di paksakan"
101,2022-05-30 18:37:39+00:00,"@habiburokhman Sebagai Pejabat Publik, apalagi Anggota DPR RI yg di pilih Langsung Rakyatx dan di Gaji dri Uang Rakyat. ETIKAx AROGAN dng Rakyat. MKD harus Tegas... biar ad efek jera."
102,2022-05-30 18:32:52+00:00,"@Ra_02Apr Support km yg ingin jd ketua DPR, amin"
103,2022-05-30 18:28:59+00:00,"@Dicky_Arisandhy @BennyHarmanID Apakah bisa diartikan fungsi MKD melindungi anggota dewan @DPR_RI , mohon pencerahannya🙏"
104,2022-05-30 18:24:24+00:00,@Bangsa99663550 DPR lah yg bayar
105,2022-05-30 18:19:17+00:00,@BrgtRJ @maev_shadowsong @fafa8fauziah @GeiszChalifah Salah kamu.. yg milih KPU tu DPR.. DPR dikuasai siapa pada saat itu?
106,2022-05-30 18:18:57+00:00,Jangan Pilih Ketua DPR Tersangkut Korupsi. Berikut ini Setya Novanto Korupsi Baca selengkapnya. https://t.co/sZ20eGH9m5
107,2022-05-30 18:14:21+00:00,"SELAMAT HARI LAHIR PANCASILA 
1 JUNI 1945 - 1 JUNI 2022 @ DPR RI https://t.co/Vdmt0cJiLG"
108,2022-05-30 18:12:33+00:00,@petanirumah Bang kalo cara basmi tikus2 di gedung DPR gimana bang??
109,2022-05-30 18:11:40+00:00,@SimbokDharmi @jokowi @Puspen_TNI @DPR_RI @mprgoid Penuh permainan.Rahasia umum yg tidak rahasia lagi.Sangat sulit di ungkap &amp; dibuktikan.Karena mereka bermain dgn atas nama sesuai prosedur.Memuakkan.Njijik tau
110,2022-05-30 18:11:38+00:00,"@rofiudinmtaufiq @jokowi @DPR_RI @KPPU @tvOneNews Mencurigakan memang, kl bole dikata itu ngakali cukai. Main di standarisasi. Yg pasti, sudahlah layer cukan makin ramping, citra otentik lokal diakali asing. Keberpihakan pemerintah pada pabrikan kecil belum total. Kl ga mau dikata minim.

#TerimakasihKretek"
111,2022-05-30 18:01:09+00:00,"Cek Artikel kami dengan Judul : Proyek Kontroversi Pengadaan Gorden DPR, Tak Menimbang Keprihatinan Kondisi Ekonomi Rakyat https://t.co/RljKy6LA2R . Semoga Allah memberikan keberkahan untuk kita semua. https://t.co/zFWuhmhJbI"
112,2022-05-30 17:57:43+00:00,@Halaman1Google_ @Kimi58486332 @Louis_chantika @DPR_RI @fadlizon @jokowi @ListyoSigitP Kamu kadrun pekok juga ngotot terus hahahahaha
113,2022-05-30 17:55:54+00:00,"@Alamsyahsaragih @RasamalaArt @alvinlie21 @OmbudsmanRI137 1) Ketua Panita/Pelaksana Formula E bertanggung-jawab ke Gub DKI, 2) Gub DKI bertanggung-jawab ke DPRD DKI, 3) A Sahroni adalah Wakil Ketua Komisi III DPR RI (bukan anggota DPRD DKI). Secara aturan tata negara, gak ada relevansinya DPR RI memanggil Ketua Panitia Formula E."
114,2022-05-30 17:52:42+00:00,Dpr we gang gang
115,2022-05-30 17:49:53+00:00,"@DPR_RI @WartaEkonomi masih percaya roy suryo?? Kalau tentang video sekian detik, boleh lah.😀😀. &gt; https://t.co/0DaEWSKYIh"
116,2022-05-30 17:43:04+00:00,"BNPT Ajukan Pinjaman Luar Negeri US$160 Juta dan SBSN Rp 290 Miliar, DPR Setuju

Yang bayar siapa ? 
Untuk apa ?.
Perusahaankah ?.
DPR ? 
https://t.co/fH2sJDS58T"
117,2022-05-30 17:40:51+00:00,@LukmanRudianto @Kimi58486332 @Louis_chantika @DPR_RI @fadlizon @jokowi @ListyoSigitP Si Otak bloon masih ngotot ajah 🤣
118,2022-05-30 17:40:01+00:00,"Rapat Bahas Tahapan dan Anggaran Pemilu 2024 dengan Komisi II DPR Batal, Ini Kata KPU https://t.co/cLenxobl8b"
119,2022-05-30 17:37:32+00:00,RDP KPU-DPR Digelar Usai Pertemuan dengan Pimpinan DPR https://t.co/Yly4opcLVq
120,2022-05-30 17:33:14+00:00,@Indo_NottForest @NFFC halo min aku fans Notthing ham forest sejak belum pernah dpr ucl 👍😊
121,2022-05-30 17:31:03+00:00,Parah nie anggota @DPR_RI
122,2022-05-30 17:28:54+00:00,Retaknya Hubungan antara Jokowi dan Megawati dapat Berimbas DPR Impichment Presiden? https://t.co/i3tTnGp8uM
123,2022-05-30 17:28:43+00:00,@elkrova @AgusYudhoyono @FPKSDPRRI @FPD_DPR @FraksiPKB @Fraksi_Gerindra @Fraksi_PAN @FraksiPPPDPRRI Belinya partai... dijualnya eceran
124,2022-05-30 17:27:24+00:00,@kinda_yarss @convomf ada aja buan DPR
125,2022-05-30 17:27:22+00:00,"@ridwankamil Semangat yah panutanku, kami mendoakan semoga ditemukan dan Allah mengabulkan harapan kita semua, amin"
126,2022-05-30 17:25:21+00:00,@ArisWila @ArulArulArulA11 @ListyoSigitP @jokowi @DPR_RI @mohmahfudmd @prabowo @DivHumas_Polri @Puspen_TNI @hariankompas @Dennysiregar7 @_ekokuntadhi @SimbokeSarah @franciscowillki @dehadaud @PakwieTopan @AzulZulian @Opowaelahkeno77 @AbuNawa48105494 Sudah di tangani polisi
127,2022-05-30 17:23:51+00:00,"Ada Tambahan Biaya Haji Rp1,4 Triliun, DPR: Perlu Konsolidasi Lanjutan ​​​​​​​ - https://t.co/iFxK4ihgzc 

#IDCORNER"
128,2022-05-30 17:23:17+00:00,Ketua DPR PUan Maharani Dukung Subsidi Rp350 triliun yang Difokuskan untuk Subsidi Pertalite dan Listrik https://t.co/T8Ah26Ycwe Puan Peduli Wong Cilik
129,2022-05-30 17:20:58+00:00,"SELAMAT HARI LAHIRNYA PANCASILA 
1 JUNI 1945 - 1 JUNI 2022 @ DPR RI https://t.co/vKpfFJFbSK"
130,2022-05-30 17:20:51+00:00,Mamlaka ya DPR ilithibitisha kuwa vikosi vya urusi vilichukua jimbo la Staryi Karavan na Dibrova Kaskazini-Mashariki mwa Sloyansk. Pia urusi wamefanikiwa kufika Mto Siversky Donets (katika bluu) kuelekea Raihorodok. https://t.co/8lFxhPzbNc
131,2022-05-30 17:19:15+00:00,@ProfylHenuk @BennyHarmanID @PartaiDemokrat @AgusYudhoyono @DPR_RI Emangnya berani polisi usut ? 😀😀Dewan terhormat yg katanya punya hak imunitas...😀
132,2022-05-30 17:19:10+00:00,"8 Fraksi Setuju RUU Provinsi Papua Barat Daya jadi Usulan Inisiatif DPR

#PapuanLivesMatter 
#Papua 
https://t.co/MhokszyD73"
133,2022-05-30 17:17:16+00:00,"@ceknov11 @voidotid tapi kenapa baru digagalin di tes hampir akhir ya? kan tes buta warna itu paling awal, seharusnya kalau emang buta warna, tes kesehatan awal (tes pertama) ga bakal lolos"
134,2022-05-30 17:17:12+00:00,@loonamart hyunjin dpr
135,2022-05-30 17:16:18+00:00,dpr we gang gang
136,2022-05-30 17:14:06+00:00,Retaknya Hubungan antara Jokowi dan Megawati dapat Berimbas DPR Impichment Presiden? https://t.co/mep90IoGPf
137,2022-05-30 17:13:40+00:00,dpr live
138,2022-05-30 17:12:10+00:00,DPR WE GANG GANG
139,2022-05-30 17:12:10+00:00,"@AdhieMassardi 🤣
Otak para bajingan,menebar PROVOKASI jahat yg menjijikan !

Pak Jokowi bukan ketua  partai 
Yg mencalonkan anak &amp; mantunya partai politik 
Yg memilih rakyat 

Jauh sebelum menikahi adik kandung nya , beliua sudah jadi hakim MK 
&amp; yg memilih DPR 

Otak loe WARAS @AdhieMassardi"
140,2022-05-30 17:10:35+00:00,"Festival Kopi Tanah Air di Lapangan Parkir Timur, Senayan, Gelora Bung Karno dibuka Ketua @DPR_RI @puanmaharani_ri 

#PDIPerjuangan
#BKNPDIPerjuangan
#49TahunPDIPerjuangan
#BantengTanahAir
#festivalkopitanahair https://t.co/XpzsNQHxx6"
141,2022-05-30 17:09:59+00:00,DPR LIVEEEEEEEEEEE
142,2022-05-30 17:09:02+00:00,"3 Juni 2022
Siap mobilisasi masa,untuk turun jln dan menuntut DPR dan pemerintah:
1.Cabut Otsus Jilid 2
2.Tolak DOB,dan
3.Gelar Referebdum di Papua Barat. https://t.co/xkzcKTUg8k"
143,2022-05-30 17:08:57+00:00,@TobiAyodele DPR photo showing Pushilin endorsement of nazis https://t.co/LA5HEknmcG
144,2022-05-30 17:02:47+00:00,"@Fahrihamzah Ya itulah yang telah Abang lakukan selama jadi anggota DPR,,
Terimakasih  sudah membuka kelakuan Abang selama ini,,,,
Kami rakyat bawah udah tahu dari dulu kalo partai cuma bagi bagi kue kekuasaan kok Abang baru sadar 😚"
145,2022-05-30 17:00:48+00:00,"Tak hanya kader saja yang belanja di pasar rakyat MILAD PKS KE 20, tapi Dewan DPR pun ikut memborong dagangan para peserta bazar 
@pksdigitalrace 
#Milad20PKS #pkstangsel https://t.co/HP2xCejad2"
146,2022-05-30 17:00:02+00:00,"@kangen691 @Fahrihamzah @mprgoid @DPR_RI @DPDRI Sangat setuju. Untuk penghematan apbn. Dgn membuat sedikit wakil rakyat tsb, juga menghemat uang negara. Berlakukan segera UU koruptor yg membuat ngeri pelakunya. Hukuman mati/ seumur hidup tanpa remisi, serta merampas semua hartanya sesuai jumlah kerugian negara.
@DPR_RI !!!!"
147,2022-05-30 16:58:51+00:00,@RT_com By nazi DPR? https://t.co/aXjq3fmGRA
148,2022-05-30 16:58:51+00:00,@eaJPark gimana kalo konser di indonesia nya barengan aja sama dpr? Duh pasti pecah bgt sih gila
149,2022-05-30 16:57:49+00:00,"@Cantika82104633 DPR terkaget kaget ...
KPK ciam cium endas endus ....
Polisi mesam mesem.....
BPK WTP .....
What's going on guys...."
150,2022-05-30 16:56:37+00:00,DPR Ian main ke legoland 🫠 https://t.co/ILGuMU4j5W
151,2022-05-30 16:56:09+00:00,@BukanKaumMuna @Fahrihamzah @mprgoid @DPR_RI @DPDRI Negara gak usah mendanai parpol. Parpol udah punya uang dari setoran para kadernya.
152,2022-05-30 16:56:06+00:00,Sekjen Lepas Masa Purna Bhakti Tiga PNS DPR RI https://t.co/GiMVVOSoiN
153,2022-05-30 16:56:02+00:00,"Saat ditanya mengenai insiden memalukan tersebut, juru bicara ketua DPR menegaksan tidak akan ada komentar soal masalah pribadi yang terjadi #suamiketuadpr https://t.co/WwWR28c8E9"
154,2022-05-30 16:52:52+00:00,@Lady_Zeebo Makanya klo pilih anggota DPR MPR atau DPRD. Itu harus hati hati klo apalagi pemilihan gubernur harus ekstra hati-hati.  Salam waras.
155,2022-05-30 16:51:34+00:00,DPR LIVE SHEESHH
156,2022-05-30 16:51:04+00:00,@KhhFess awalnua denger playlist this is dpr di spoty trs merembet ke bigna trs jdi pgn menyelam lg deh wkwkwk
157,2022-05-30 16:48:11+00:00,"@collegemenfess Aku rapat bendino tiap menit, ngalahi DPR .. gak onok sing nggoleki soale nggak ndue ayang :)) paling ibukku nek tlpn mesti pas aku rapat, sampe apal nk tlpn mesti ditanya “lagi rapat nduk?” :)"
158,2022-05-30 16:48:02+00:00,GKSB DPR Utamakan Diplomasi Parlemen dalam Upaya Pembebasan Palestina https://t.co/QztcxARU9L
159,2022-05-30 16:46:57+00:00,Rapat Pembahasan Peraturan KPU di DPR Kembali Tertunda https://t.co/fYlxrb5sgg
160,2022-05-30 16:46:54+00:00,Rapat Pembahasan Peraturan KPU di DPR Kembali Tertunda https://t.co/nLAhDbT7rm
161,2022-05-30 16:45:47+00:00,"@KhhFess Lagunya dpr live yang to myself, gara2 fyp w penuh videonya Live waktu perform to myself pake kaos abu kalo ga salah"
162,2022-05-30 16:45:38+00:00,"@detikcom Harusnya saling crosscheck..media cetak saja sebelum di cetak melalui beberapa review dan revisi. 
Ini sekelas UU yang menyangkut hajat hidup.orang banyak..

@DPR_RI"
163,2022-05-30 16:43:17+00:00,DPR berani nolak atau tidak setuju atas permintaan yakult tsb?
164,2022-05-30 16:42:51+00:00,"@VIVAcoid @antikorupsi @sahabatICW @DPR_RI @KPK_RI 

Hayooooo....jangan mingkem,,kecuali kebagian KUE NYA"
165,2022-05-30 16:42:30+00:00,"@Fahrihamzah Kenapa tidak dibuat simple aja wakil rakyat yg ada. Gk perlu ada @mprgoid @DPR_RI @DPDRI dan DPRD. Cukuplah suara rakyat tsb diwakilkan oleh 1 lembaga legislator, yg mewakili daerahnya masing². Dan mereka juga lah yg mewakili suara rakyatnya di pusat. Apakah itu mungkin ??"
166,2022-05-30 16:42:13+00:00,Nyalon dpr 😭 ngakak anjir
167,2022-05-30 16:41:34+00:00,DPR Minta Kemenag Rinci Usulan Tambahan Operasional Haji Rp1 5 Triliun https://t.co/tuh4u0omuA
168,2022-05-30 16:38:59+00:00,ini gw bisa ngarep mv nya di produksi dpr egk
169,2022-05-30 16:36:40+00:00,"@dpr_yian Sama sama oppa!
Btw avanya unyu banget. 🤩"
170,2022-05-30 16:35:56+00:00,"@SantorinisSun @Agungbs81 Sape bilang di tolak negara, buktinya ada tuh bise diliat mata telanjang yee @DivHumas_Polri @Puspen_TNI @KejaksaanRI @DPR_RI @Kiyai_MarufAmin @mohmahfudmd"
171,2022-05-30 16:34:33+00:00,"@SantorinisSun Ini sii gila namnya ya @DivHumas_Polri @Puspen_TNI @mohmahfudmd @Kiyai_MarufAmin @KejaksaanRI klo sampe gak ada yg bertindak, mau taro dimana harga diri bangsa, malu ntr ama rakyat yg katanya di wakilin @DPR_RI 😅😅😅😅😅😅😅😅😅😅😅😅"
172,2022-05-30 16:33:58+00:00,"Polemik Penjabat Berlarut, DPR Minta Pemerintah Segera Buat Peraturan Pelaksana
https://t.co/Mkp2wUF014 
 
@perludem"
173,2022-05-30 16:30:00+00:00,"Bikin Malu, Suami Ketua DPR AS Ditahan Gegara Nyetir Sambil Mabuk
https://t.co/kCBFSLa1WY"
174,2022-05-30 16:28:51+00:00,@psilyoondowoon @flowingra Dpr vs jendral. Kaya kenal
175,2022-05-30 16:28:10+00:00,"@geloraco Basa basi sama kek Abu abu Sok Oposisi tapi keputusan Pemerintah mereka setuju semua kq di DPR,
Cuma Fansnya doang yang dongo,"
176,2022-05-30 16:27:40+00:00,@urnctaeyong @SoyoUwuu @hxuxi__ @skzhanjji @marcellaisne @dpr_yian @jaehyunjvng_ @nattachaaii @yoxkarinah @yongqinwayv @soujungz @WJSeolaria @jijeIx @Junhuwei doyan ngebalesin mt satu satu meski showmore 10 kali
177,2022-05-30 16:26:22+00:00,Wajarlah...ngaji kan keahliannya ahlaknya gak tau..sama lah anggota DPR aja yg pinter kelakuannya gak tau...hobi nonton bokep juga
178,2022-05-30 16:26:03+00:00,"@AquaReqia @Saham_fess DPR nya kan 100% kalp PTBA...
DY nya mungkin yah maksudnya yang 15% ?"
179,2022-05-30 16:23:11+00:00,"@detikcom Presiden bersama DPR bersekongkol, udah buta"
180,2022-05-30 16:22:38+00:00,Retaknya Hubungan Jokowi dengan Megawati Bisa Berimbas DPR Impichment Presiden? https://t.co/TYnOwRp8uJ
181,2022-05-30 16:20:51+00:00,@KhhFess Yerin sama dpr ian sih
182,2022-05-30 16:20:29+00:00,Baleg: DPR dan Pemerintah Sangat Cinta Papua Barat https://t.co/5i79lUXZnz
183,2022-05-30 16:20:12+00:00,"1. cuma satu
2. dpr ian
3. maret? 
4. gak ada
5. yeri/ryujin
6. @jjieselle 
7. [ pict ]
8. INI SIH PEN GW AJAK RIBUT @alealdriann 
9. @ presitden
10. [ pict ]
11. DRINK🥂
12. day6 musisi bukan si😭
13. kak jeno☝🏻 https://t.co/cExfKZ9RJ4"
184,2022-05-30 16:15:40+00:00,"Besok, Komisi III DPRD Parepare Gelar RDP Soal Bongkar Muat Batu Bara https://t.co/pHSlS7eTLZ 

@DPR_RI 

#BreakingNews #NEWS"
185,2022-05-30 16:13:47+00:00,IBLIS HUNGKUL CEUK AING GE @DPR_RI
186,2022-05-30 16:12:16+00:00,@VIVAcoid Anggota @DPR_RI RAMPOG MULU...
187,2022-05-30 16:11:56+00:00,Seneng bgt sm endingnya. Yah wlaupun msh ga terima sih cho tae sub mati begitu aja tnpa ngejalanin hukuman apapun. Tp smoga dpr hukuman yg lebih berat di alam baka
188,2022-05-30 16:11:51+00:00,@beni_sulthana Calon KETUA DPR ishh 😁
189,2022-05-30 16:11:12+00:00,"@VIVAcoid @PKSejahtera @FPKSDPRRI @hnurwahid @MardaniAliSera @tifsembiring 
Ada yg bisa klarifikasi ucapan anggota @DPR_RI dr @Gerindra @Fraksi_Gerindra #desmonJMahesa ??

@DPR_RI 
@KPK_RI 
@geloraco 
@CNNIndonesia 
@kompascom 
@tvOneNews 
@mediaindonesia https://t.co/kuHNKo2IU9"
190,2022-05-30 16:07:28+00:00,"Setuju, di DPR banyak tikus soalnya.
😂😂 https://t.co/EdFzDmSfqr"
191,2022-05-30 16:03:43+00:00,@moonareas menurut gue sih yang tidak dapat saya sampaikan kepada pengurus dan anggota DPR yang sering digunakan oleh para pemenang lomba foto dan biodata Yogi Finanda sih
192,2022-05-30 16:03:01+00:00,@uradn @MafiaWasit @bintangemon @iriawan84 yg anggota dpr kalo bolos di gesperin
193,2022-05-30 16:01:00+00:00,@osacendol @ohiniajengkedua jgn hina dpr
194,2022-05-30 16:00:16+00:00,"Sy mau nanya nich, emangnya DPR itu bukan termasuk lembaga pmerintahan, gitu?"
195,2022-05-30 15:57:59+00:00,"@tempodotco Audit saja, termasuk anggota DPR ini juga."
196,2022-05-30 15:56:13+00:00,Suara gue abis sedangkan besok mau wawancara anggota dpr krisdayanti raul lemos gmn dong
197,2022-05-30 15:51:45+00:00,"@geloraco Nah loh @PKSejahtera @hnurwahid @MardaniAliSera @tifsembiring @FPKSDPRRI ada yg bisa klarifikasi gak tuh yg di ucap DESMON J MAHESA dr @Gerindra @Fraksi_Gerindra 

@DPR_RI 
@KPK_RI

semua anggota @DPR_RI BANGSAT JUGA YA SEMUA..PADA MAKAN KUE PARLEMEN.

@CNNIndonesia 
@geloraco https://t.co/Ke3SoLAGJe"
198,2022-05-30 15:51:20+00:00,@KhhFess dpr ian - scaredy cat
199,2022-05-30 15:51:18+00:00,"Dikatakan LaNyalla, saat ini arah perjalanan bangsa juga ditentukan oleh partai politik melalui DPR RI sebagai pembentuk undang-undang. Sehingga, beberapa undang-undang lahir meskipun mendapat protes keras dari masyarakat. #LaNyalla"
200,2022-05-30 15:51:17+00:00,"Menurut LaNyalla, rakyat sebagai pemilik kedaulatan negara, tidak memiliki saluran yang cukup untuk menentukan arah perjalanan bangsa. Sebab, sejak amandemen konstitusi pada tahun 1999 hingga 2002 silam, parpol &amp; DPR RI menjadi satu²nya penentu arah perjalanan bangsa. #LaNyalla"
201,2022-05-30 15:51:05+00:00,@democrazymedia Semoga anggota DPR bukan sekedar pura2 kaget. Ingat! NERAKA 🔥 SUDAH MENANTI bagi pejabat yg dusta dan mempermainkan amanah rakyat.
202,2022-05-30 15:49:05+00:00,"@KhhFess lupa dah, gegara pas itu fyp gue isinya dpr we gang gang semua keknya"
203,2022-05-30 15:48:03+00:00,"Menyetir Sambil Mabuk, Suami Ketua DPR AS Ditahan https://t.co/cbQkFKWeeg"
204,2022-05-30 15:48:02+00:00,DPR Soroti Kapasitas SDM Desa https://t.co/KVnJ3iGZ3p
205,2022-05-30 15:47:48+00:00,"MK menyatakan UU Cipta Kerja inkonstitusional bersyarat, salah satunya karena banyak salah ketik. DPR kemudian melegalkan salah ketik itu lewat UU PPP. https://t.co/XubwQcYkK4"
206,2022-05-30 15:47:06+00:00,"Anggota DPR RI Yessy Melania Salurkan 1 Juta Bibit Ikan di Dapil II Kalbar, Sanggau Terima 250 Ribu https://t.co/fnnvXM549l"
207,2022-05-30 15:47:01+00:00,Komisi IX DPR menyerap aspirasi soal nasib nakes honorer dan PLKB Non-PNS melalui sejumlah organisasi profesi. #Nakeshonorer https://t.co/z8rgFkHRPh
208,2022-05-30 15:46:05+00:00,"DPR Rapat Tertutup dengan Pertamina Soal Harga Minyak, Apa Hasilnya? https://t.co/w5Fr7xpcxN #TempoBisnis"
209,2022-05-30 15:44:24+00:00,@zachsang Dpr live &amp; ian 🧍‍♀️
210,2022-05-30 15:44:13+00:00,"Lembaga naon?

Tau ga syarat jadi Gubernur, anggota DPR dkk itu cuma lulusa SMA?

Tau ga syarat jadi Tenaga Ahli (pembantu) mereka adalah lulusan S2 dengan IPK yang wuahhhhhh?"
211,2022-05-30 15:43:27+00:00,"@yaniarsim @DPR_RI @puanmaharani_ri dibom duit,mata melotot ya"
212,2022-05-30 15:43:00+00:00,"@alextham878 Muka tembok, gak tau malu.....saya ingin sekali menampar balik muka si anggota dpr sombong itu😡😡"
213,2022-05-30 15:40:59+00:00,DPR LIVE                         DPR CLINE https://t.co/kkmXTgXfR5
214,2022-05-30 15:40:26+00:00,@Rizal_Opposite Dasar Otak TUmpul SUNSANG DUNGU BIN TOLOLI..@DPR_RI @jokowi @KSPgoid
215,2022-05-30 15:39:54+00:00,"@OnthaBahlul @Hendra27122013 @Roni_ASC Namanya juga orang kampung
buru jadi anggota dpr songong 🐪🐫🐪🐫🐪🐫🦇🙃😎"
216,2022-05-30 15:39:13+00:00,"@emihsan99 Bicara naikan anggaran jg kembali penetapan undang-undang APBN jg hrs mll persetujuan DPR RI,"
217,2022-05-30 15:37:25+00:00,@dervianty Gedung DPR??🫣
218,2022-05-30 15:36:51+00:00,"@Gerindra @jongsus123 @CNNIndonesia Ngaco lu min, belajar dimana?
Pantesan aja DPR jadi stempel pemerintah, pola pikir Alegnya kayak gini... hehehe"
219,2022-05-30 15:36:42+00:00,"https://t.co/1sk0vGJfFU
Sudah tahu belum. Perguruan tinggi swasta dikenai PBB. 
Komisi X DPR RI minta dicabut.
PTS kecil susah hidup lho Pak. 
#stiemandala
#jember
#"
220,2022-05-30 15:35:50+00:00,"Milad PKS ke 20 bertambah special ketika guru kami mendapatkan anugerah award sebagai anggota DPR RI inspiratif
Doa kami selalu tercurah untuk beliau untuk kesehatan yang paripurna,  Indonesia masih butuh orang baik seperti beliau.
@pksdigitalrace 
#Milad20PKS 
#pkstangsel https://t.co/6sODsD9gzY"
221,2022-05-30 15:35:11+00:00,"@CoachJustinL @YouTube justru saya heran coach bilang MU akan bangkit musim depan ,ibarat kyk denger orang bule puji-puji anggota DPR kita. 
maaf coach tapi kalau saya bilang coach terlalu lancang meremehkan potensi lawak MU ,padahal kami fans MU tidak pernah sekalipun meremehkan potensi lawak arsenal"
222,2022-05-30 15:34:15+00:00,@geloraco Gaji DPR kenapa banyak tunjanganya ?
223,2022-05-30 15:34:11+00:00,info cowo yang playlistnya The 1975/ CAS/SID/DPR IAN selain di dorm bujang nct dimana ya? ☺️
224,2022-05-30 15:33:51+00:00,"@KhhFess Offonoff - photograph, ini tuh awalnya denger playlist di youtube. Terus jadi sering dapet rekomendasi krnb sama khh deh, tapi yang bikin nyemplung banget dpr live"
225,2022-05-30 15:33:33+00:00,@ArisWila @ArulArulArulA11 @ListyoSigitP @jokowi @DPR_RI @mohmahfudmd @prabowo @DivHumas_Polri @Puspen_TNI @hariankompas @Dennysiregar7 @_ekokuntadhi @SimbokeSarah @franciscowillki @dehadaud @PakwieTopan @AzulZulian @FeroS62733512 @Opowaelahkeno77 @AbuNawa48105494 Viralin trs jngn smpi kendor
226,2022-05-30 15:33:17+00:00,@sandi_wahyudi @PNS_Ababil Kalau bisa DPR juga lah.. Banyak banget tunjangan nya
227,2022-05-30 15:30:11+00:00,"@ArisWila @ArulArulArulA11 @ListyoSigitP @jokowi @DPR_RI @mohmahfudmd @prabowo @DivHumas_Polri @Puspen_TNI @hariankompas @Dennysiregar7 @_ekokuntadhi @SimbokeSarah @franciscowillki @dehadaud @PakwieTopan @AzulZulian @Opowaelahkeno77 @AbuNawa48105494 Yg berbahaya dr hal seperti ini lama lama org org berpotensi bisa hilang bang,,yg timbul org pemalas yg cuma modal sogokan bisa maju,, jd mutu keberhasilan nya buruk"
228,2022-05-30 15:30:06+00:00,"Kinerja @DPR_RI hari ini.
Udah gak pada punya urat malu !!!."
229,2022-05-30 15:29:57+00:00,"@RCikboy @CNNIndonesia @Gerindra @PKSejahtera @FPKSDPRRI @JazuliJuwaini out of the topic lg. ditanya apa, jawavnya apa 🤣🤣. jd kamu baca dimana si @JazuliJuwaini kesulitan membantah si desmon? 🤣

dan si desmon bahas antara kue dan oposisi. menurut dia ambil kue di parlemen berarti bukan oposan.lah yg oposan ga boleh jd perangkat DPR gt? 🤣🤣"
230,2022-05-30 15:28:22+00:00,"Pemerintah dan DPR Diharap Buat UU Perubahan Iklim, Puan Maharani: Demi Keselamatan Seluruh Warga https://t.co/dzYoHNItwb"
231,2022-05-30 15:27:50+00:00,Di kantor DPR D Kabupaten DOMPU https://t.co/h6hA3AglOR
232,2022-05-30 15:26:58+00:00,"Transformasi Sistem Kesehatan, DPR RI: Tak Semua Masyarakat Paham Teknologi https://t.co/DRLRDTED9j"
233,2022-05-30 15:26:49+00:00,@black13side @tvOneNews 😂😂😂 yg merasa mau di jegal kan elu.. karena tahu gubernur idola lu ngak bisa kerja... Dari awal menjabat juga di biarkan aja tuh pake anggaran sesuka dia.. bikin event juga suka2 dia proposal ke FEO ngak ada pembicaraan sama DPR tembang pohon ngak minta ijin
234,2022-05-30 15:26:32+00:00,DPR Gaji Kecil Konsekuensi Menjadi PNS https://t.co/AgQFRfQYHY
235,2022-05-30 15:26:29+00:00,@fathkadesign @DPR_RI @DivHumas_Polri Aamiin ikut mendoakan yg terbaik
236,2022-05-30 15:25:55+00:00,"@jongsus123 @CNNIndonesia @Gerindra @PKSejahtera @FPKSDPRRI @JazuliJuwaini Ya sdh klu mmg sulit diterima bhwa PKS jg ikut ambil pembagian ""kue"" di parlemen. Yg biasa main di DPR/DPRD pasti paham hal ini."
237,2022-05-30 15:25:03+00:00,@KhhFess lagu dean apa dpr ya gue lupa
238,2022-05-30 15:24:45+00:00,Retaknya Hubungan Jokowi dengan Megawati Bisa Berimbas DPR Impeachment Presiden? https://t.co/1WG9zDbP64
239,2022-05-30 15:24:19+00:00,Dpr Ian - S (Sometimes) ✅✅✅✅✅ https://t.co/vuodob9PmA
240,2022-05-30 15:24:11+00:00,"((....Ismet Sofyan kenapa gak ditunjuk jadi Kapolri aja....))

Ya, emangnya dia pas nanti uji kelayakan di depan DPR (+ Kompolnas bisa jadi), bakalan dijamin lolos jadi Kapolri gitu? 🤣"
241,2022-05-30 15:23:55+00:00,"@hanybunch BIBI, DPR"
242,2022-05-30 15:23:35+00:00,"@ArisWila @ArulArulArulA11 @ListyoSigitP @jokowi @DPR_RI @mohmahfudmd @prabowo @DivHumas_Polri @Puspen_TNI @hariankompas @Dennysiregar7 @_ekokuntadhi @SimbokeSarah @franciscowillki @dehadaud @PakwieTopan @AzulZulian @Opowaelahkeno77 @AbuNawa48105494 Yg bgtu mmng bukan rahasia lagi bang,,"
243,2022-05-30 15:23:16+00:00,"@Halaman1Google_ @Kimi58486332 @Louis_chantika @DPR_RI @fadlizon @jokowi @ListyoSigitP Emang lu pake otak drun , dasar nasi bungkus hahahahaha"
244,2022-05-30 15:22:50+00:00,"Retaknya Hubungan Jokowi dengan Megawati Bisa Berimbas DPR Impeachment Presiden?
https://t.co/qx4t4hhajB"
245,2022-05-30 15:22:40+00:00,@fadlizon @DitjenAptika @kemkominfo @DPR_RI Dh rampung kemaren https://t.co/6e6JEbfw4d
246,2022-05-30 15:22:02+00:00,Wakil Ketua Komisi II DPR RI Yanuar Prihatin meminta kapasitas sumber daya manusia (SDM) menjadi hal yang perlu diperhatikan. #DPRRI https://t.co/5EaYGOG3MI
247,2022-05-30 15:18:21+00:00,@KhhFess dpr we gang gang
248,2022-05-30 15:15:17+00:00,"Inspeksi ke Mall Pelayanan Publik, Komisi III DPRD Parepare Minta Maksimalkan Fasilitas Terutama untuk Disibiltas https://t.co/2bZeNYBWZD 

@DPR_RI 

#BreakingNews #Newsupdate"
249,2022-05-30 15:13:53+00:00,"Relawan Sosial Mandiri Keluhkan Pelayanan RSUD Bulukumba, Direktur tidak Komentar Tanggapan Humas dan Dewas Seperti ini https://t.co/nnv8Ya56cd
@DPR_RI @PemkabBulukumba"
250,2022-05-30 15:11:21+00:00,"Yaqut Ajukan Penambahan Biaya Operasional Haji Rp1,5 Triliun ke DPR  https://t.co/hyUbSxD2uI"
251,2022-05-30 15:07:47+00:00,@fauzanfess Semoga opfoll selanjutnya dpr follback
252,2022-05-30 15:07:21+00:00,@realpcjey beneran op dpr tanda tangannya jugaa😭😭 https://t.co/MgqwHmga0E
253,2022-05-30 15:06:14+00:00,"@ynchaewon Kan nnti ku kasih ke di ketua DPR,bgimana kmu dik??"
254,2022-05-30 15:06:04+00:00,@OposisiCerdas DPR PENAKUT
255,2022-05-30 15:05:44+00:00,"Kalau ""iya"" BUKTIKAN !
DPR Penakut !"
256,2022-05-30 15:05:44+00:00,"@_ekokuntadhi Saya berpikir, seandainya yang dirawat Anggota DPR yang tukang tampar itu,.. Bakal ketemu ngga pengakuan Perawat yang seperti itu.?? 🤔🤔"
257,2022-05-30 15:05:41+00:00,@energitodayID @pertamina @KemenBUMN DPR mendukung pemerintah untuk  membatasi pembelian pertalite agar tidak disalah gunakan
258,2022-05-30 15:04:35+00:00,DPR RI akan Perjuangkan Peningkatan Anggaran Kemendes PDTT  https://t.co/LJmcbPdDK6
259,2022-05-30 15:04:30+00:00,@redvelvettcaike Cakep bgt
260,2022-05-30 15:04:23+00:00,@Darkie72006006 @jokowi @mohmahfudmd @puanmaharani_ri @ListyoSigitP @DPR_RI @KSPgoid Jelas negara tandingan dalam teritorial yang sama
261,2022-05-30 15:03:28+00:00,@bakulantisu Mburi dpr 5ewu sak rokok e
262,2022-05-30 15:00:32+00:00,"Retaknya Hubungan Jokowi dengan Megawati Bisa Berimbas DPR Impichment Presiden?
https://t.co/067Z8VAE6t"
263,2022-05-30 14:59:41+00:00,"Ratusan CASN Mundur karena Gaji Kecil, Ketua Komisi II DPR RI: Semua Orang Sudah Tahu https://t.co/l5AXL7Nm19 #AhmadDoliKurnia #CPNS #KomisiIIDPRRI #mundur"
264,2022-05-30 14:58:41+00:00,"@Boediantar4 @democrazymedia Sebelum jd anggota dpr kalo asalnya pengangguran ya mutunya mang spt itu...asal mangap..apa gak faham seh mas semboyan orang"" pdil..MENANG, MABUK..KALAH, NGAMUK...JADI PEJABAT, UMUK DAN KEMARUK"
265,2022-05-30 14:57:18+00:00,@bibilinhere Nnti ak bwat kedainya disamping kopi dpr sksk
266,2022-05-30 14:56:59+00:00,"Pagi #TemanPemilih, Kamu Perlu Tau lho dokumen apa saja yang perlu dilengkapi untuk persyaratan administrasi Bakal Calon Anggota DPR, DPRD Provinsi, dan DPRD Kabupaten/ Kota!

#KaPeu
#kpujatim
#KPUMelayani
#PemiluSerentak2024 https://t.co/U5qjdlb7yT"
267,2022-05-30 14:56:39+00:00,"Jabatan yang sedang dipegang Puan saat ini sebagai ketua DPR, berjalan produktif. Puan bisa memimpin berbagai kepentingan politik dan fraksi. Puan PM"
268,2022-05-30 14:56:11+00:00,"@wineyumyum @jelantahbersih Eh ngefitnah dpr ri nonton bokep? Padahal hasil persidangan bukan nonton lo, tp temennya yg ngirimin dan gk sengaja kebuka"
269,2022-05-30 14:55:04+00:00,@bang_thanos @RenlyPay @RamliRizal Jaman dulu pemimpin daerah dipilih DPR....sekarang kan dipilih rakyat sendiri.yg jd pertanyaan kenapa rakyat ga milih orang spt rocky gerung dan rizal ramli🤣🤣🤣
270,2022-05-30 14:54:47+00:00,"Pemerhati Lingkungan Minta Pemerintah dan DPR Membuat UU Perubahan Iklim.
https://t.co/mdjjRkAGnF"
271,2022-05-30 14:54:07+00:00,Puan Maharani terus menyoroti berbagai persoalan yang menjadi perhatian khusus di Masa Persidangan V DPR Tahun Sidang 2021-2022. Puan PM
272,2022-05-30 14:54:07+00:00,"@OposisiCerdas Dpr RI  , DPD RI dan politisi termasuk CAWAPRES DAN CAWAPES  kepala negara bilang nya saat kampanye kepada rakyat indonesia akan memperjuangan rakyat bidang ekonomi .kenyataannya apa ???..... dari tahun ketahun dari kampanye kekampanye .tetap sama isi kampenyenya."
273,2022-05-30 14:54:04+00:00,Puan Maharani tidak mengorbankan kepentingan rakyat demi kepentingan pribadi. Puan fokus pada masalah kebangsaan dan kerja di DPR. Puan PM
274,2022-05-30 14:53:55+00:00,"@ernestprakasa makanya banyak seniman yg jd anggota DPR, wakil bupati/walkot, wakil gubernur ya koh. mantaab 🤭"
275,2022-05-30 14:53:47+00:00,"Sikap Puan yang fokus bekerja sebagai ketua DPR membuat stabilitas negara terjadi, diapresiasi dan pandang positif oleh masyarakat."
276,2022-05-30 14:53:43+00:00,Puan fokus bekerja di DPR dan tak tergoda untuk melakukan manuver politik demi kepentingan Pemilu 2024.
277,2022-05-30 14:52:25+00:00,"@tempodotco Kl Bapak Anggota DPR RI sdh lama tahu praktek kotor pengusaha kelapa sawit, kenapa baru kepanasan skr ketika LBP utarakan audit 😀"
278,2022-05-30 14:52:21+00:00,"Pastikan Kondisinya Sesuai Perencanaan, Komisi III DPRD Parepare Kunjungi Masjid Terapung BJ Habibie https://t.co/GqRRidLIap 

@DPR_RI 

#BreakingNews #Newsupdate"
279,2022-05-30 14:52:00+00:00,DPR RI: Gaji kecil konsekuensi jadi PNS - ANTARA News Bengkulu https://t.co/WtnxdIZCqC
280,2022-05-30 14:51:32+00:00,Komisi VIII DPR RI Minta Temuan ICW Soal Dana Pesantren Disunat Oknum Parpol Diusut https://t.co/tWvA4R0KPu
281,2022-05-30 14:50:04+00:00,"Komisi II DPR batal menggelar Rapat Kerja (Raker) dan Rapat Dengar Pendapat (RDP) bersama Pemerintah serta penyelenggara pemilu pada Senin 30 Mei 2022 dengan agenda pembahasan persiapan Pemilu 2024.
https://t.co/ndKLrB7DRK https://t.co/Tm6OK3lqyb"
282,2022-05-30 14:49:16+00:00,@oecpjs same!!! or dpr ian any!!
283,2022-05-30 14:49:03+00:00,shinichiro as dpr ian https://t.co/QC1XYnFvgE
284,2022-05-30 14:48:23+00:00,"@Android_AK_47 Kasih aj oom DPR , biar oom Yakult tambah hembring"
285,2022-05-30 14:48:08+00:00,galau dan nyalahin dpr mpr dan amandemen amandel nya
286,2022-05-30 14:47:44+00:00,"Saudi Naikkan Biaya Masyair, Kemenag Ajukan Usulan Tambahan Anggaran Haji 1443 H ke DPR - https://t.co/VsY4fY4vAh"
287,2022-05-30 14:46:44+00:00,"Komisi X DPR RI Lakukan Uji Publik RUU Pendidikan dan Layanan Psikologi di Beberapa Universitas

https://t.co/xuJ1k4FvKM"
288,2022-05-30 14:45:00+00:00,Anggota Komisi VI DPR RI dari Fraksi PDI Perjuangan Deddy Yevri Sitorus memprotes rencana Menteri Koordinator Kemaritiman dan Investasi Luhut Binsar Pandjaitan yang bakal mengaudit lahan dan perusahaan sawit. #TempoNasional https://t.co/UFDUMThP5l
289,2022-05-30 14:44:53+00:00,Pemerintah dan DPR Diharapkan Membuat UU Perubahan Iklim https://t.co/pq4kwsrLC7
290,2022-05-30 14:43:22+00:00,@yongqinwayv @urnctaeyong @pinkeohy @jijeIx @dpr_yian omelin ae ge omelin wkwkwkwk
291,2022-05-30 14:42:59+00:00,@jaehyunjvng_ @urnctaeyong @SoyoUwuu @skzhanjji @marcellaisne @dpr_yian @nattachaaii @yoxkarinah @yongqinwayv @soujungz @WJSeolaria @jenoucer @jijeIx @Junhuwei apelahhh ini
292,2022-05-30 14:42:38+00:00,@hamaro_id @Khoirudin_26 @binofficial_ri @PolhukamRI @DlVHUMASPOLRI @CCICPolri @DPR_RI @mohmahfudmd @ListyoSigitP @puanmaharani_ri Prioritas adalah aksi nyata aparat penegak hukum.
293,2022-05-30 14:42:13+00:00,sibuknya udh kek anggota dpr
294,2022-05-30 14:42:00+00:00,@hs_meliala @AdhieMassardi Kalau pingin bukti coba saja gugat kebijakan pemerintah &amp; DPR dlm membahas RAPBN. Apa gunanya amandemen pasal 23 UUD 45 kata pemerintah diganti presiden jika RAPBN diusulkan pemerintah dan DPR hanya membahas dgn menkeu mewakili pemerintah. Bukankah presiden sbg kepala negara 👇
295,2022-05-30 14:40:41+00:00,Bantu VIRALIN #Polri #kapolri #kapoldametrojaya #Polisiindonesia #poldametrojaya #DPRRI #dpr #jokowi #pakjokowi https://t.co/qRZMbAgDUc
296,2022-05-30 14:40:30+00:00,Sore tadi mengisi webinar ttg Literasi Digital : Digital Marketing UMKM. Acara yg diinisiasi oleh @DitjenAptika @kemkominfo @DPR_RI https://t.co/jGK2vPxpCA
297,2022-05-30 14:39:49+00:00,"@democrazymedia Jadi uang jama'ah tak ada lagi..minta dana tambahan ke DPR???

Biasa nya kan laporan aja ..berapa uang masuk berapa keluar..

Waduh waduh mo berangkat uang habiss..😝😝"
298,2022-05-30 14:39:28+00:00,"Bersama anggota DPR RI tokoh muda asal Aceh Cari Mie Aceh
https://t.co/QvWJidzPYy
#aneukAcehkeren
#mumatdjaroeawakgampong

MAU BELI ALAT &amp; PERANGKAT MULTIMEDIA HUBUNGI KAMI 
https://t.co/VW3mKgUHwg https://t.co/WNIQDwjUGr"
299,2022-05-30 14:38:59+00:00,Retaknya Hubungan Jokowi dengan Megawati Bisa Berimbas DPR Impichment Presiden? https://t.co/fO4StrlqYH
300,2022-05-30 14:38:31+00:00,"Gaji ASN Kecil, DPR: Semua Orang Sudah Tahu, Gak Sadar Ya… https://t.co/qLiBtJBN1x"
301,2022-05-30 14:36:18+00:00,BKKBN Bersama Anggota Komisi IX DPR RI Gelar Konsilidasi Resiko Pernikahan Dini https://t.co/6e9xvsRgzs
302,2022-05-30 14:34:11+00:00,@ProfylHenuk @BennyHarmanID @PartaiDemokrat @AgusYudhoyono @DPR_RI Apa cerita ini??
303,2022-05-30 14:34:07+00:00,"Sementara, disisi yg lain...
Merk lokal yg produksi blm seberapa, tatkala mulai ramai dipaksa naik kelas utk #pita_cukai nya...
Ada apa, pak Presiden @jokowi...
Apa ini permainan antara oknum di lembaga dg korporasi atau apa...
Cc @DPR_RI @KPPU @tvOneNews @KomunitasKretek"
304,2022-05-30 14:33:03+00:00,"Dalam rapat pleno, Baleg DPR RI dan Komisi VII menyetujui RUU EBT masuk tahap pembahasan selanjutnya #DPRRI https://t.co/dl0KBfEZ7I"
305,2022-05-30 14:32:06+00:00,@geloraco Kalau gaji DPR gede ya kan
306,2022-05-30 14:31:47+00:00,"@kadyasandya tergantung cuaca, klo besok hujan saya maju ke dpr"
307,2022-05-30 14:29:29+00:00,"@geloraco Kuncinya kan di DPR. Bisa jadi draf revisi UUD udah jadi.

https://t.co/o0FzfrmDpr"
308,2022-05-30 14:28:30+00:00,"@choucolatous DPR kapan siii msh tentatif, Keshi mau konser juga ga si?"
309,2022-05-30 14:26:58+00:00,@Raka_Antareja @ozziozzi @ernestprakasa Kritik sesuai koridornya lah.. EMYU banyak yg kritik emang dia pemerintah? Koch Justin banuak yg kritik emang DPR.? Logika nya Sudut pandang  berbeda.
310,2022-05-30 14:25:02+00:00,DPR Minta Temuan ICW Soal Dana Pesantren Disunat Oknum Parpol Diusut https://t.co/Fb0KKaUznA
311,2022-05-30 14:24:58+00:00,"@1Rantjono @ListyoSigitP @DivHumas_Polri @yanmas_reskrim @CCICPolri @mohmahfudmd @jokowi Termasuk bubarkan partai, ormas &amp; bersihkan politikus2 pengusung khilafah yg di gedung DPR, Om"
312,2022-05-30 14:24:04+00:00,"@aLy_Bima @sandiuno Gak mungkinlah kita sebrengsek dan sebusuk itu iyakan @DPR_RI @mprgoid @jokowi @puanmaharani_ri @PDI_Perjuangan @ASEAN @g20org @UN, @elonmusk HARUS TAHU"
313,2022-05-30 14:23:48+00:00,"DPP Partai Hanura optimis bahwa 2024 nanti, Hanura akan kembali ke senayan. Partai Hanura hanya absen memiliki kursi di DPR RI pd pemilu 2019 lalu. Sehingga 2024 nanti, dg yakin Hanura akan mengerahkan seluruh potensi dan optimis kembali ke Senayan

#HanuraBerjuangBersamaRakyat https://t.co/vATUiqO1md"
314,2022-05-30 14:21:42+00:00,@detikcom @detik_jabar 30 tahun gak punya prestasi apapun kok masih jg mimpi....banguuunnn wooyy..banguun...kerja nyata...klo cuma mau mimpi di gedung DPR aja...disana tempat org kerja pada tidur
315,2022-05-30 14:20:56+00:00,"Gak Tau, kok drafnya diteken waktu pengajuan pengesahan ke dpr?"
316,2022-05-30 14:20:37+00:00,"@YunATatsa @AREAJULID habis itu viral jadi artis , dateng ke pesbukers , terus dateng ke acara tv, terus jadi selebgram , terus kaya raya, terus masuk partai, jadi DPR"
317,2022-05-30 14:19:54+00:00,"Retaknya Hubungan Jokowi dengan Megawati Bisa Berimbas DPR Impichment Presiden?
https://t.co/TksybeNJ8I"
318,2022-05-30 14:18:54+00:00,harus di samakan dlu pengertian oposisi. Kue di parlemen ya memang jatahnya anggota dpr hehe. PDIP dan gerindra saat jdi oposisi pun tetap dapat kue di parlemen.
319,2022-05-30 14:18:25+00:00,— cut! soey maikli lng muna :)
320,2022-05-30 14:18:12+00:00,"@Boediantar4 masa sih sebegitu brengseknya dan busuknya kita sampe gak peduli @DPR_RI @mprgoid @jokowi @KemenBUMN  @ASEAN @g20org @UN, @elonmusk HARUS TAHU"
321,2022-05-30 14:18:03+00:00,11. caring si madam https://t.co/SNza7IkqIG
322,2022-05-30 14:17:52+00:00,"08. si cas walang alam, alam niyo kung bakit? malay ko din. https://t.co/eE4DUKQFAw"
323,2022-05-30 14:17:28+00:00,@budiarth4 @mohmahfudmd @MajelisUlamaID @MUIPusat @Kemenag_RI @DPR_RI @Itjen_Kemdikbud @kemkominfo @PolhukamRI @Kemendagri_RI @jokowi @nadiemmakarim @Kemdikbud_RI @na_dirs @DivHumas_Polri @KomnasHAM @aagym @ridwankamil @BNPTRI @KPAI_official @ListyoSigitP Ga ada hubungannya dgn agamanya🤔
324,2022-05-30 14:17:25+00:00,"@quinn_corner023 @PanciB0zz Iya KakCan gapapa, cuma krn aku tu skrg udh jadi Princess dan sebentar lagi mau jadi KETUA DPR, makanya kudu jaim 🤣🤣🤣"
325,2022-05-30 14:17:00+00:00,"Dibuat happy aja ya tum. @LuqmanBeeNKRI
@DPR_RI
@Official_Ansor
@Kemenag_RI https://t.co/LOUdKf0aTd"
326,2022-05-30 14:16:02+00:00,"Luhut Mau Audit Perusahaan Kelapa Sawit, DPR: Ini Momentum Menertibkan dari Hulu ke Hilir https://t.co/VDq3geZwoH"
327,2022-05-30 14:15:29+00:00,"Ketua DPR Puan Maharani mengungkapkan alasan dan cita-citanya terjun ke dunia politik, salah satunya ingin menjadi bagian membangun bangsa Indonesia. https://t.co/NbV8XylHAU #peremPUANAdalahHarapan Puan Kartini Masa Kini"
328,2022-05-30 14:15:11+00:00,Puan dianggap berjasa karena terus berkomitmen mengesahkan undang-undang yang pembahasannya dimulai sejak beberapa periode DPR lalu. https://t.co/9p1igty6ex #peremPUANAdalahHarapan Puan Kartini Masa Kini
329,2022-05-30 14:14:49+00:00,DPR RI Puan Maharani mendapat penghargaan tinggi dari elemen perempuan dalam pengesahan UU Tindak Pidana Kekerasan Seksual (TPKS). https://t.co/9p1igtyE45 #peremPUANAdalahHarapan Puan Kartini Masa Kini
330,2022-05-30 14:13:55+00:00,Tolong pak @jokowi @ListyoSigitP @DPR_RI @TMCPoldaMetro
331,2022-05-30 14:13:48+00:00,Puan dianggap berjasa karena terus berkomitmen mengesahkan undang-undang yang pembahasannya dimulai sejak beberapa periode DPR lalu. https://t.co/5sOfXcsDcs #peremPUANAdalahHarapan Puan Kartini Masa Kini
332,2022-05-30 14:13:42+00:00,"@BetaEpsilonPhi Malah jadi kayak kuliah spesialis kedokteran aja, pake surat rekomendasi segala, baik sih niatnya, tapi prakteknya, mirip-mirip “mau masuk SMP/SMA Paporit pake memo kopnya DPR RI/DPRD. 😅"
333,2022-05-30 14:13:23+00:00,"Atas pengesahan RUU TPKS ini, sejumlah elemen perempuan memberikan penghargaan sebesar-besarnya kepada Ketua DPR RI Puan Maharani. #peremPUANAdalahHarapan Puan Kartini Masa Kini"
334,2022-05-30 14:12:19+00:00,@BolaSportcom Lama di DPR😅
335,2022-05-30 14:11:49+00:00,Haah aku kemana aja yaAllah baru tau dpr ian itu rome. Pantesan ngerasa kok kaya gak asing sih tiap liat ian tuh 😭
336,2022-05-30 14:10:00+00:00,"BNPT Ajukan Pinjaman Luar Negeri US$160 Juta dan SBSN Rp 290 Miliar, DPR Setuju
https://t.co/y2Q1Apblsb"
337,2022-05-30 14:09:03+00:00,Anggota Komisi X DPR RI Desy Ratnasari menganggap aspirasi yang disampaikan Aptisi terkait permasalahan PTS sebagai peluru tajam untuk mengawasi pemerintah #DPRRI https://t.co/Q4AVRZK5jl
338,2022-05-30 14:08:22+00:00,@lelakimusaja @aherrys @adianasrul @Widi99962582 @DharulFit @Jakartaeprix @kangdede78 @RuhutSitompuul @Lembayung071 @arifin34533 @Uki23 @kurawa @sigitwid @Giring_Ganesha @grace_nat @penyihir0007 @2020_STMJ @Rizmaya__ @LOVE_AG4EVER @firzahusainInc @GunRomli @AV4tarPemburu @ChusnulCh__ @tatakujiyati @ilhamjati4 @aniesbaswedan @Anies4Indonesia @SuaraAnies @dprddkijakarta @DPR_RI @bpkri @KPK_RI @Puspenkum @antikorupsi @MjAgungNugroho1 @AndiSinulingga @Louis_chantika Wkwkwwkwk kang ngibuL pepesan kosong pengasong khilafa suriah afganistan ga bisa buktiin lempar batu sembunyi tangan 🤣🤣🤣🤣
339,2022-05-30 14:08:06+00:00,"Pak.
Saya juga juga bnyak merasa rugi pilih anggota DPR .ternyata semua anggota nya sibuk urusin tunjangan sndri. Gaji sndri..proyek2 sendiri..klo kelak partai mu masuk DPR sama kyk gini.
Gw maki2"
340,2022-05-30 14:07:20+00:00,@budiarth4 @mohmahfudmd @MajelisUlamaID @MUIPusat @Kemenag_RI @DPR_RI @Itjen_Kemdikbud @kemkominfo @PolhukamRI @Kemendagri_RI @jokowi @nadiemmakarim @Kemdikbud_RI @na_dirs @DivHumas_Polri @KomnasHAM @aagym @ridwankamil @BNPTRI @KPAI_official @ListyoSigitP Sampai kapankah mereka masih dibiarkan bebas ?
341,2022-05-30 14:06:14+00:00,@Syarman59 @BennyHarmanID @PDemokrat @DPR_RI @poldantt @DivHumas_Polri Setuju jangan takut sm anggota dewan yg di gaji sm rakyat
342,2022-05-30 14:06:09+00:00,"@Pai_C1AB Kalau polisi tidak memprosesnya dan polisi mengarahkan jalan damai, polisi dapat mencurigakan ada apa, atau mungkin karena Kaharman anggota DPR maka polisi ciut nyali nya,"
343,2022-05-30 14:04:34+00:00,DPR Minta Temuan ICW Soal Dana Pesantren Disunat Oknum Parpol Diusut https://t.co/UJSVezfDQZ
344,2022-05-30 14:04:23+00:00,"Kejanggalan Pengadaan Antigen di Kemenkes, DPR: Oleh Satu Perusahaan yang Sama #Kemenkes #masker #PCR https://t.co/XV52EfJDzI"
345,2022-05-30 14:03:22+00:00,@ProfylHenuk @BennyHarmanID @PartaiDemokrat @AgusYudhoyono @DPR_RI Tapi Prof...kata orang ini..👎si Benny Khuman 👎😊 https://t.co/vEAuS5j3JM
346,2022-05-30 14:02:12+00:00,@lelakimusaja @aherrys @adianasrul @Widi99962582 @DharulFit @Jakartaeprix @kangdede78 @RuhutSitompuul @Lembayung071 @arifin34533 @Uki23 @kurawa @sigitwid @Giring_Ganesha @grace_nat @penyihir0007 @2020_STMJ @Rizmaya__ @LOVE_AG4EVER @firzahusainInc @GunRomli @AV4tarPemburu @ChusnulCh__ @tatakujiyati @ilhamjati4 @aniesbaswedan @Anies4Indonesia @SuaraAnies @dprddkijakarta @DPR_RI @bpkri @KPK_RI @Puspenkum @antikorupsi @MjAgungNugroho1 @AndiSinulingga @Louis_chantika Di share kalo lu udah nunjukin dimana jkt udah jadi suriah ama afganistan dulu bray...
347,2022-05-30 14:01:06+00:00,@putriduyungwkwk @collegemenfess lulus kuliah langsung mimpin rapat dpr wae beb
348,2022-05-30 14:00:31+00:00,Ketua Komisi Pemilihan Umum (KPU) RI Hasyim Asyari optimis bahwa DPR RI tidak mempermasalahkan jika masa kampanye Pemilu 2024 berlangsung selama 90 hari. https://t.co/OQVsVlFlQZ
349,2022-05-30 14:00:09+00:00,bukan idol tp dpr live ini mukanya lokal bgt cuy kaya kating fak ilpol lagi jadi pj PKK https://t.co/3yuR7HD7TM
350,2022-05-30 13:58:57+00:00,"@lelakimusaja @aherrys @adianasrul @Widi99962582 @DharulFit @Jakartaeprix @kangdede78 @RuhutSitompuul @Lembayung071 @arifin34533 @Uki23 @kurawa @sigitwid @Giring_Ganesha @grace_nat @penyihir0007 @2020_STMJ @Rizmaya__ @LOVE_AG4EVER @firzahusainInc @GunRomli @AV4tarPemburu @ChusnulCh__ @tatakujiyati @ilhamjati4 @aniesbaswedan @Anies4Indonesia @SuaraAnies @dprddkijakarta @DPR_RI @bpkri @KPK_RI @Puspenkum @antikorupsi @MjAgungNugroho1 @AndiSinulingga @Louis_chantika Udah rapiih itu, ga update yeeee xixixi"
351,2022-05-30 13:58:23+00:00,"https://t.co/wfen1a1vMF

Salah satu persoalan yang dihadapi PTS kesehatan adalah adanya uji kompetensi yang harus dilalui lulusannya. Begini tanggapan APTISI dan DPR."
352,2022-05-30 13:57:04+00:00,"@v0dcahontas Iyaa, enak2 lagu2nya😅

Dpr live liriknya lebi positif lebi seru lebi bikin smangat
Dpr ian liriknya agak2 dark walau pun upbeat tapi tetep enak"
353,2022-05-30 13:54:40+00:00,"@tempodotco KPK versi BuzzeRp, DPR dan pemerintah.."
354,2022-05-30 13:53:22+00:00,@chnxyeol mana undang undangnya? blm disahkan dpr pasti
355,2022-05-30 13:51:23+00:00,Pernah gasih ngelamun trus tbtb otak nyanyi dpr we gang gang
356,2022-05-30 13:51:04+00:00,"Tolak UU PPP, Buruh Bakal Demo di DPR 8 Juni 2022 https://t.co/ZlB4HxeTKo #beritajogja #jogja #jogjaistimewa https://t.co/FsJfFw8EA0"
357,2022-05-30 13:50:35+00:00,@Jizel_dpr GUE KIRA??!!
358,2022-05-30 13:50:00+00:00,"Yaqut minta tambahan anggaran Rp. 1,5 Triliun ke DPR untuk pelaksanaan Haji 2022
https://t.co/iTNbDQiSns"
359,2022-05-30 13:49:56+00:00,"@CNNIndonesia Semua rencana program kerja dari menteri seharusnya dilapor ke presiden. 
Presiden harus menentukan/menyetujui grs besar apa yg harus dilakukan menteri.

Lucu nggak tau.
Atau menteri jalan sendiri, tdk lapor, masuk ke DPR, kalau disetujui jelasin ke atasan, terus angguk angguk?"
360,2022-05-30 13:48:57+00:00,Jangan Pilih Ketua DPR Tersangkut Korupsi. Berikut ini Setya Novanto Korupsi Baca selengkapnya. https://t.co/sZ20eGq6k5
361,2022-05-30 13:48:39+00:00,"#BeritaSampit
Anggota DPR RI Bambang Purwanto: Siap Meningkatkan Sektor Perikanan Se-Kalteng Melalui Aspirasi di Pemerintah Pusat https://t.co/69xuaRio8w... https://t.co/aR4gFN3WxC"
362,2022-05-30 13:48:38+00:00,"@voidotid Dear @jokowi @ListyoSigitP  @DPR_RI 

Mohon di tindak"
363,2022-05-30 13:48:01+00:00,"@OfWJinah Banyaak nih, tapi lagu lagunya DPR Live atau Bibi ku juga suka~ kalo kamu apa?"
364,2022-05-30 13:47:57+00:00,@hanybunch DPR pleasee
365,2022-05-30 13:47:23+00:00,@DPR_Audia HAHA siapa nih
366,2022-05-30 13:46:34+00:00,fanboy dpr live tunjukan pesonamu @ haru
367,2022-05-30 13:46:29+00:00,"@woomitrash Kak saran tag mereka, atau DPR yang aktif di twitter @DivHumas_Polri @DPR_RI"
368,2022-05-30 13:46:23+00:00,@GOAL_ID Birokrasi yg mbulet ruwet @PSSI @Kemenkumham_RI @DPR_RI @KEMENPORA_RI 🤣🤣
369,2022-05-30 13:44:48+00:00,"DPR itu cuma tukang stempel, kaget itu cuma drama"
370,2022-05-30 13:44:03+00:00,Anggota DPR Minta Menko Luhut Tuntaskan Persoalan Hulu Industri Sawit https://t.co/8mttcCuGGx
371,2022-05-30 13:43:45+00:00,@dpr_yian Kemarin menyenangkan bgt opp! Oppa ap kabar?🥺
372,2022-05-30 13:43:44+00:00,"Tuntut Uang Pesangon, Eks Pilot Merpati Mengadu ke DPR https://t.co/6z7Nm3C4Ox"
373,2022-05-30 13:43:43+00:00,@Jizel_dpr wkwk bnrr
374,2022-05-30 13:43:42+00:00,"Eks Pilot Merpati Ngadu ke Senayan, DPR Desak Pemerintah Bayar Kewajiban https://t.co/dvcAVC8X1i"
375,2022-05-30 13:43:31+00:00,"Pada 2019, Dino Patti Djalal selaku Chairman Board of Trustees dari Indonesian Diaspora Network ( IDN ) menyayangkan langkah Pemerintah dan DPR yang tak kunjung mengadopsi dwi kewarganegaraan ke dalam hukum kewarganegaraan di Indonesia."
376,2022-05-30 13:42:05+00:00,"Ngadu ke DPR, Eks Pilot Merpati Desak Pemerintah Bayar Kewajiban https://t.co/2J2jxdSqWU"
377,2022-05-30 13:41:28+00:00,"Bang, suara abang dulu juga merdu banget waktu jadi Aleg DPR. Saking merdunya, tercipta harmonisasinya loh. Semacam pembagian suara gitu. Tapi merdunya hanya untuk kawan-kawan sesama politikus aja, karena berujung ke Revisi UU KPK. Tanyain @bintangemon deh, kalo kagak percaya. 👍"
378,2022-05-30 13:41:26+00:00,"@wiena_kinasih Kadrun kan gitu, demo aja poto² update status, bangga beud mejeng dpn pager DPR...😁😁😅"
379,2022-05-30 13:40:54+00:00,"Apa perbedaan UU cipta kerja yg ditunda @officialMKRI dg UU lama terkait tenaga kerja dlm kasus BUMN merpati. Yg congornya keras tolak UU cipta kerja bisa jelaskan
Cc @AryaSinulingga @erickthohir @msaid_didu @jokowi @airlangga_hrt @mohmahfudmd @Fahrihamzah @tifsembiring @DPR_RI"
380,2022-05-30 13:40:40+00:00,"@lelakimusaja @aherrys @adianasrul @Widi99962582 @DharulFit @Jakartaeprix @kangdede78 @RuhutSitompuul @Lembayung071 @arifin34533 @Uki23 @kurawa @sigitwid @Giring_Ganesha @grace_nat @penyihir0007 @2020_STMJ @Rizmaya__ @LOVE_AG4EVER @firzahusainInc @GunRomli @AV4tarPemburu @ChusnulCh__ @tatakujiyati @ilhamjati4 @aniesbaswedan @Anies4Indonesia @SuaraAnies @dprddkijakarta @DPR_RI @bpkri @KPK_RI @Puspenkum @antikorupsi @MjAgungNugroho1 @AndiSinulingga @Louis_chantika Sebelahnya yang bangun JIS, Revitalisasi TIM, Revitalisasi taman2 kota, bangun trotoar keren dibanyak tempat, waduk2 baru, sumur resapan, transportasi publik murah terintegrasi, buat aplikasi JAKI yg mendunia, buat fasilitas sepeda, bikin event mendunia (e-prix), jeklingko Rp 0,-"
381,2022-05-30 13:37:50+00:00,"@lelakimusaja @aherrys @adianasrul @Widi99962582 @DharulFit @Jakartaeprix @kangdede78 @RuhutSitompuul @Lembayung071 @arifin34533 @Uki23 @kurawa @sigitwid @Giring_Ganesha @grace_nat @penyihir0007 @2020_STMJ @Rizmaya__ @LOVE_AG4EVER @firzahusainInc @GunRomli @AV4tarPemburu @ChusnulCh__ @tatakujiyati @ilhamjati4 @aniesbaswedan @Anies4Indonesia @SuaraAnies @dprddkijakarta @DPR_RI @bpkri @KPK_RI @Puspenkum @antikorupsi @MjAgungNugroho1 @AndiSinulingga @Louis_chantika Wkwkwk menteri pariwisata kita itu xixixi, wisata khilafa ke suriah ama afganistan kalii.. siangw sebenernya ame lu, pen ngakak takut dosa 🤣🤣"
382,2022-05-30 13:36:38+00:00,Rapat mulu dah kek anggota dpr aja
383,2022-05-30 13:36:33+00:00,BeritaPapua// 8 Fraksi Setuju RUU Provinsi Papua Barat Daya jadi Usulan Inisiatif DPR https://t.co/2kNqFte2Fz https://t.co/eAXk6BjM6R
384,2022-05-30 13:36:22+00:00,@MUSIKMENFESS Zombie pop - dpr ian
385,2022-05-30 13:36:20+00:00,"Fraksi DPR Kaget Menag Yaqut Mendadak Minta Tambahan Anggaran Haji Rp 1,5 Triliun
https://t.co/DGlcfiG6E4"
386,2022-05-30 13:35:33+00:00,Pemerhati Lingkungan minta Pemerintah serta DPR Membuat UU Perubahan Iklim https://t.co/V6KpVGJS3K
387,2022-05-30 13:33:55+00:00,@CasanovaX8X @FeroS62733512 @SantorinisSun @Polres_JakTim @Poldametrojaya_ @DivHumas_Polri @YaqutCQoumas @ListyoSigitP @mohmahfudmd @Puspen_TNI @setkabgoid @DPR_RI @jokowi Mungkin salah satu persoalannya kita belum memiliki Undang-undang Keamanan Negara.
388,2022-05-30 13:33:30+00:00,@sgwoou @_______alfian @Sipaahhh jangan ganggu pengantin baru
389,2022-05-30 13:33:06+00:00,Apresiasi Rencana Program 2023 DPR RI akan Perjuangkan Peningkatan Anggaran Kemendesa PDTT https://t.co/4JwlA24QJX
390,2022-05-30 13:30:20+00:00,"DPR RI Desak Kemenag Rinci Usulan Tambahan Operasional Haji Rp1,5 Triliun   https://t.co/pIRgr5rQvA"
391,2022-05-30 13:30:02+00:00,"Anggota Komisi VIII DPR RI: 'Jika Ada Keluhan Pelayanan Haji, WA Saya' https://t.co/Mit0N8206A"
392,2022-05-30 13:30:00+00:00,"Pemerintah akan mengajukan ulang RUU Pertanahan ke DPR. Meskipun sebagian sudah masuk dalam UU Cipta Kerja, tapi masih ada bagian penting lainnya untuk diatur dalam RUU Pertanahan.
https://t.co/OFhbk5RMMb"
393,2022-05-30 13:27:44+00:00,@ProfylHenuk @BennyHarmanID @PartaiDemokrat @AgusYudhoyono @DPR_RI Saya berharap kasus ini harus di usut sampai tuntas.
394,2022-05-30 13:26:58+00:00,"@democrazymedia Begitu sampai gedung DPR 
Matiin mic"
395,2022-05-30 13:25:57+00:00,"Soroti Pengunduran Diri CPNS, DPR Sebut Terkait Besaran Gaji Hingga Penempatan Lokasi https://t.co/jxIFQFS1lo"
396,2022-05-30 13:25:48+00:00,"Soroti Pengunduran Diri CPNS, DPR Sebut Terkait Besaran Gaji Hingga Penempatan Lokasi https://t.co/jxIFQG9CcW via @Indopolitika"
397,2022-05-30 13:25:48+00:00,@geloraco Wkwk solusinya yah gini2 aja 🤣 ga menteri ga kapolri ga angota dpr..ga pleciden sma saja..😂 digaji mahal2 cuma kek gtu solusinya
398,2022-05-30 13:25:30+00:00,"Banjir di Lamongan. Anggota DPR RI: Sudah 7 Bulan, Kasihan Warga https://t.co/floIODHCdf"
399,2022-05-30 13:24:22+00:00,Posisi DPR RI secara prinsip tidak berbeda dengan posisi Pemerintah terkaii Palestina https://t.co/OqNBjWG3iR
400,2022-05-30 13:23:50+00:00,@Ieejnow Klo banyak duit nya mah anggota dpr
401,2022-05-30 13:23:22+00:00,@Hijaukanyuk @kurawa Pertanyaan saya kamu ngerti Perppu tidak ? Syarat mengeluarkan Perppu tahu tidak? Perppu permanen tidak ? Produk UU apalagi menambah pasal dan mengganti KUHPERDATA KUHPIDANA hrs melibatkan DPR.. siapapun presidennya . Ngerti ???
402,2022-05-30 13:23:19+00:00,"@lelakimusaja @aherrys @adianasrul @Widi99962582 @DharulFit @Jakartaeprix @kangdede78 @RuhutSitompuul @Lembayung071 @arifin34533 @Uki23 @kurawa @sigitwid @Giring_Ganesha @grace_nat @penyihir0007 @2020_STMJ @Rizmaya__ @LOVE_AG4EVER @firzahusainInc @GunRomli @AV4tarPemburu @ChusnulCh__ @tatakujiyati @ilhamjati4 @aniesbaswedan @Anies4Indonesia @SuaraAnies @dprddkijakarta @DPR_RI @bpkri @KPK_RI @Puspenkum @antikorupsi @MjAgungNugroho1 @AndiSinulingga @Louis_chantika Wkwkwwkwk muter2 aja dsitu sangking pusingnya nyari2 kelemahan, palingan lingkaran cokro lagi sumbernya awokawokawok.. suriah afganistan malah jadi seoul jakarta keindahannya"
403,2022-05-30 13:21:12+00:00,"Banjir di Lamongan. Anggota DPR RI: Sudah 7 Bulan, Kasihan Warga https://t.co/ZirUrtlBY3"
404,2022-05-30 13:20:33+00:00,Anggota DPR Sentil Ketidakadilan Terhadap Calon Bintara yang Disalip https://t.co/A7W06aZMJv
405,2022-05-30 13:20:00+00:00,"@Reynald69590270 @manukkuroboh bukan berawal dari situ sebenernya, itu udah trigger ke-sekian kali tapi yang baru bener2 sampe meledak ga karuan. 

sbnrnya rukuhp ttg lgbt kan udah ada dari lama tapi gapernah dibahas sama dpr cz bakal ngelanggar UUD juga sebagai dasar hukum. cmiiw"
406,2022-05-30 13:19:08+00:00,JPU Tuntut Adam Deni 8 Tahun Penjara Kasus Unggah Dokumen Anggota DPR https://t.co/Lt31em2PD1
407,2022-05-30 13:19:05+00:00,[VIDEO] Anggota DPR Sentil Ketidakadilan Terhadap Calon Bintara Ini https://t.co/LUqMydrKLt #vlix
408,2022-05-30 13:18:17+00:00,"Anggota DPR RI, Abuya Berdi Dukungan Pada Tiga Atlet Pencak Silat Kota Bima https://t.co/7iYwjNLmLy"
409,2022-05-30 13:17:28+00:00,DPR keberatan bila usulan tambahan dana diambil dari dana nilai manfaat calhaj https://t.co/KPpoOyd58V
410,2022-05-30 13:15:14+00:00,"Acara puncak Milad PKS Ke-20 digelar di Istora Senayan, Jakarta, Minggu (29/5/2022). Selain 3 nama di atas, turut hadir pula Wakil Ketua DPR dari Fraksi NasDem Rachmat Gobel dan Sekjen PPP Arwani Thomafi.

https://t.co/CaSLDOBoa2

#PKSuntukIndonesia"
411,2022-05-30 13:14:52+00:00,Sinergitas antara Anggota Komisi XI DPR RI Dapil Bali I Gusti Agung Rai Wirajaya (ARW) dengan Kantor Perwakilan (KPw) Bank Indonesia (BI) Provinsi Bali terus berupaya berperan aktif dalam penanggulangan pandemi Covid-19 melalui pembagian bantuan sembako
412,2022-05-30 13:14:05+00:00,"Milad ke 20 PKS dihadiri oleh Ketua Abdul Muhaimin Iskandar (Cak Imin), Ketua Fraksi Demokrat DPR RI Edhie Baskoro Yudhoyono (Ibas), Wakil Ketua Umum Partai Golkar Firman Soebagyo.
#PKSuntukIndonesia

https://t.co/hSzx2FBQ4M"
413,2022-05-30 13:13:14+00:00,@ryujxnka Rapat dpr neng
414,2022-05-30 13:12:51+00:00,"DPR Desak Kemenag Merinci Usulan Tambahan Anggaran Operasional Haji Rp 1,5 Triliun https://t.co/OfieYwtihC"
415,2022-05-30 13:12:26+00:00,@kompascom Bogor Raya kapan nih? @DPR_RI
416,2022-05-30 13:11:21+00:00,Baleg setujui RUU Papua Barat Daya menjadi usul inisiatif DPR  https://t.co/rxgZIKlKJW
417,2022-05-30 13:11:11+00:00,@Cantika098 beli gedung dpr juga bisa kali ya?
418,2022-05-30 13:11:07+00:00,@frdsjhnarfn kenceng bener DPR aja pasti ngedenger itu 🤪
419,2022-05-30 13:11:03+00:00,Padahal belio yg ngajarin w bales netijen pas ada konten foto DPR kon https://t.co/VdBbB1eKdH
420,2022-05-30 13:10:21+00:00,@SmokeOnTheAir1 Hahahahhaah
421,2022-05-30 13:10:12+00:00,Baleg DPR menyetujui Rancangan Undang-Undang Pembentukan Provinsi Papua Barat Daya. https://t.co/e1chjWdGGO
422,2022-05-30 13:09:59+00:00,"@k4yyona_ Sungguh durjana oknum yg menindas. Mungkin ini jln yg terbaik dr Allah SWT pasti diganti dng yg lebih baik 🤲🤲🤲, kl pun nanti jadi pendidikan dan lulus jd lah aparat yg amanah. @DPR_RI @DivHumas_Polri mohon pencerahan buat adik kita ini."
423,2022-05-30 13:09:26+00:00,"@syrl23 Hahahaha kan emg gt, dr thn skrg partai nyari calon siapa, sebelumnya pemilihan DPR jg, jd sepaket
Skrg ada sosmed jg lebih keliatan, dulu senyap

*pernah kerja jd admin tim sukses dprd"
424,2022-05-30 13:09:19+00:00,Komisi VIII DPR Rapat Bareng Menag-Kepala BPIH Bahas Persiapan Pelaksanaan Ibadah Haji 2022 https://t.co/Wnmg0zsXcP
425,2022-05-30 13:08:38+00:00,"#BeritaSampit
Gus Falah: Puan Selalu Berhasil Emban Tugas dan Menang! https://t.co/3zbo8KoUid JAKARTA-- Anggota DPR RI Fraksi PDI Perjuangan Nasyirul Falah Amru (Gus Falah) menganggap kualitas seorang pemimpi... https://t.co/W26AQPh2at"
426,2022-05-30 13:08:32+00:00,"Rapat Pemilu Batal, KPU: Sudah Dijadwal Ulang pada 7 Juni. Menanggapi itu, Komisioner KPU Yulianto Sudrajat, menyebut secara prinsip pihaknya telah mengikuti jadwal dengan DPR.  https://t.co/yLlO5L7PmJ"
427,2022-05-30 13:08:21+00:00,Just posted a photo @ Gedung MPR DPR DPD RI • Senayan https://t.co/6iywSANJsG
428,2022-05-30 13:07:32+00:00,Acara puncak Milad PKS Ke-20 digelar di Istora Senayan hari minggu kemarin. Acara ini juga dihadiri oleh Wakil Ketua DPR dari Fraksi NasDem Rachmat Gobel dan Sekjen PPP Arwani Thomafi. #PKSuntukIndonesia https://t.co/649hhIa4Fk.
429,2022-05-30 13:06:03+00:00,"Ketua Komisi II Ahmad Doli Kurnia mengatakan, DPR telah berkomitmen menggelar rapat pada 30 Mei. Tetapi pada akhirnya rapat harus ditunda karena KPU harus menghadiri agenda lain. https://t.co/GMXEK467KJ"
430,2022-05-30 13:06:03+00:00,"VIDEO VOI Hari Ini: Sebanyak 105 CPNS yang Lulus Seleksi Mundur, Disorot DPR RI https://t.co/hzOToPParB"
431,2022-05-30 13:05:36+00:00,"Bahas Tahapan Pemilu 2024, KPU Gelar Rapat dengan DPR pada 7 Juni https://t.co/h138NOOT8t https://t.co/geIbgfewUz"
432,2022-05-30 13:05:35+00:00,"DPR RI Desak Menteri BUMN Erick Thohir Bayar Kewajiban Eks Pilot Merpati: ASKARA - Puluhan mantan Pilot Merpati datang mengadu ke Kompleks Parlemen, Senayan, Jakarta. Mereka menuntut hak-hak dasar mereka yang tak kunjung dibayarkan oleh perusahaan plat… https://t.co/XMxDbFqu9l"
433,2022-05-30 13:05:03+00:00,@mouldie_sep Anggota DPR yang paksa interupsi lebih dari waktunya juga kehilangan suara
434,2022-05-30 13:04:41+00:00,dpr pengumuman konser asia nya agustus/september aja yah biarkan kami rakyat dpr khusus nya dpr indonesia menyiapkan banyak hal dan pastinya waktu buat kalian prepare sumtin unexpected yg wow dar der dor🫰🏼🤣
435,2022-05-30 13:04:05+00:00,DPR dan Pemerintah Diharapkan Membuat UU Perubahan Iklim https://t.co/C8e1JiqGBG
436,2022-05-30 13:04:04+00:00,@ciimoory oh pipi skrg dpr
437,2022-05-30 13:02:58+00:00,@tarunkumar0210 @ysathishreddy @KTRTRS Dpr lu ievakunda permision lu iechira? Brother? Asalu permission ievadani DPR submit cheyali ani telusa neku.
438,2022-05-30 12:58:12+00:00,DPR we gang gang
439,2022-05-30 12:57:59+00:00,@collegemenfess knp nyalon dpr😭
440,2022-05-30 12:57:23+00:00,@hanybunch dpr please !!😌✊🏻
441,2022-05-30 12:57:08+00:00,pag eto dpr edi himlay
442,2022-05-30 12:56:03+00:00,Anggota DPR: IKM jadi penyangga ekonomi nasional perlu kemudahan modal https://t.co/QG1RoE2Bcz
443,2022-05-30 12:55:00+00:00,@collegemenfess nyalon dpr 😭
444,2022-05-30 12:54:33+00:00,"@achaahh @f1fess Setahu kami beliau ini memang salah satu anggota DPR di Mexico, Kakk. Politisi senior gitu"
445,2022-05-30 12:54:14+00:00,Komisi VIII DPR Minta Kemenag Cermati Pengajuan Penambahan Anggaran Ibadah Haji 2022 https://t.co/BgRCWF1Whs
446,2022-05-30 12:54:10+00:00,@Jizel_dpr @Jisungfess masamaaa
447,2022-05-30 12:54:10+00:00,@Viviane_DPR @VHepnarova STVKUAHNON ????
448,2022-05-30 12:53:20+00:00,@YokiSoufyan @RasamalaArt @alvinlie21 @OmbudsmanRI137 Jadi kalau karena sesuatu hal DPR harus memanggil ketua panitia dia akan duduk di mana?
449,2022-05-30 12:51:21+00:00,@otongkoil BAHAHAHAHAHA MMPS
450,2022-05-30 12:51:04+00:00,"Ini dia DPR Penindas Rakyat Kecil, 4 kali menampar Karyawan Resto di Manggarai tapi mengaku hanya dorong kepala. 
Senggol dong......!!!!!!
Ingatkan dia Stop Menindas dan Memukuli Rakyatnya Sendiri 
Silakan SMS/Wa di Nomor wa yg ada atau komen di IGnya
@BudiWibowo99 https://t.co/KzuDHbtS5J"
451,2022-05-30 12:50:54+00:00,@nyningie anggota dpr yh
452,2022-05-30 12:50:21+00:00,Sejumlah start-up yang cukup dikenal di Indonesia melakukan bubble burst terhadap ratusan karyawannya. Disisi lain Ketua DPR RI kembali mengundang kontroversi setelah mematikan mikrofon dalam sidang paripurna ketika anggota DPR RI menyampaikan interupsi https://t.co/IvdWsEZgwD
453,2022-05-30 12:49:50+00:00,"Apakah mereka dibiarkan tumbuh subur di NKRI? 
#TolakKhilafatulMuslimin
@kemendagri @Kemenag_RI
@kemkominfo @BNPTRI @binofficial_ri @DivHumas_Polri
@Puspen_TNI @PolhukamRI
@mohmahfudmd @jokowi @DPR_RI https://t.co/l6aI9ktIEU"
454,2022-05-30 12:49:46+00:00,"Pada tanggal 25 Mei 2022, DPR telah melanjutkan pembahasan terkait RKUHP. Namun, draf terbaru tersebut tidak dapat diakses oleh publik. Hal tersebut menunjukkan bahwa DPR tidak menjunjung tinggi nilai transparansi dan partisipasi publik dalam proses legislasi. https://t.co/kZE70yWBsZ"
455,2022-05-30 12:49:03+00:00,@dpr_yian serius hyung lu seumur umur di mighty belum pernah dapet giliran mod? wkwkwk
456,2022-05-30 12:46:57+00:00,"@_denjul @garagarabola_ Sabar woi, ke dpr aja belum, emang lelet"
457,2022-05-30 12:46:48+00:00,"@Pai_C1AB Pecat aja dari anvgota Dewan, bikin malu DPR..."
458,2022-05-30 12:45:00+00:00,"Komisi 8 DPR RI menggelar rapat dengar pendapat bersama Menteri Agama, Yaqut Cholil Qoumas untuk membahas persiapan pelaksanaan ibadah haji dan alokasi kuota pengawas haji tahun 1443 H. https://t.co/ns6OyEyJew https://t.co/3e4WBaUP50"
459,2022-05-30 12:42:32+00:00,@Adesudandyo @Syarman59 @FeroS62733512 @BennyHarmanID @PDemokrat @DPR_RI @poldantt @DivHumas_Polri Malunya segudang
460,2022-05-30 12:42:25+00:00,Usulan BNPT disetujui DPR terkait pinjaman luar negeri sebesar 160 juta dolar AS https://t.co/hsHees4uek
461,2022-05-30 12:42:15+00:00,@Tuak1000ml @Syarman59 @BennyHarmanID @PDemokrat @DPR_RI @poldantt @DivHumas_Polri Semoga punya keberanian
462,2022-05-30 12:42:02+00:00,@nattachaaii @MidnightXParty @urnctaeyong @O4KEP1ER @jenoucer @dpr_yian @Ieedongwookk @mo_onbyula @haowxu GA MUNGKIN AYAH TYPING NYA BEGINI
463,2022-05-30 12:41:57+00:00,@dewi_darmawati @Syarman59 @BennyHarmanID @PDemokrat @DPR_RI @poldantt @DivHumas_Polri Kan sudah dikatakan bahwa ini cuma gertak sambal saja agar karyawan Resto ketakutan dan mencabut laporannya
464,2022-05-30 12:40:50+00:00,@urnctaeyong @yongqinwayv @nattachaaii @O4KEP1ER @jenoucer @dpr_yian @Ieedongwookk @mo_onbyula @haowxu SALAH JUGA JRIT DAHLAH GUE KECEWA
465,2022-05-30 12:40:49+00:00,"Anggota DPR Nilai Perlu Adanya Revisi UU Pengelolaan Keuangan Haji dan UU Haji 

https://t.co/i3O1IozJma"
466,2022-05-30 12:40:44+00:00,@DPRlANR DPR LOID https://t.co/8pHkBPwTVi
467,2022-05-30 12:40:38+00:00,@Syarman59 @Denia_Hasan99 @BennyHarmanID @PDemokrat @DPR_RI @poldantt @DivHumas_Polri Kemungkinan besar begitu karena dia ingin agar karyawan Resto itu ketakutan dan mencabut laporannya. Walaupun jahat taktiknya boleh juga👤😀
468,2022-05-30 12:40:31+00:00,"@JohnManjo555 @Denok71318134 @BenerRibet @BNPTRI Klo anggota DPR bingung, Om. Hrsnya dihapus dl UU MD3, biar mereka gk gede kepala spt tdk tersentuh hukum"
469,2022-05-30 12:40:26+00:00,"@MidnightXParty @nattachaaii @O4KEP1ER @urnctaeyong @jenoucer @dpr_yian @Ieedongwookk @mo_onbyula @haowxu Unver aja si dung, masukin gue"
470,2022-05-30 12:40:19+00:00,"@MidnightXParty @yongqinwayv @nattachaaii @O4KEP1ER @jenoucer @dpr_yian @Ieedongwookk @mo_onbyula @haowxu Sky. 

Suka Kalo nYosor."
471,2022-05-30 12:40:12+00:00,@MidnightXParty @urnctaeyong @nattachaaii @O4KEP1ER @jenoucer @dpr_yian @Ieedongwookk @mo_onbyula @haowxu TERUS YANG BENER APA
472,2022-05-30 12:40:07+00:00,"Kok bisanya,
3 hari lagi Jamaah Haji Kloter 1 berangkat, kok Menteri Agama @YaqutCQoumas baru Omong ke DPR, dana u/ Jamaah Haji kurang 1.5 Triliun ?

Jangan sampai bermasalah jemaah hajinya boss

https://t.co/jD8OOu8jtW"
473,2022-05-30 12:39:41+00:00,@urnctaeyong @yongqinwayv @nattachaaii @O4KEP1ER @jenoucer @dpr_yian @Ieedongwookk @mo_onbyula @haowxu SALAH
474,2022-05-30 12:39:30+00:00,@nattachaaii @yongqinwayv @O4KEP1ER @urnctaeyong @jenoucer @dpr_yian @Ieedongwookk @mo_onbyula @haowxu dahlah lu semua
475,2022-05-30 12:39:28+00:00,Komisi III DPR Setujui Usulan BNPT terkait Pinjaman Luar Negeri https://t.co/aGCGbhVmsf
476,2022-05-30 12:39:14+00:00,"@yongqinwayv @nattachaaii @MidnightXParty @O4KEP1ER @jenoucer @dpr_yian @Ieedongwookk @mo_onbyula @haowxu Memang jelmaan jin dia 

Jahat."
477,2022-05-30 12:39:06+00:00,"@mentalitta @i_am_1014 @Askrlfess tapi tweet itu juga jatuhnya kayanya nyalahin siapapun pihak yang lagi usaha nyari, “KOK BISA SIH” lah kan lagi diusahain, pengambilan diksinya salah ga respect jadinya, ditambah ga ada tanda tanya, jadinya bukan nanya tapi lebih ke ngeledek"
478,2022-05-30 12:38:56+00:00,@nattachaaii @urnctaeyong @MidnightXParty @O4KEP1ER @jenoucer @dpr_yian @Ieedongwookk @mo_onbyula @haowxu Mute aja taeyong hyung nya sekalian dung
479,2022-05-30 12:38:40+00:00,"@yongqinwayv @nattachaaii @MidnightXParty @O4KEP1ER @jenoucer @dpr_yian @Ieedongwookk @mo_onbyula @haowxu Galaksi. 

Galak Seksi."
480,2022-05-30 12:38:21+00:00,"@nattachaaii @MidnightXParty @O4KEP1ER @yongqinwayv @jenoucer @dpr_yian @Ieedongwookk @mo_onbyula @haowxu G MASALAH DUNK 

YG KEMARIN2 KAN ISINYA GW"
481,2022-05-30 12:37:58+00:00,Ihhh demi apa hbs trejo lanjut dpr live 😭
482,2022-05-30 12:37:45+00:00,@BppPcnu @bekas_o @GarengHallu Lha klo orangnya ga gila jabatan ya di tolak itu tawaran jd mentri.. contoh bung adian beliau lebih pilih di dpr
483,2022-05-30 12:37:40+00:00,Komisi II DPR: KPU masih jalan-jalan ke institusi lain https://t.co/7ObvlbpMV2
484,2022-05-30 12:37:23+00:00,"Mewakili Menlu RI dlm Rapat Konsultasi dgn Pimpinan, Komisi I &amp; Fraksi2 DPR RI (30/5) utk memberikan pertimbangan &amp; persetujuan calon Dubes negara sahabat dari Ethiopia, Armenia &amp; Singapura@#inidiplomasi #ditjen_protkons https://t.co/zvwc8NeuE1"
485,2022-05-30 12:36:46+00:00,@nattachaaii @MidnightXParty @O4KEP1ER @urnctaeyong @jenoucer @dpr_yian @Ieedongwookk @mo_onbyula @haowxu Ni admin namanya siapa dung gue lupa dung
486,2022-05-30 12:36:34+00:00,@dennis_menace69 DPR yg mana ini om? Yg ada Eko Patrio? 🙂
487,2022-05-30 12:36:29+00:00,"@RamliRizal Model nya spt membuat UU Minerba, Revisi UU KPK dll, pake pengalihan issue, trs UU andalan Oligharki jalan trs pake serangan dadakan di Lembaga DPR yg sdh mrk kuasai scr dominan..."
488,2022-05-30 12:36:27+00:00,@MidnightXParty @urnctaeyong @O4KEP1ER @nattachaaii @jenoucer @dpr_yian @Ieedongwookk @mo_onbyula @haowxu WKWKWKWKWWKWKKW
489,2022-05-30 12:36:24+00:00,"@MidnightXParty @O4KEP1ER @yongqinwayv @nattachaaii @jenoucer @dpr_yian @Ieedongwookk @mo_onbyula @haowxu Persiapan yak wak 

Jgn sampai menyesal ntar gw diving, mayan muka gw semua https://t.co/VdP23jTRkQ"
490,2022-05-30 12:35:23+00:00,lagunya dpr yg direkomendasi sama Hendery! apa aja ya?
491,2022-05-30 12:35:14+00:00,"@JohnManjo555 @Denok71318134 @BenerRibet @BNPTRI Kunci utama ada di DPR selaku legislatif, Om. Eksekutif &amp; yudikatif adl menjlnkan fungsinya berdasarkan UU tsb"
492,2022-05-30 12:34:58+00:00,Dikondisikan khilafah adl area 'abu-abu' yg sering multitafsir. Mengapa negara membiarkan saja? Buatlah aturan UU seperti merujuk PKI beserta logo dll-nya adl haram dan dilarang. Jdi kangen jaman Orba utk ketegasan hal sprti ini. Cc @DPR_RI @jokowi @mohmahfudmd
493,2022-05-30 12:34:46+00:00,"Dengerin Text Me-nya DPR Live bahaya euy

Jadi kepengen ngerasain pdkt lagi🙃🙃🙃"
494,2022-05-30 12:34:24+00:00,"@k4yyona_ Jangan diam ketika ada kezholiman, kalau mmg mereka curang, tuntut sampai manapun, ga perlu menangis datangi anggota dpr, datangi kapolri kalau perlu datangi presiden, 👍"
495,2022-05-30 12:33:48+00:00,@urnctaeyong @O4KEP1ER @yongqinwayv @nattachaaii @jenoucer @dpr_yian @Ieedongwookk @mo_onbyula @haowxu oh syit men *mute convo*
496,2022-05-30 12:33:14+00:00,@toni_Mbois @Aku64673324 @heranaraw @rngga___ @indocringe_ BTW INI AVA NYA KEREN. Keinget tahun 2019 soal ruu ayam pup dihalaman rumah wkwkwk @DPR_RI
497,2022-05-30 12:32:41+00:00,@MidnightXParty @O4KEP1ER @yongqinwayv @nattachaaii @jenoucer @dpr_yian @Ieedongwookk @mo_onbyula @haowxu Ini persiapan gw diving yak
498,2022-05-30 12:32:04+00:00,Anggota DPR Tak Sepakat Ojek Online Masuk RUU LLAJ Ada Apa https://t.co/HmwhdrS7qD
499,2022-05-30 12:30:57+00:00,"@baeeebi @SuciUchy4 @acumalakaas @0urdevil @DIOFUADY @thisissxxt @livyyrenata palelu baperan, orang lagi musibah juga, gua masukin gunung merapilu"
