,Date,Tweet
0,2022-11-29 23:58:40+00:00,Wala ba mangsasama sa tour ng dpr jan? salohin niyo na ako we gang gang na to 😂
1,2022-11-29 23:56:20+00:00,Hokeyyy. Di ako makakapag dpr we gang gang. Lemme cry 😭
2,2022-11-29 23:55:17+00:00,"TINDAKAN DAN SARAN SALAH SEORANG RELAWAN PARTAI AMANAT NASIONAL (PAN) DALAM PENANGGULANGAN CEPAT KORBAN BENCANA GEMPA CIANJUR (Saran ditulis oleh : Darwin Purba, SKom, MM, DR(c) Bacaleg DPR RI PAN Jabar-06 Kota Bekasi dan Kota Depok)
https://t.co/OdsJO69irS"
3,2022-11-29 23:54:32+00:00,@ihatejyp @gothsforchan dpr ian
4,2022-11-29 23:54:19+00:00,sino ba naman ako para makapag dpr we gang gang
5,2022-11-29 23:53:39+00:00,Emang anggota DPR gak kuat beli pulsa terus telp...?
6,2022-11-29 23:52:42+00:00,"Terkait beredarnya isu dana BUMN yang mengalir ke acara Nusantara Bersatu, anggota DPR RI Dedy Yevri Sitorus dari komisi IV mengungkapkan bahwa, tidak ada dana BUMN mengalir ke acara tersebut, dan disinyalir sebagai isapan jempol belaka.
@erickthohir
#BangkitBersamaET https://t.co/orh6HljRda"
7,2022-11-29 23:51:37+00:00,Naol dpr we gang gang 🥹🥹🥹
8,2022-11-29 23:50:26+00:00,@RafliPadang @sabar_setiabudi @Mdy_Asmara1701 Eh orang goblok pilkada 2022 gak ada itu persetujuan dpr dan disahkan sebelum ada pilkada 2017.jadi jika ahok pun jadi gubernur maka dia juga akan digantikan pj
9,2022-11-29 23:50:25+00:00,nyari calo tiket dpr susah skli fak
10,2022-11-29 23:49:57+00:00,"Aku serkertaris, sekarang sibuk nya ngelebihin tuan dpr"
11,2022-11-29 23:47:25+00:00,"@jilly_billi @DPRIAN_ Ga nyangka anggota DPR selain menghimpun aspirasi rakyat, juga bakal duet nyanyi ma IU 😭"
12,2022-11-29 23:45:32+00:00,@detikcom P Basuki Nyindir Anggota DPR yg Rata2 hp.nya berharga diatas https://t.co/GRN03ZSfGH
13,2022-11-29 23:44:37+00:00,@ronikosmoss dpr cream😭
14,2022-11-29 23:43:45+00:00,@NarasiNewsroom Tidak termasuk anggota DPR gak nih ?
15,2022-11-29 23:42:34+00:00,"@joko_maryadi Emang tugas dpr itu curhat???
Koyo bocil ae"
16,2022-11-29 23:40:33+00:00,"Yukz ke Nganjuk
#NganjukKotaAngin
TPPJatim
#TPPPamekasan
@jokowi
 @halimiskandarnu 
@KemenkeuRI 
@DPR_RI 
@RaffiAhmadLagi 
@kemendespdtt https://t.co/LC3KxeiOGM"
17,2022-11-29 23:39:28+00:00,"@erickthohir dan DPR pastikan tak ada dana BUMN mengalir ke acara Nusantara Bersatu.
#BangkitBersamaET https://t.co/ABkOH2WLlc"
18,2022-11-29 23:37:25+00:00,"Kapolsek Bangun Purba Akp Herwin menghadiri Giat Kunjungan Bapak dr. SOFYAN TAN Anggota DPR RI KOMISI X FRAKSI PDI PERJUANGAN dalam rangka ""PENYRERAHAN SK PROGRAM INDONESIA PINTAR (PIP)  KEPADA SISWA/i SEKOLAH SD, SMP dan SMA"" di Kecamatan Bangun Purba Kabupaten Deli Serdang
#po https://t.co/QlB13SNPGG"
19,2022-11-29 23:35:06+00:00,"Menurut anggota Deddy Yevri Sitorus anggota Komisi VI DPR RI memastikan bahwa tidak ada dana BUMN mengalir ke acara Nusantara Bersatu yang berawal dari tudingan 
kabar soal dana dari BUMN hal itu merupakan fitnah keji

@erickthohir
#BangkitBersamaET https://t.co/KI59x2IqyZ"
20,2022-11-29 23:34:16+00:00,dpr we gang gang sana kung nasa manila lang tayo
21,2022-11-29 23:34:02+00:00,aomg namaaaan dpr namaaaan tnginanhojshsjejw
22,2022-11-29 23:32:48+00:00,"@detiika28 @ainunrozi Anda sangat luar biasa kak, cocok jadi anggota DPR"
23,2022-11-29 23:32:41+00:00,@seouldonghyuns SEE U BEH OMG MAKIKITA NA TAYO NG DPR
24,2022-11-29 23:31:42+00:00,UCAPAN SELAMAT ... KHUSUS DARI PAK ANDRE ROSIADE ANGGOTA DPR RI/KETUA HARIAN DPP IKM PUSAT UNTUK DPD IKM PURWAKARTA 😊🙏 https://t.co/9gQPWLWyFQ
25,2022-11-29 23:30:10+00:00,"Banyak hal yang perlu diperhatikan KSAL Laksamana Yudo Margono setelah dilantik menjadi Panglima TNI. Proses persetujuan Yudo menjadi Panglima TNI oleh DPR kemungkinan baru digelar pekan depan. #Polhuk #AdadiKompas

https://t.co/v8dnSixvAn"
26,2022-11-29 23:30:07+00:00,"Banyak hal yang perlu diperhatikan KSAL Laksamana Yudo Margono setelah dilantik menjadi Panglima TNI. Proses persetujuan Yudo menjadi Panglima TNI oleh DPR kemungkinan baru digelar pekan depan. #Polhuk #AdadiKompas
https://t.co/rrYlpQFOHy"
27,2022-11-29 23:29:58+00:00,"🙋🏻‍♀️: aku selasa nonton konser ya nginep dirumah vv
🙋🏻‍♂️: yang Ian apa yang Jisoo?
🙋🏻‍♀️: WKWKWK yang Ian yang Jisoo nanti maret. Berasa temen deket bgt sm Ian &amp; Jisoo. Tp aku nonton DPR sm Blackpink bukan Ian / Jisoo 🤣"
28,2022-11-29 23:29:40+00:00,DPR x NCT lah gaskan 😏😏😏
29,2022-11-29 23:28:55+00:00,"Pagi lur senantiasa penjenengan sedoyo tansyah pinaringan kesehatan keselamatan dan kesuksesan  ""harapan rakyat perjuangan Demokrat ""@PDemokrat @FPD_DPR https://t.co/k4moswec0w"
30,2022-11-29 23:27:04+00:00,"Soal Fit and Proper Test Laksamana Yudo Calon Panglima TNI Ditunda-tunda dan Cacat Hukum, Ini Penjelasan DPR https://t.co/VjfNIq9eiF"
31,2022-11-29 23:26:08+00:00,dpr regime manila gen ad ticket #DPRMANILA
32,2022-11-29 23:25:51+00:00,"@treasuremenfess To, coba bawain dpr we gang gang deh 🥺"
33,2022-11-29 23:25:44+00:00,"DPR Minta Kominfo Matikan Siaran TV Analog di Seluruh Indonesia

Diberitakan sebelumnya, Komisi I DPR melakukan evaluasi terhadap pelaksanaan ASO 
@PlateJohnny
@kemkominfo
https://t.co/oPIxswFqSk"
34,2022-11-29 23:24:23+00:00,@IrenaLenard @DefensePolitics @Hameedwafa Ask DPR terrorists
35,2022-11-29 23:24:03+00:00,@VyMauricio DPR concert mmya HAHHAHA
36,2022-11-29 23:21:02+00:00,KSAL Laksamana Yudo Margono telah diajukan Presiden Jokowi ke DPR RI untuk menggantikan Jenderal Andika Perkasa menjadi Panglima TNI. Apa alasannya? https://t.co/YA2L3yf913
37,2022-11-29 23:21:01+00:00,"Presiden @jokowi telah mengajukan Laksamana TNI Yudo Margono sebagai calon tunggal Panglima Tentara Nasional Indonesia untuk menggantikan Jenderal TNI Andika Perkasa. Surpres terkait hal tersebut sudah disampaikan kepada DPR untuk mendapatkan persetujuan.
https://t.co/HKwoEmBf9N"
38,2022-11-29 23:20:01+00:00,KSAL Laksamana Yudo Margono telah diajukan Presiden Jokowi ke DPR RI untuk menggantikan Jenderal Andika Perkasa menjadi Panglima TNI. Apa alasannya? https://t.co/YA2L3ywc33
39,2022-11-29 23:19:15+00:00,DPR Imbau Pemda Gratiskan BPHTB Awal https://t.co/olRfVkgrJo
40,2022-11-29 23:18:49+00:00,KSAL Laksamana Yudo Margono telah diajukan Presiden Jokowi ke DPR RI untuk menggantikan Jenderal Andika Perkasa menjadi Panglima TNI. Apa alasannya? https://t.co/02jD6kkx0K
41,2022-11-29 23:18:13+00:00,"IDI tolak Omnibus law kesehatan?

#Cakepbanget #AzamSwati #bella #omnibuslauw #DPR 

https://t.co/EUgeJJFcrw"
42,2022-11-29 23:18:06+00:00,@Dika76595557 @CIVICUSalliance @vincentrcrd @DPR_RI @POTUS @SecBlinken @SenatorWong @vonderleyen @jokowi @Menlu_RI emangnya pepo cikeas kesayangan situ demokratis ya??? mau AHY berkuasa terus cikeas korupsi lagi
43,2022-11-29 23:18:01+00:00,"@jokowi @DPR_RI
@kementan @Kemendag @PerekonomianRI
@akang_hero @her_alone
https://t.co/TNqY1yk8an
Bukan Legenda Roro Jonggrang Pak Mentan dipersiapkan secara Real.
Survey ke Penggilangan padi di daerah hanya tanya kapasitas bila harga 10.300/ kg mau setor ke Bulog berapa ton."
44,2022-11-29 23:17:47+00:00,"@Om_HME @Ryugie_Nufus_82 @papa_loren Harus nya baca berita, atau nonton berita di tv, ada ratusan anggota dpr yg gajinya em2 an jangan ngarang sendiri ....... yg tolol jangan pamer goblok ....  malu atuh 🙃"
45,2022-11-29 23:17:36+00:00,Kata Ketua Komisi I DPR Soal Rekam Jejak Calon Panglima TNI Yudo Margono https://t.co/9io6qVbXzP
46,2022-11-29 23:16:23+00:00,Anggota DPR ya telpon lah. Tolong
47,2022-11-29 23:15:14+00:00,"Wakil Ketua DPR RI Dasco menyebut fit and proper test calon Panglima TNI, KSAL Yudo Margono, kemungkinan dilakukan pada pekan depan. Ini alasannya... https://t.co/k4LX2LTAgg"
48,2022-11-29 23:13:21+00:00,Mr. Insanity – DPR IAN https://t.co/cED0cf72MJ
49,2022-11-29 23:12:45+00:00,sayang di ako makakapag dpr we gang gang 🤧
50,2022-11-29 23:12:08+00:00,DPR IAN EXACTO HYUNE MI AMOR 🖤🖤🖤
51,2022-11-29 23:10:51+00:00,"...itu yg diharapkan, paling tidak dpr tdk dikuasai lagi..."
52,2022-11-29 23:08:38+00:00,Di talaga makakapag DPR WE GANG GANG  🥲
53,2022-11-29 23:05:00+00:00,"@Hahawkwklol @raknduwe @JeSuu99 @virgogasm @dhee_dood @convomfs Kita semua menghujat dpr korupsi, pejabat korupsi, dll. 

Pertanyaannya adalah, apakah ada jaminan kita gak bakal korupsi kalo diposisi mereka? Wkwkwk"
54,2022-11-29 23:04:40+00:00,"@LaNyallaAcademy @DPDRI @DPR_RI @democrazymedia Ayo @fahiraidris @DPDRI kalo berjuang demi rakyat segera cabut mandatori Vaxx C19, otak Jepang sekali lagi lebih cerdas dari Wakanda 
https://t.co/i8nBmRBrVv"
55,2022-11-29 23:03:58+00:00,"DPR RI pastikan  tidak ada dana BUMN mengalir ke acara Nusantara Bersatu

Kabar soal dana dari BUMN itu berbau fitnah keji 
@erickthohir
#BangkitBersamaET https://t.co/CNzQHCwGNc"
56,2022-11-29 23:02:21+00:00,ptn mais j’ai vu dpr quoi ?????????
57,2022-11-29 23:01:21+00:00,"Apa sih hidden agenda jika Koperasi di bawah OJK ?

#TolakOJKdiKoperasi
#TolakOJKdiKoperasi
#TolakOJKdiKoperasi
@jokowi
@KemenkopUKM
@kemenkeuRI
@DPR_RI https://t.co/rKHYkE88wC"
58,2022-11-29 22:59:48+00:00,"DPR pastikan tidak  ada dana  BUMN  mengalir ke acara  Nusantara Bersatu.
Tidak  ada  proposal  pengajuan  RP 100 M ke kementerian BUMN. 
@erickthohir 
#BangkitBersamaET https://t.co/kU97dHtYOh"
59,2022-11-29 22:56:20+00:00,@Bagindaa98 @badjoejavas @setelah24ya25 @HoofdbureauID @DivHumas_Polri @DPR_RI Takut bnget abis gebukin orang sampe mampus masa kecilnya pas lulu sekolah daftar jd aparat trus lolos wkwks😭
60,2022-11-29 22:54:49+00:00,@RannaMekel @badjoejavas @setelah24ya25 @HoofdbureauID @DivHumas_Polri @DPR_RI Lulus skolah lngsung dagang onde”😭
61,2022-11-29 22:53:48+00:00,@kiokio878 @badjoejavas @setelah24ya25 @HoofdbureauID @DivHumas_Polri @DPR_RI Yg rubah UU itu kan bukan polisi🗿
62,2022-11-29 22:52:11+00:00,"Bismillahi Rachmani Rachim  🇮🇩🇮🇩🇮🇩
Jangan ada yg marah ya, bila Aceh pilih @aniesbaswedan 
Boleh marah kalau Aceh minta MERDEKA 🇮🇩🇮🇩🇮🇩

@NasDem @PKSejahtera @PDemokrat  @PemprovAceh
@DPR_Aceh @sobat_anies @sobataniesaceh
@Sobataniesmbr24 
@tempodotco 
@alisyarief @rockygerung_rg https://t.co/ROt4lgALx6"
63,2022-11-29 22:50:47+00:00,"Sementara Divisi Teknis Penyelenggaraan, Insan Qoriawan, menyampaikan bahwa PKPU tentang pencalonan DPD saat masih belum diundangkan, tetapi sudah dikonsultasikan ke Komisi II DPR RI. 

Acara dimulai pukul 09.30 WIB - selesai."
64,2022-11-29 22:50:17+00:00,Sapa yg h-6 belom nemu outfit ktemu dpr?!!! Saya saya sayaaa
65,2022-11-29 22:49:13+00:00,"@HendyWidyow @sbyfess Jeneng e preman mas, lek sogeh ga ngara dadi preman, dadi dpr."
66,2022-11-29 22:45:55+00:00,@c90mikey hula hoops pero de dpr
67,2022-11-29 22:44:45+00:00,"HARI ASPIRASI

Anggota DPR RI Fraksi PKS, Amin AK dan Suryadi Jaya Purnama, menerima aspirasi dari warga Bandung Barat, tepatnya yang tinggal di Kec. Ngamprah dan Kec. Padalarang, guna membahas mengenai wilayah mereka yg terkena dampak negatif akibat pembangunan kereta cepat. https://t.co/kSK6tYw7pb"
68,2022-11-29 22:39:04+00:00,"Berita Papua // Lagi, DPR Papua dan keluarga korban mutilasi minta 6 prajurit TNI diadili di Timika https://t.co/034QAMjIqX https://t.co/onfLnf2RfR"
69,2022-11-29 22:31:49+00:00,"https://t.co/CJqa5jOQta ==&gt; Pemerah Bibir Alami Original Beauty Clinic #pemerahbibir #perokok #bibirpink #bibirhitam #lipstick #serumbibir #bestseller #gratisongkir #bayardirumah
#ruukuhp #dpr"
70,2022-11-29 22:29:53+00:00,"@collegemenfess Bolos nder, karena walaupun izin tetap dianggap tidak hadir"
71,2022-11-29 22:29:29+00:00,d-day! see u dpr gang!!
72,2022-11-29 22:21:52+00:00,@oxygenoid @pn7l7h Pungli sudah tradisi bangsa ini dpr aja masih pda pungli
73,2022-11-29 22:18:45+00:00,Anggota DPR dapil sumatera Barat paling sok suci itu tahu ga sih anaknya suka banget telanjang di Instagram?
74,2022-11-29 22:17:01+00:00,@poetheejin dpr live amooo
75,2022-11-29 22:16:24+00:00,@poetheejin DPR ALI LACRE
76,2022-11-29 22:16:14+00:00,HOYY NAAY CONCERT ANG DPR!!!!!!!!!!!!!!!!!!!
77,2022-11-29 22:15:15+00:00,"@hardye76 Anggota dpr kan tunjangan komunikasinya berjuta2, ya ditelephon lah itu Pak Bas masa cm ngandelin wa."
78,2022-11-29 22:12:50+00:00,YLBHI: Pemerintah dan DPR Mengulang Situasi 2019 Saat RKUHP Ditolak #ylbhi #rkuhp #matradata https://t.co/0bZOm51w3T
79,2022-11-29 22:12:49+00:00,YLBHI: Pemerintah dan DPR Mengulang Situasi 2019 Saat RKUHP Ditolak #ylbhi #rkuhp #matradata https://t.co/U8fPGe5NVp
80,2022-11-29 22:08:08+00:00,"Inilah yg disebut Rakyat kecil..‼☝️
Semua bkampanye utk rakyat. ..tp rakyat kota yg borju...😑
@PDemokrat 
@PartaiGolkar 
@PDIPPusat 
@NasDem 
Bulshiiittt..🙄 jembatan pnyeberangn sj tak ada yg peduli...ktnya anggota DPR reses k tmpt rakyatnya yg milih..tp hny bobok dihotel🤡 https://t.co/qdLfiyDXdT"
81,2022-11-29 22:04:33+00:00,hyunjin che cita ian my skz x dpr crumbs https://t.co/Tmd6Jc90hk
82,2022-11-29 22:01:52+00:00,"Pimpinan DPR: Kalau Terus-terusan Dibahas Ulang RUU KUHP Tak Kunjung Disahkan https://t.co/i4PxFmWREk 

@Kemenkumham_RI @bhp_semarang #bhpsemarang #KumhamPasti #KamiPasti #KumhamSemakinPasti #Kumham #kemenkumham #kemenkumhamri #Twitter #2022SemakinPasti #berita #RKUHP #news"
83,2022-11-29 22:01:32+00:00,Dpr+ty+mark lee https://t.co/2t4lB48rGE
84,2022-11-29 21:59:36+00:00,dpr we gang gang
85,2022-11-29 21:59:36+00:00,"Wamenkumham, Hasil Diskusi Masyarakat, Pemerintah, &amp; DPR Dimasukkan dalam RKUHP https://t.co/LVJPJStieL 

@Kemenkumham_RI @bhp_semarang #bhpsemarang #KumhamPasti #KamiPasti #KumhamSemakinPasti #Kumham #kemenkumham #kemenkumhamri #2022SemakinPasti #berita #RKUHP #news #Twitter"
86,2022-11-29 21:57:45+00:00,"Pengesahan RUU RKUHP, DPR Tunggu Hasil Bamus https://t.co/rNtVWJCksy 

@Kemenkumham_RI @bhp_semarang #bhpsemarang #KumhamPasti #KamiPasti #KumhamSemakinPasti #Kumham #kemenkumham #kemenkumhamri #Twitter #SocialMedia #2022SemakinPasti #berita #RKUHP #news"
87,2022-11-29 21:55:37+00:00,"Terima Masukan RKUHP, Organisasi Advokat Apresiasi Pemerintah dan DPR https://t.co/m9M6AQVEbz 

@Kemenkumham_RI @bhp_semarang #bhpsemarang #KumhamPasti #KamiPasti #KumhamSemakinPasti #Kumham #kemenkumham #kemenkumhamri #Twitter #SocialMedia #2022SemakinPasti #berita #RKUHP #news"
88,2022-11-29 21:54:56+00:00,"Komisi III DPR Nilai Wajar Masih Ada yang Memprotes RKUHP https://t.co/vVOzhFTeNC 

@Kemenkumham_RI @bhp_semarang #bhpsemarang #KumhamPasti #KamiPasti #KumhamSemakinPasti #Kumham #kemenkumham #kemenkumhamri #Twitter #SocialMedia #2022SemakinPasti #berita #RKUHP #news"
89,2022-11-29 21:54:29+00:00,"Komisi III DPR Berharap RKUHP Disahkan Menjadi Undang-Undang https://t.co/soyRqnIpVf 

@Kemenkumham_RI @bhp_semarang #bhpsemarang #KumhamPasti #KamiPasti #KumhamSemakinPasti #Kumham #kemenkumham #kemenkumhamri #Twitter #SocialMedia #2022SemakinPasti #berita #RKUHP #news"
90,2022-11-29 21:54:26+00:00,"Koperasi penggerak ekonomi nasional sebagai soko guru ekonomi Indonesia

#DukungKSPtetapdiKemenkop

@jokowi
@DPR_RI
@KemenkeuRI
@KemenkopUKM"
91,2022-11-29 21:53:11+00:00,"Melangkah bersama sama demi kesejahteraan bersama. 
#DukungKSPtetapdiKemenkop

@jokowi
@DPR_RI
@KemenkeuRI
@KemenkopUKM https://t.co/XwaERCGsDb"
92,2022-11-29 21:52:49+00:00,"Koperasi penggerak ekonomi nasional sebagai soko guru ekonomi Indonesia

#DukungKSPtetapdiKemenkop

@jokowi
@DPR_RI
@KemenkeuRI
@KemenkopUKM

https://t.co/recFSC84qx"
93,2022-11-29 21:52:35+00:00,"DPR Klaim tak Ada Penolakan dalam Pengambilan Keputusan RKUHP https://t.co/qUHzRhiP7V 

@Kemenkumham_RI @bhp_semarang #bhpsemarang #KumhamPasti #KamiPasti #KumhamSemakinPasti #Kumham #kemenkumham #kemenkumhamri #Twitter #SocialMedia #2022SemakinPasti #berita #RKUHP #news"
94,2022-11-29 21:51:56+00:00,@FPKSDPRRI Berusaha lah menjadi ketua DPR..semoga dapat membuat undang-undang yang pro dgn Islam
95,2022-11-29 21:51:29+00:00,"DPR Tak akan Lakukan Pembahasan Ulang Substansi RKUHP https://t.co/7TZWeWJto4 

@Kemenkumham_RI @bhp_semarang #bhpsemarang #KumhamPasti #KamiPasti #KumhamSemakinPasti #Kumham #kemenkumham #kemenkumhamri #Twitter #SocialMedia #2022SemakinPasti #berita #RKUHP #news"
96,2022-11-29 21:50:37+00:00,"Dasco: Pengesahan RKUHP Tunggu Hasil Bamus DPR https://t.co/cfjYggyKtj 

@Kemenkumham_RI @bhp_semarang #bhpsemarang #KumhamPasti #KamiPasti #KumhamSemakinPasti #Kumham #kemenkumham #kemenkumhamri #Twitter #SocialMedia #2022SemakinPasti #berita #RKUHP #news"
97,2022-11-29 21:50:05+00:00,"DPR Pastikan RKUHP Tinggal Disahkan https://t.co/FeLSzJDFEy 

@Kemenkumham_RI @bhp_semarang #bhpsemarang #KumhamPasti #KamiPasti #KumhamSemakinPasti #Kumham #kemenkumham #kemenkumhamri #Twitter #SocialMedia #2022SemakinPasti #berita #RKUHP #news"
98,2022-11-29 21:49:38+00:00,"Koperasi penggerak ekonomi nasional sebagai soko guru ekonomi Indonesia

#DukungKSPtetapdiKemenkop

@jokowi
@DPR_RI
@KemenkeuRI
@KemenkopUKM

https://t.co/7V3mNPPqdY"
99,2022-11-29 21:49:37+00:00,"Bamus DPR Bahas RKUHP Pekan Depan Sebelum Disahkan Jadi UU diParipurna https://t.co/JBVtSqfItH 

@Kemenkumham_RI @bhp_semarang #bhpsemarang #KumhamPasti #KamiPasti #KumhamSemakinPasti #Kumham #kemenkumham #kemenkumhamri #Twitter #SocialMedia #2022SemakinPasti #berita #RKUHP #news"
100,2022-11-29 21:48:20+00:00,@hardye76 kinerja bagus... DPR masih cari2 celah utk mncari kekurangan... 😓
101,2022-11-29 21:47:42+00:00,@_DPRLIVE DPR× NCT COLLAB WHEN !?!??!?!
102,2022-11-29 21:47:37+00:00,"Ketua DPR RI @puanmaharani_ri menerima brevet Hiu Kencana ke tujuh pejabat tinggi negara dalam KRI Alugoro-405 di Dermaga 100 Tanjung Priok, Jakarta Utara.

#PuanMaharani 
#puanmaharanicentre https://t.co/CEPSO4CY4k"
103,2022-11-29 21:47:14+00:00,"DPR: Pengesahan RKUHP Tunggu Hasil Bamus https://t.co/CQHfs8HYf7 

@Kemenkumham_RI @bhp_semarang #bhpsemarang #KumhamPasti #KamiPasti #KumhamSemakinPasti #Kumham #kemenkumham #kemenkumhamri #Twitter #SocialMedia #2022SemakinPasti #berita #RKUHP #news"
104,2022-11-29 21:46:21+00:00,dpr we gang gang later with haeyong https://t.co/qXYXvvqZrP
105,2022-11-29 21:45:50+00:00,"Jyaan...dipikir2 kok malah kepikiran ya..
#DukungKSPtetapdiKemenkop

@jokowi
@DPR_RI
@KemenkeuRI
@KemenkopUKM"
106,2022-11-29 21:43:24+00:00,"Ini merupakan ikhtiar kami untuk memperjuangkan dan ikut serta memajukan ekonomi.
#DukungKSPtetapdiKemenkop

@jokowi
@DPR_RI
@KemenkeuRI
@KemenkopUKM https://t.co/u4ISx701Js"
107,2022-11-29 21:43:23+00:00,@rupeka_ghozy @PSSI Y kn klo warganegara mesti ad Dpr presiden dll
108,2022-11-29 21:42:02+00:00,"Ketua Komisi III DPR Perkirakan RKUHP Disahkan https://t.co/AaTpzTrbLz 

@Kemenkumham_RI @bhp_semarang #bhpsemarang #KumhamPasti #KamiPasti #KumhamSemakinPasti #Kumham #kemenkumham #kemenkumhamri #Twitter #SocialMedia #2022SemakinPasti #berita #RKUHP #news"
109,2022-11-29 21:41:54+00:00,"Perekonomian pasca pandemi harusnya menjadi fokus @KemenkopUKM bukan malah diserahkan ke OJK. 
#DukungKSPtetapdiKemenkop

@jokowi
@DPR_RI
@KemenkeuRI https://t.co/4yfOc3hRj0"
110,2022-11-29 21:38:38+00:00,"Dalam keberjalannya selama ini,harusnya dari @KemenkopUKM mengambil momentum dan lebih memperkuat peran dalam pengawasan Koperasi.
#DukungKSPtetapdiKemenkop

@jokowi
@DPR_RI
@KemenkeuRI https://t.co/PbOfijTUuL"
111,2022-11-29 21:37:13+00:00,"Gara-gara ga diajak bapaknya, akhirnya Agus buat acara sendiri di Australia..

Makanya coba nyaleg biar biar mulai dari jadi anggota DPR..

Kalau pun gagal pilpres 2024 ada kerjaan, ga cuma jalan-jalan kesana kemari ga ada faedahnya.. https://t.co/fMGtDgIjuA"
112,2022-11-29 21:36:06+00:00,"Koperasi jelas memperkuat ekonomi anggotanya,harusnya ya...
#DukungKSPtetapdiKemenkop

@jokowi
@DPR_RI
@KemenkeuRI
@KemenkopUKM https://t.co/K3VdQpbHQK"
113,2022-11-29 21:34:54+00:00,DPR IAN es god
114,2022-11-29 21:33:23+00:00,"Ajakan nabung di Koperasi lebih diraaakan kebermanfaatannya oleh masyarakat.
#DukungKSPtetapdiKemenkop

@jokowi
@DPR_RI
@KemenkeuRI
@KemenkopUKM https://t.co/rQmdAQ1lqW"
115,2022-11-29 21:31:23+00:00,"Koperasi selalu mengedepankan kesejahteraan anggotanya dengan berasaskan kekeluargaan.
#DukungKSPtetapdiKemenkop

@jokowi
@DPR_RI
@KemenkeuRI
@KemenkopUKM https://t.co/kzfVBMYaq0"
116,2022-11-29 21:31:14+00:00,DPR LIVE X NCT NO HAY DUDA
117,2022-11-29 21:28:09+00:00,"Ketika ditanya,apa yang kamu pikirkan?#DukungKSPtetapdiKemenkop

@jokowi
@DPR_RI
@KemenkeuRI
@KemenkopUKM"
118,2022-11-29 21:19:15+00:00,goodnight naiinggit ako gusto ko rin maki dpr we gang gang bukas 💔
119,2022-11-29 21:06:28+00:00,"KAMI INSAN KOPERASI
MENOLAK RUU PPSK
KARENA MERUSAK 
DEMOKRASI EKONOMI

#TolakOJKdiKoperasi 
#kerajinan 
@KemenkopUKM 
@KemenkeuRI 
@DPR_RI https://t.co/mwRBPrfE5M"
120,2022-11-29 21:04:55+00:00,"KAMI INSAN KOPERASI
MENOLAK RUU PPSK
KARENA MERUSAK 
DEMOKRASI EKONOMI

#TolakOJKdiKoperasi 
#kerajinan
@KemenkopUKM 
@KemenkeuRI 
@DPR_RI https://t.co/2x8vQiNpXW"
121,2022-11-29 21:03:58+00:00,DPR we gang gang today! Maaga nagising dahil probinsya pa ng Alabang pupuntahan ko hahaha https://t.co/hJDk3wxpn5
122,2022-11-29 21:03:21+00:00,@pwtlover dpr ian c’est un artiste
123,2022-11-29 21:00:44+00:00,bantu sal ketemu dpr ian
124,2022-11-29 20:51:24+00:00,3 Rapper DPR yang Bakal Meriahkan ‘THE REGIME WORLD TOUR 2022’ https://t.co/xOgBG7WEc7
125,2022-11-29 20:41:45+00:00,markkk ke notice dpr nohh 😳😳
126,2022-11-29 20:41:39+00:00,Ini beneran mingdep ketemu dpr? 🥹😭
127,2022-11-29 20:34:46+00:00,@TsunasFlames @deviIlegacy dpr we gang gang
128,2022-11-29 20:24:01+00:00,DPR x NCT collab 😗
129,2022-11-29 20:23:39+00:00,@dprdabin Martini 🍸
130,2022-11-29 20:18:58+00:00,Jangan Pilih Ketua DPR Tersangkut Korupsi. Berikut ini Setya Novanto Korupsi Baca selengkapnya. https://t.co/sZ20eGH9m5
131,2022-11-29 20:16:16+00:00,"KAMI INSAN KOPERASI
MENOLAK RUU PPSK
KARENA MERUSAK 
DEMOKRASI EKONOMI

#TolakOJKdiKoperasi 
@jokowi 
@KemenkopUKM 
@KemenkeuRI 
@DPR_RI https://t.co/cYlOwy24RQ"
132,2022-11-29 20:14:09+00:00,Dpr live- Jasmine&gt;&gt;&gt;&gt;&gt;
133,2022-11-29 20:09:16+00:00,dpr we gang gang 🥲🤟
134,2022-11-29 20:09:14+00:00,Komisi VII DPR RI Bahas RUU EBET Bersama Pemerintah https://t.co/nDVwQdBZvI
135,2022-11-29 20:09:13+00:00,Komisi VI DPR Dukung PLN Wujudkan Penyediaan Listrik Hingga Pelosok Negeri https://t.co/KEI6tkR2N0
136,2022-11-29 20:05:30+00:00,"BBM naik sama dengan rakyatnya jadi pada miskin, kita disuruh ngirit2 DPR minta naik gaji"
137,2022-11-29 20:04:58+00:00,@DPR_RI Kami an rakyat Indonesia meminta agar UUD peres di rubah menjadi 3 priode kepada anggota dewan kami mohon di wakili terima kasih
138,2022-11-29 19:59:48+00:00,"@Ramires07543204 @Aby64378069 @DaengWahidin2 Loll kalau kapasitas mu cuman nyinyir doang ,unfaedah !
Negara ini mau dia ngutang .bangun tol apa pun itu sudah ada yg mengurus nya .
Inget ada DPR dll mitra pemetintah dalam mmbangun negara.ini dan semua ada mekanisme nya,mata mu jangan picek tau nya pak jokowi aja ..🤣🤣loll"
139,2022-11-29 19:57:54+00:00,@FraksiRakyatID @MCAOps Berarti enggak ada gunanya DPR.. Karena rakyat mana yg di wakili
140,2022-11-29 19:54:08+00:00,@OLDRACHA97 @DPR_Gra HAAHAHHAHA
141,2022-11-29 19:51:13+00:00,dpr gang gang in mnl😭
142,2022-11-29 19:49:18+00:00,DPR AND NCT?!:!/$/$!/
143,2022-11-29 19:45:21+00:00,DPR IAN https://t.co/7JVA80e1vC
144,2022-11-29 19:39:59+00:00,"lf kasama sa queue gen-ad/con buddy for dpr manila!  

#DPRMANILA #DPRinMNL"
145,2022-11-29 19:39:21+00:00,"Uang cucuran masyarakat jatuhnya
ke DPR juga"
146,2022-11-29 19:35:09+00:00,mark dpr live NANGIS AJALAH GW
147,2022-11-29 19:32:10+00:00,"TERKUTUK LAH KALIAN @pertamina , @jokowi , @basuki_btp , @erickthohir , @DPR_RI DAN SELURUH PEMANGKU KEBIJAKAN MENAIKKAN BBM, BUAT KAMI DRIVER TAXI ONLINE, SAYA YAKIN OJOL JUGA SUDAH TIDAK BISA BERHARAP PADA PROFESI INI , SEMOGA KALIAN DI LAKNAT ALLOH SWT KARENA KEZALIMAN KALIAN"
148,2022-11-29 19:20:20+00:00,need tikon dpr 😭🤏🏽
149,2022-11-29 19:16:45+00:00,Eh sumpah gw ga muluk² ngarep collab TAPI ANJING DABIN TAU TAEYONG TUH GW😖😖😖😖😖😖😖😖🫠🫠🫠🫠🫠🫠🫠 tapi kalobisa collab sih dpr live x taeyong mark ANJING STOPPPPPPPP
150,2022-11-29 19:15:41+00:00,"@diantaratitik @Komodo_jogging @PartaiSocmed Keliru. Harusnya ttp ada oposisi di DPR sbg controller kinerja Eksekutif donk? Mereka diem ya brrti salah donk knp? Gak kerja sesuai jobnya, dibayar pake pajak kita pula. Di satu sisi  politik jokowi bagus, memberangus oposisi sampe ompong. Paling an yg bunyi perorangan aja"
151,2022-11-29 19:08:53+00:00,@couprang_hey @_DPRLIVE Dpr mark when
152,2022-11-29 19:07:00+00:00,Manifesting dpr x nct 🙏🏼
153,2022-11-29 19:05:27+00:00,ANG PANGIT NG WEEK NA ‘TO HA? ‘Di ko na makikita dpr gang tapos ‘di ko rin makikita en-
154,2022-11-29 19:00:47+00:00,"@XuehuaVT keshi, twice, dpr ian &amp; live, nct 127, thuy, niki, monsta x, n rini"
155,2022-11-29 18:57:38+00:00,@STAR1xSISTAR dpr ian scaredy cat?
156,2022-11-29 18:52:56+00:00,dpr we gang gang tom pero team bahay T^T
157,2022-11-29 18:51:08+00:00,"@PresidenKopi Ketua DPR RI kena sandera kasus sambo,baru kabar angin..makanya magut gak berkutik"
158,2022-11-29 18:50:30+00:00,i believe iiyak aq latur eyY dpr we cri cri
159,2022-11-29 18:47:45+00:00,"@offor2000 DPR
EFCC
DSS"
160,2022-11-29 18:45:35+00:00,dpr we gang gang
161,2022-11-29 18:39:13+00:00,hyunjin eligio a dpr ian cm el artist q mas le gusto d 2022 xfavoorr
162,2022-11-29 18:39:10+00:00,DPR IANNNN LETS GO
163,2022-11-29 18:38:56+00:00,putangina hindi ko makikita dpr mamaya ang sakit sa puso
164,2022-11-29 18:36:33+00:00,"Rakyat akan gugat DPR 
#JokowiTakutDimakzulkan 
#JokowiTakutDimakzulkan"
165,2022-11-29 18:36:30+00:00,"@awwicakk @rizqitamiang Suka-suka orang lah mau bikin aturan negara pakai apa. Aturan negara kita juga banyak yang berdasar agama lho? Protes aja ke DPR kalau dirasa aneh. Dan kalaupun itu aturan dari agama sekalipun, bukan berarti jadi ga valid. Rusia &amp; China tetep ban lgbt tuh walau tanpa agama"
166,2022-11-29 18:35:11+00:00,@genztleman @Xp_240 ntar pas udah jadi dpr
167,2022-11-29 18:33:56+00:00,Bimtek : Komisi IV DPR RI melalui Aspirasi Alien Mus melakukan langkah sinergi bersama Direktorat Jenderal Perkebunan Kementrian Pertanian RI dalam bentuk bimbingan teknis kepada petani. https://t.co/TFOfxQoTxO
168,2022-11-29 18:33:46+00:00,"batin kalo th bsk doi kesini lagi mau nonton paling depan, tapi mau dpr, sm town, sama tds juga :&lt;"
169,2022-11-29 18:31:25+00:00,dpr we gang gang ✨✨
170,2022-11-29 18:30:03+00:00,"DPR dan pemerintah dianggap tergesa-gesa. Bukan tidak mungkin terjadi lagi unjuk rasa besar-besaran untuk menunda pengesahan RKUHP. Dasarnya, karena RUU RUKHP harus direvisi. #Polhuk #AdadiKompas
https://t.co/ctpMITjgUW"
171,2022-11-29 18:30:02+00:00,"DPR dan pemerintah dianggap tergesa-gesa. Bukan tidak mungkin terjadi lagi unjuk rasa besar-besaran untuk menunda pengesahan RKUHP. Dasarnya, karena RUU RUKHP harus direvisi. #Polhuk #AdadiKompas

https://t.co/RN3sm63cy6"
172,2022-11-29 18:23:35+00:00,"joji dpr, my twin🤞🏼"
173,2022-11-29 18:23:14+00:00,"Masaiya mimpi ketemu &amp; ikrib sm dpr Dabin. Pdhl gue gatau samsek mukanya kek gmn😭 
pas bangun, buka instagram nyari LAH SAMA PERSIS KEK DIMIMPI😭😭"
174,2022-11-29 18:11:37+00:00,DPR: Siapkan Strategi Agar Hilirisasi Nikel Tetap Jalan https://t.co/E7x4amW2OO
175,2022-11-29 18:09:39+00:00,nakakaiyak di ako kasali mag dpr we gang gang mamaya
176,2022-11-29 17:58:38+00:00,"@opposite6892 Karna suara rakyat (di Indonesia namanya DPR).

itulah awal mulanya.

Akhir dari kerajaan ottoman.
Akhir dari kerajaan turki.

Perjuangan terakhir adalah dari Bangsa Turki.
Next -&gt; Unknown.
2888"
177,2022-11-29 17:58:06+00:00,"@pribumiantiarab @opposite6892 Karna suara rakyat (di Indonesia namanya DPR).

itulah awal mulanya.

Akhir dari kerajaan ottoman.
Akhir dari kerajaan turki.

Perjuangan terakhir adalah dari Bangsa Turki.
Next -&gt; Unknown."
178,2022-11-29 17:56:22+00:00,D-DAY!!! see u dpr gang ♡
179,2022-11-29 17:54:43+00:00,Bupati Zaki Ajak Rombongan Komisi IV DPR RI Jajaki Kawasan Ketapang Aquaculture https://t.co/iLxvwy0PwU
180,2022-11-29 17:51:58+00:00,menangiss aku bru nyadar klo nct banyak dengerin lagu dpr😭
181,2022-11-29 17:47:42+00:00,"🐿️ : One oke rock seperti biasaa 🤟💃
Umo : si presiden myday 🍀 Ehh tapi lagi oleng ke anak xh 🤣 gapapa umoo ku juga suka ❣️
Hyunee : DPR IAN WE GANG GANG! 😭🤟🔥 https://t.co/oNWmeMumfC"
182,2022-11-29 17:43:31+00:00,Dope Lovers - DPR IAN
183,2022-11-29 17:42:10+00:00,Dpr we gang gang x8
184,2022-11-29 17:41:05+00:00,dpr we gang gang &lt;&lt;&lt; dpr we cry cry 😔
185,2022-11-29 17:41:01+00:00,gusto ko din maki dpr we gang gang😭😭
186,2022-11-29 17:39:45+00:00,"AAA COWO"" GUE ADA CRUMBS SAMA DPR 😵‍💫😵‍💫"
187,2022-11-29 17:37:18+00:00,"aguy hindi makakapag ""dpr we gang gang"" 😔"
188,2022-11-29 17:30:55+00:00,Presiden Ajukan Satu Panglima TNI Kepada DPR https://t.co/LScqa9BC3v
189,2022-11-29 17:30:30+00:00,Nct collab dong sama dpr 👉🏻👈🏻
190,2022-11-29 17:30:12+00:00,vai sm libera o markola pro feat com dpr
191,2022-11-29 17:28:56+00:00,HYUNJIN ESCUCHA A DPR AAAA
192,2022-11-29 17:28:22+00:00,"sorry DPR, di nyo muna ako makikita bukas 😔"
193,2022-11-29 17:26:12+00:00,"Taeyong, mark x DPR"
194,2022-11-29 17:24:35+00:00,Komisi I DPR dan pemerintah menyepakati RUU kerja sama antara RI dan Singapura di bidang pertahanan. RUU akan disahkan di rapat paripurna. https://t.co/eU0fSWHHoI
195,2022-11-29 17:17:11+00:00,dpr x 127
196,2022-11-29 17:16:35+00:00,"@NarasiNewsroom Udah kayak UU VOC... padahal Presiden &amp; DPR dipilih oleh rakyat. Bekerja dan digaji oleh rakyat. Kebayangkan kamu semua, kalau kamu gaji orang, tp kamu ga bs kritik itu orang? Dan lucunya, yg kamu gaji malah zolim sama kamu"
197,2022-11-29 17:16:09+00:00,GAGO DPR IN MANILA !!
198,2022-11-29 17:14:54+00:00,Presiden @jokowi memimpin rapat terbatas mengenai progres RUU KUHP yang telah disepakati oleh DPR dan pemerintah pada rapat paripurna tingkat I. https://t.co/Fvz69OkQUW
199,2022-11-29 17:11:57+00:00,"nugagawen kung di makakapag ""dpr we gang gang"" mamaya"
200,2022-11-29 17:10:23+00:00,@jelasbukanonta @Tita83079013 @mohmahfudmd @MajelisUlamaID @MUIPusat @Kemenag_RI @DPR_RI @Itjen_Kemdikbud @kemkominfo @PolhukamRI @Kemendagri_RI @jokowi @nadiemmakarim @Kemdikbud_RI @na_dirs @DivHumas_Polri @KomnasHAM @aagym @BNPTRI @KPAI_official @ListyoSigitP Lebih biadab lagi agama yang datang dari eropa yg membunuh rakyat indonesia
201,2022-11-29 17:09:19+00:00,gue agak nyesel melewatkan keshi kemarin dan dpr besok
202,2022-11-29 17:08:32+00:00,Komisi V ⁦@DPR_RI⁩ @PDemokrat Ishak Mekki Berharap Keterlambatan Pengerjaan Flyover Simpang Sekip Dapat Dikejar https://t.co/3UU30Kbr8q
203,2022-11-29 17:04:35+00:00,@dinosaurus_____ @jonisoeh beda dpr mas
204,2022-11-29 17:03:20+00:00,"Sialan, ruto nyanyiin lagu DPR kiss me😭😭😭😭😭"
205,2022-11-29 17:01:21+00:00,@fentadhia @_DPRLIVE dpr x mark vibe e muasok sihh
206,2022-11-29 17:00:02+00:00,NASA PH NA DPR CREW?#?$(#(
207,2022-11-29 16:57:26+00:00,DPR - KISS ME (Haruto &amp; Jeongwoo short cover) https://t.co/7yfMPc1Q87
208,2022-11-29 16:56:38+00:00,"UMP DKI 2023 Naik Rp 326 Ribu, Buruh: Nggak Manusiawi, Kita Akan Tetap Miskin! https://t.co/E5KkHHV7Mg @DPR_RI @DPRD_DKI @DKIJakarta @KemnakerRI @setkabgoid @KomnasHAM"
209,2022-11-29 16:55:04+00:00,"Naik Kapal Selam KRI Alugoro-405, Ketua DPR RI Terima Brevet Kehormatan TNI AL https://t.co/qh4IsLUkde"
210,2022-11-29 16:55:04+00:00,"@strraggal Yaudah jaditu katanya monas ma gedung dpr tuh berpasangan. Yang monas lambang keperkasaan, yang gedung dpr lambang wanitanya gitu."
211,2022-11-29 16:52:12+00:00,@weirdlycl @riz1nonly @afinesc0tch @cubblez @depingggg @tetesown dpr kler spny dpr ri
212,2022-11-29 16:51:28+00:00,gusto ko rin mag dpr we gang gang :((
213,2022-11-29 16:50:10+00:00,"@CNNIndonesia fokus lah ikn itu dibangun pusat pemerintahan, istana presiden, dpr, kementrrian  dan ASN, fasilitas2 itu tak perlu super megah. Masih ada 30 an lebih ibukota propinsi lain di RI yg harus dibangun jd super metropolitan.ibu kota Kupang, Bengkulu, dll sgt tertinggal drpd Jakarta"
214,2022-11-29 16:48:56+00:00,Jangan Pilih Ketua DPR Tersangkut Korupsi. Berikut ini Setya Novanto Korupsi Baca selengkapnya. https://t.co/sZ20eGq6k5
215,2022-11-29 16:48:33+00:00,Dirut PT Krakatau Steel Minta Tolong DPR Kawal Saham di Krakatau Posco https://t.co/4EUYB7ui3y https://t.co/WfNaHYtZDv
216,2022-11-29 16:48:29+00:00,@_hjoshuji ang hirap maki dpr we gang gang kung may tahi ka sa tagiliran HAHHAAHHAHAHAHHA
217,2022-11-29 16:47:05+00:00,dpr we gang gang
218,2022-11-29 16:45:43+00:00,dpr we gang😭
219,2022-11-29 16:45:05+00:00,"https://t.co/fim5oEAmG8
Perlu Adanya Aturan Bersama Atasi Tumpang Tindih Pengembangan Pariwisata @DPR_RI @PDemokrat @dedeyusuff12 https://t.co/UGN4GPfT9r"
220,2022-11-29 16:44:49+00:00,@snoopypriv DPR WE GANG GANG
221,2022-11-29 16:44:43+00:00,@DPR_RI Nama saya Muhammad Dodi bekerja di dinas pemadam kebakaran kota Makassar dibidang sarana/ operasional 24 jam dan saya mengabdi selama 15 tahun 6 bulan tiba2 diputuskan/diberhentikan tanpa ada alasan tertentu dikarenakan adanya kebijakan pejabat kadis.
222,2022-11-29 16:43:02+00:00,Komisi I DPR dan pemerintah menyepakati RUU kerja sama antara RI dan Singapura di bidang pertahanan. RUU akan disahkan di rapat paripurna. https://t.co/GPlr7jJhhK
223,2022-11-29 16:43:01+00:00,"@CNNIndonesia ikN itu harusnya fokus pusat pemerintahan RI, kenapa jadi melebar jadi kota super megah? Kalau memang istana presiden, dpr dan kantor2 ASN, buat apa kereta cepat, mal2 besar, disana? Washington DC saja melarang bangun gedung2 lbh tinggi dr capitol hill, kok tujuan IKN begini?"
224,2022-11-29 16:43:01+00:00,"@datuakrajoangek FPI sdhdi bubarkan gaknjelas, bbrp pimpinannya ada yg dpenjara dgn kasud yg tdk jelas...eh lu masih nyebu2 FPI, sakit hati lu mendalam banget ya...skali2 ngaca di depan gedung DPR ha3x."
225,2022-11-29 16:41:57+00:00,HYUNJIN ESCUCHA DPR😭😭
226,2022-11-29 16:41:51+00:00,"@wavetoniel Harusnya display namemu gini vrii “Vrie will meet para DPR soon”

Maju mundur mau pesen buat taun depan :((("
227,2022-11-29 16:40:24+00:00,dpr who???😏
228,2022-11-29 16:40:13+00:00,@collegemenfess Orasi di depan gedung DPR
229,2022-11-29 16:40:02+00:00,Komisi I DPR dan pemerintah menyepakati RUU kerja sama antara RI dan Singapura di bidang pertahanan. RUU akan disahkan di rapat paripurna. https://t.co/GPlr7jsefK
230,2022-11-29 16:37:35+00:00,@ubinhasnanto1 @CNNIndonesia @DPR_RI @dprddkijakarta Yang sabar..sebentar lagi kok..ya.  Sabaaar ..2023 dah deket 😂😂😂
231,2022-11-29 16:36:06+00:00,"DPR IAN, ONE OK ROCK
Kyknya kita bisa satu tongkrongan sih 😩 https://t.co/3aJ67bQ8UU"
232,2022-11-29 16:34:08+00:00,Tanggal 6 DPR we gang gang
233,2022-11-29 16:29:49+00:00,Ya csvvv NCT X DPR
234,2022-11-29 16:28:49+00:00,"@lely_riyan Ditakdirkan untuk jd anggota DPR, dapur wkwkwk"
235,2022-11-29 16:27:06+00:00,"10. Pasal 49 ayat (2) UU No. 13/2022 menyebutkan bahwa:

(2) Presiden menugasi menteri yang mewakili untuk membahas RUU disertai dengan daftar inventarisasi masalah bersama DPR dalam jangka waktu paling lama 60 (enam puluh) hari terhitung sejak surat pimpinan DPR diterima.#"
236,2022-11-29 16:27:02+00:00,"7. Pasalnya, Pemerintah menyerahkan Surpes (Surat Presiden) RUU EBET, namun tidak menyerahkan Daftar Inventarisasi Masalah (DIM).
.

Padahal sesuai aturan UU No. 13/2022, harusnya kedua dokumen tersebut sudah diserahkan paling lambat 60 hari sejak diterimanya surat dari DPR."
237,2022-11-29 16:26:58+00:00,3. dengan acara: Pengantar Musyawarah RUU EBET secara terang-terangan pihak Pemerintah menyatakan belum dapat mengirimkan DIM kepada DPR.  Karena masih berproses di Sekretariat Negara.
238,2022-11-29 16:26:57+00:00,"2. Pasalnya dalam Raker Komisi VII DPR RI dengan Menteri ESDM, Menteri Keuangan, Menteri LHK, Mendikbud Ristek, Menteri BUMN, Menteri Hukum dan HAM, Pimpinan Komite II DPD, pada Selasa, 29 November 2022,"
239,2022-11-29 16:26:56+00:00,dpr ruto kiss me audio kasi di ako makaka dpr we gang gang agoi
240,2022-11-29 16:25:25+00:00,@_DPRLIVE @baekybock dpr live x mark lee soon 🫶🫶🫶
241,2022-11-29 16:25:22+00:00,kaiyaq di ko marinig live ang dpr we gang gang 😿
242,2022-11-29 16:25:22+00:00,"Tercantik itu masih nana after school sih, klo ganteng dpr ian keknya"
243,2022-11-29 16:25:01+00:00,wala muna kong kilalang dpr at stayc phew
244,2022-11-29 16:23:42+00:00,mag dpr we gang gang nalang aq sa sm bukas 😌
245,2022-11-29 16:22:04+00:00,Dirut PT KS Minta Tolong DPR Kawal Saham di Krakatau Posco https://t.co/G941XxthhA
246,2022-11-29 16:20:45+00:00,dpr ian in manila im gonna cri
247,2022-11-29 16:20:16+00:00,ANDITO NA PALA DPR PUTANGINA
248,2022-11-29 16:20:02+00:00,"Calon Pengganti Andika Perkasa Belum Lewati Fit and Proper Test, DPR: Kami Harus Menunggu Bamus https://t.co/KGe2BqPvyx"
249,2022-11-29 16:20:00+00:00,dpr we gang gang :((
250,2022-11-29 16:19:40+00:00,iyak na lang sa mga hindi makakapag dpr we gang gang
251,2022-11-29 16:19:37+00:00,sanaol makakapag dpr we gang gang
252,2022-11-29 16:19:36+00:00,Komisi I DPR Belum Tentukan Jadwal Fit and Proper Test Calon Panglima https://t.co/ENMLPjP21s
253,2022-11-29 16:18:47+00:00,Komisi I DPR Tunggu Uji Kelayakan Panglima TNI https://t.co/wYQ18LGCSE
254,2022-11-29 16:18:30+00:00,dpr we gang gang sa bahay;-;
255,2022-11-29 16:17:46+00:00,@yaelahbre lahhh gua mah sukanya lagu2nya dpr live wlee😋😋
256,2022-11-29 16:16:51+00:00,Wow kelar konser dpr udah kudu fokus garap laporan soalnya udah muncul jadwal seminar omg gonna be crazy next month😻😻😻
257,2022-11-29 16:16:21+00:00,"kiss me by dpr live
come over by dean n baek yerin
oscar by kawan2 h1ghr
oasis by zico n crush
vancouver by big naughty
party by sik-k

lu beneran cowo gw @ toto"
258,2022-11-29 16:15:50+00:00,"wts dpr the regime tour jakarta
avail 2 tix pink vip tribune
jual dibawah harga ticketing
dm for more info

#DPRRegimeTourJKT #DPRinJakarta"
259,2022-11-29 16:14:50+00:00,@jonisoeh tgl 6 gua konser dpr ian mampus iri ga lu
260,2022-11-29 16:14:14+00:00,"""Nama yang diusulkan oleh presiden menggantikan Panglima TNI Jenderal Andika Perkasa adalah Laksamana TNI Yudo Margono, Kepala Staf Angkatan Laut saat ini,"" sebut Puan, dalam jumpa pers di Gedung DPR RI Senayan, Jakarta. https://t.co/BjZSGk83L4"
261,2022-11-29 16:13:33+00:00,"Puan adalah salah satu pemimpin masa depan. Di bawah kepemimpinan Puan Maharani, saat ini DPR menjadi lebih adem karena dipimpin seorang perempuan. https://t.co/lhy6CCnunF"
262,2022-11-29 16:13:04+00:00,Padahal sudah dari periode 2014-2019 menggodok RUU Masyarakat Hukum Adat tetapi ngga ada kemauan politik dari Presiden dan DPR. Jika RUU ini menjadi momok yg menghambat investasi maka seharusnya para pengambil kebijakan juga menyadari bahwa...
263,2022-11-29 16:11:36+00:00,@Obelianaaa @ubsansfess WKWKWK DPR IAN JDI RIAN SOEDRAJAT KSKSKSK BAGI AU
264,2022-11-29 16:10:53+00:00,Teks sastra sejarah salak Bogor Jawa barat Indonesia ya kak udh di les privat bahasa Inggris yang datang dari arah belakang dan depan muka dia juga pernah mengalami dimintai uang oleh DPR saat menjadi majalah popular gue sm pundak dia akan selalu menjadi dambaan hampir uncrush
265,2022-11-29 16:08:47+00:00,"Sebagai tokoh perempuan, nama Ketua DPR RI Puan Maharani menonjol dalam bursa calon Presiden dan Wakil Presiden 2024. https://t.co/CNIIXlYfnu"
266,2022-11-29 16:07:44+00:00,DPR WE FUCKEN GANG GANG AHUHU MAKIKITA KO NA SI CHRISTIAN YU
267,2022-11-29 16:07:39+00:00,"Presiden @jokowi Ajukan Satu Calon Panglima TNI kepada DPR

Presiden Joko Widodo telah mengajukan Laksamana TNI Yudo Margono sebagai calon tunggal Panglima Tentara Nasional Indonesia untuk menggantikan Jenderal TNI Andika Perkasa. https://t.co/TrfjZwalFk"
268,2022-11-29 16:07:17+00:00,Ketua DPR Puan Maharani dinilai sebagai figur perempuan harapan publik untuk kontestasi Pilpres 2024. https://t.co/FyTlTzlwcY
269,2022-11-29 16:06:08+00:00,Presiden Jokowi Ajukan Satu Calon Panglima TNI kepada DPR https://t.co/SzXBg9zaOn
270,2022-11-29 16:05:59+00:00,Puan Maharani akan menerima Presidensi AIPA dari Parlemen Kamboja kpd DPR RI yg pada 2023 jadi tuan rumah AIPA ke-44. https://t.co/pdf1quXSm6
271,2022-11-29 16:03:40+00:00,"sumpah ya gue lg solat isya td, hpnya gue taro samping gue kan WAKTU GUE TAHYHAT AKHIR RUTO SM JONGU NYANYI KISS ME DPR sumpah  gue buyar bgt malah baca al fatihah waktu tahyat akhir ajg 😭"
272,2022-11-29 16:03:36+00:00,LET ME SEE DPR 😭
273,2022-11-29 16:02:48+00:00,@ian__dpr Bukan guwe! Gwe pengabdi setund aja
274,2022-11-29 16:02:07+00:00,"di ako makaka dpr we gang gang, pakisigaw na lng ako ㅠㅠ"
275,2022-11-29 16:01:44+00:00,"kibum x dpr ian 'so beautiful' edit
https://t.co/NGd6kMyxKi"
276,2022-11-29 16:01:26+00:00,Mo nanya apaan ya ke anak DPR buat QnA. Nanya anggaran APBN untuk R*HL kali ya
277,2022-11-29 16:01:14+00:00,Gagi di ako makatulog for dpr 🥹🖤
278,2022-11-29 16:00:42+00:00,"Mengenai nama perempuan yang masuk dalam radar Capres 2024, Direktur Eksekutif Perludem Khoirunnisa Nur Agustya mengakui nama Ketua DPR Puan Maharani. https://t.co/rRxipQc8X0"
279,2022-11-29 16:00:26+00:00,Ketua DPR RI sekaligus Ketua DPP PDIP Puan Maharani menyatakan partainya siap memiliki capres sendiri dalam pergelaran Pilpres 2024. https://t.co/whwt1BvzGN
280,2022-11-29 16:00:02+00:00,Surat Presiden (Surpres) Panglima TNI sendiri telah disampaikan kepada DPR oleh Menteri Sekretaris Negara Pratikno pada Senin (28/11). Selanjutnya Laksamana TNI Yudo Margono akan segera menjalani uji kelayakan dan kepatutan di Komisi I DPR. https://t.co/rZGJ53yzul
281,2022-11-29 15:59:48+00:00,UNTUNG AJAAAA W BELOM BELI TIKET DPR
282,2022-11-29 15:59:45+00:00,MAMAAAAAAAA AKU UDAH DP TIKET DPR😭😭😭😭😭😭😭😭😭😭
283,2022-11-29 15:59:28+00:00,dpr ruto 🥹 https://t.co/ENjKYXBYto
284,2022-11-29 15:58:37+00:00,sana all makakapag dpr we gang gang bukas
285,2022-11-29 15:57:58+00:00,"“Panglima TNI kan sudah kita ajukan. Panglima TNI sudah diajukan ke DPR untuk mendapatkan persetujuan,” ujar Presiden Jokowi kepada awak media di Rumah Adat Radakng, Kota Pontianak, Provinsi Kalimantan Barat, pada Selasa, 29 November 2022. https://t.co/A3liItnsxP"
286,2022-11-29 15:57:41+00:00,tangina hindi ako makakapag dpr we gang gang 😭😭😭
287,2022-11-29 15:57:22+00:00,Presiden Joko Widodo telah mengajukan Laksamana TNI Yudo Margono sebagai calon tunggal Panglima Tentara Nasional Indonesia untuk menggantikan Jenderal TNI Andika Perkasa. Surat Presiden (Surpres) terkait hal tersebut sudah disampaikan kepada DPR untuk mendapatkan persetujuan. https://t.co/6M7RJFXr2Z
288,2022-11-29 15:57:21+00:00,Pengen menguasai DPR supaya bisa revisi UU Perkawinan Pasal 2 ayat (1)
289,2022-11-29 15:57:01+00:00,"PRESIDEN LANGGAR UU No.13/2022.
.
Siang ini Raker Pengantar Musyawarah RUU EBET Komisi VII DPR RI dgn Pemerintah.  
.
Tiga Menteri hadir.
.
Namun tanpa DIM.
.
Lebih dari 60 hari DIM blm dikirim.
.
Mengelola negara kok kayak gini. ORA SERIUS.🙈
@FPKSDPRRI @PKSejahtera @hnurwahid https://t.co/mC0qm9OZaB"
290,2022-11-29 15:55:34+00:00,keshi 🤝 dpr ian
291,2022-11-29 15:55:09+00:00,sino ba naman ako para mag dpr we gang gang bukas
292,2022-11-29 15:54:56+00:00,"GUE SHOCK BERAT, karena gue ga pernah sama sekali buka tentang DPR, kayak web ada artis siapa sih.
pas tadi gue buka ANJRITT ITU WEB CANTIKKKK BANGET GA BOONG"
293,2022-11-29 15:54:35+00:00,"@convomfs Pasal pencemaran nama baik mau diapus, soalnya mau diganti pasal menghina dpr dan polisi 🙏🏻"
294,2022-11-29 15:54:09+00:00,@detikcom Susahnya kek mana?? Macam anak kecil pula anggota DPR ini suka bnget ngebego2in diri sndiri 🫣
295,2022-11-29 15:53:54+00:00,Ketua DPR RI Puan Maharani diteriaki presiden usai undang-undang pembentukan Provinsi Papua Barat Daya disahkan.  Puan Maharani pun terkejut sembari memegang dadanya. https://t.co/W1hgNj4otN
296,2022-11-29 15:53:27+00:00,TRAVIS NYANYI LAGU KISS ME DPR LIVE
297,2022-11-29 15:53:21+00:00,DPR LIVE 😭😭😭😭😭😭😭
298,2022-11-29 15:53:11+00:00,Paripurna DPR menyetujui permohonan naturalisasi pemain sepak bola Shayne Elian Jay Pattynama. DPR merestui Shayne Pattynama utk disahkan menjadi WNI. Hal tersebut disampaikan Ketua DPR Puan Maharani selaku pimpinan sidang. https://t.co/J4CAgFGof4
299,2022-11-29 15:53:02+00:00,Bayangin guerrilla flag ver yg maen bassnye dpr ian
300,2022-11-29 15:52:14+00:00,eu i hyunjin ouvindo todas do dpr ian 😝
301,2022-11-29 15:51:33+00:00,"Presiden  Jokowi telah mengajukan Laksamana TNI  Yudo Margono sebagai calon tunggal  Panglima TNI untuk menggantikan Jenderal TNI Andika Perkasa.

Surat Presiden (Surpres) terkait hal tersebut sudah disampaikan kepada  DPR untuk mendapatkan persetujuan.

https://t.co/kiUTPaDGZh"
302,2022-11-29 15:51:25+00:00,@syahfrudinprole @jokowi @KemenkopUKM @KemenkeuRI @DPR_RI Siap ndan🙏
303,2022-11-29 15:51:24+00:00,Bupati Zaki Ajak Rombongan Komisi IV DPR RI Jajaki Kawasan Ketapang Aquaculture https://t.co/s6c7meclN0 via @BeritaIrn https://t.co/ONs8aloZMX
304,2022-11-29 15:51:12+00:00,dpr live kiss me - #하루토 https://t.co/RS8v9aWrSk
305,2022-11-29 15:50:53+00:00,teume! haruto nyanyi lagunya dpr live tapi liriknya suka suka dia
306,2022-11-29 15:50:53+00:00,sana all ka dpr we gang gang bwas
307,2022-11-29 15:50:31+00:00,D-7 ketemu dpr aaaaaa
308,2022-11-29 15:49:09+00:00,"Diah Tekankan Manajemen Distribusi Bantuan di Cianjur

Wakil Ketua Komisi VIII DPR RI Diah Pitaloka menekankan manajemen distribusi bantuan harus merata bagi korban bencana gempa bumi...

Selengkapnya: https://t.co/Q96K3rHXUl 

#PDIPerjuangan
#PDIPerjuanganJabar
#SolidBergerak"
309,2022-11-29 15:48:54+00:00,"[Thread] Paparan Wamen II BUMN Kartika Wirjoatmodjo di depan Komisi VI @dpr_ri terkait KCIC @keretacepatid

1.  Desain site plan keempat stasiun KCIC: Halim, Karawang (barat jembatan Cibeet sudah masuk Bekasi), Padalarang, Tegalluar https://t.co/8zSfJmoRGf"
310,2022-11-29 15:48:40+00:00,"Di Tahun Politik, DPR Soroti Objektivitas TNI saat Uji Kelayakan https://t.co/BxHpDQDf6s"
311,2022-11-29 15:48:02+00:00,WEH HARUTO NYANYIIN KISS ME DPR LIVE DI LIVE-NYA BARUSAN MAU SCREEN RECORD GA KEBURU ☹️ NANGIS 😭🤧
312,2022-11-29 15:47:52+00:00,@MajKhuramPak Kal tum dpr 12 baja keh rha tha PTI ka kashmir sa sefiya ho giya ha or rat ko result aiya to pata chala ka noon ko to sirf 9 seats or ppp ko 11 seats mile hain PTI ko 43 ma sa 23 seats mile hain 3 seats azad umeedwars ko mile hain
313,2022-11-29 15:47:49+00:00,Sana sapakin ako ni dpr ian bukas char
314,2022-11-29 15:47:26+00:00,@ouryeppiee dpr k itu k nya kontol ya?
315,2022-11-29 15:46:52+00:00,"Puan Maharani adalah salah satu pemimpin masa depan. Di bawah kepemimpinan Puan Maharani, saat ini DPR menjadi lebih adem karena dipimpin seorang perempuan. https://t.co/nczbDysGq6"
316,2022-11-29 15:46:48+00:00,Haruto anak wag mo kantahin DPR wala na akong pera pambili ng tix nila bukas huhu
317,2022-11-29 15:46:34+00:00,Ketua DPR Puan Maharani dipandang meneruskan spirit kepemimpinan bangsa yang dulu digagas Presiden Soekarno. Dirinya membuktikan keberpihakannya pada kepentingan rakyat kecil. https://t.co/aglaiUxNd2
318,2022-11-29 15:46:15+00:00,@mbahazel dpr ian aja
319,2022-11-29 15:46:11+00:00,"@IrSuwaji3 @MnurRainil @HelmiFelis_ Udah selesai kok masih demo ke DPR. 
Bokep mulu lu tonton.  

https://t.co/Z8ucQXgxIL"
320,2022-11-29 15:45:36+00:00,"@Dennysiregar7 Semua salah di mata satu (dajjal)..
Selama menentang pemerintah dan kawannya DPR RI"
321,2022-11-29 15:44:30+00:00,AA RUTOO NYANYI LAGU DPR KISS ME AAAAAAAAA
322,2022-11-29 15:44:30+00:00,"Dpr we cri cri, umpisahan ko na cri cri bye"
323,2022-11-29 15:44:30+00:00,dpr kiss me😭😭
324,2022-11-29 15:44:21+00:00,TANGINA CON NA NI DPR BUKAS DITO SA PH NAIIYAK AKO BAT NYO PINAALALA HJW 😭😭😭
325,2022-11-29 15:44:14+00:00,Rutooo plissss full cover lagu dpr ian plisssssss
326,2022-11-29 15:44:05+00:00,"WEH RUTO NYANYI LAGU DPR, dying~~~~~"
327,2022-11-29 15:44:01+00:00,DPR PA NGA
328,2022-11-29 15:43:58+00:00,ANJIRRRRRRR RUTO DPR
329,2022-11-29 15:43:57+00:00,DPR KISS ME AAJDKFHAIDFJJS
330,2022-11-29 15:43:57+00:00,waa dpr live ft yeonjun soon
331,2022-11-29 15:43:47+00:00,HARUTO DPR :(((((((((((((((((((((((((((((((((((((((((((((((((((((
332,2022-11-29 15:43:40+00:00,PUTANGINA DPR
333,2022-11-29 15:43:35+00:00,DPR DAW
334,2022-11-29 15:42:44+00:00,"Untuk diketahui, Nusantara Bersatu adalah ajang silaturahmi relawan Jokowidan dihadiri langsung oleh sang presiden tersebut.

Dalam tayangan yang dilihat dari Kanal Youtube BeritaSatu, Adian menilai bahwa acara tersebut bukan prioritasnya sebagai anggota DPR."
335,2022-11-29 15:42:41+00:00,"@Dennysiregar7 Nasdem akan jadi partai twebesar dan saya perkirakan momcong putih 2024 bakal nyungsep, kami akan pilih kader2 nasdem di dpr ri dprd kota / kabupaten, aehingga nasdem akan jd partai twrbeaar seperti dulu demokrat besar karena ada SBY"
336,2022-11-29 15:42:22+00:00,"Anggota DPR Adian Napitupulu mengaku tak menghadiri undangan pada acara Nusantara Bersatu di Stadion Gelora Bung Karno (GBK) kemarin. 

Fraksi Partai Demokrasi Indonesia Perjuangan (PDIP) membeberkan alasannya."
337,2022-11-29 15:42:03+00:00,gusto ko din mag dpr we gang gang
338,2022-11-29 15:41:33+00:00,@nearJSJ KAK YANG BENER AJA😭 bisa bayangin ga aku jadi DPR IAN?
339,2022-11-29 15:41:27+00:00,DPR WE GANG GANG SA BAHAY
340,2022-11-29 15:39:55+00:00,"@DrEvaChaniago Organisasi Profesi Kesehatan Tolak RUU Kesehatan Omnibus Law, Fahira Minta DPR dan Pemerintah Merespon Bijak

DPD dukung !!!

https://t.co/r5eb9yFZqE"
341,2022-11-29 15:39:51+00:00,baru tau klo taeyong jga suka lagunya dpr yg jasmine one of my favorite song sampe pernah masukin nih lagu di playlist yg gue kasih ke bang jago alias mntan q 💀
342,2022-11-29 15:39:34+00:00,"Organisasi Profesi Kesehatan Tolak RUU Kesehatan Omnibus Law, Fahira Minta DPR dan Pemerintah Merespon Bijak

DPD dukung !!!

https://t.co/r5eb9yFZqE"
343,2022-11-29 15:39:09+00:00,"@elsaardhp siapaa yaa, sing uji publik malem2, ehh🤭 wes koyok dpr pas ape ngesahno ruu ciptaker ae🤭"
344,2022-11-29 15:39:07+00:00,nandito na pala dpr :((
345,2022-11-29 15:37:46+00:00,"@JantunGPiisanG Platnya sama gak?
Klo gak sama, masi kalah ama anggota dpr cap kebo 😎👍"
346,2022-11-29 15:35:49+00:00,dpr we gang gang sa bahay 😔💔
347,2022-11-29 15:35:14+00:00,"221129 @/ota_walter IG POST

🇧🇷 uma honra 😎
🏷️ @/dprian 

#DPR #DPRIAN https://t.co/NpQMD0fffv"
348,2022-11-29 15:34:54+00:00,@ehseoyeon @selfolconvo Pukul kalo berani bapak gw DPR.
349,2022-11-29 15:34:42+00:00,mana pake topi dpr pula @privacode pacarmu
350,2022-11-29 15:34:20+00:00,"@nihilistsob Kyknya dlu ini yg diperjuangkan anang waktu masih dpr, tp blm apa” udh ditentang jrx"
351,2022-11-29 15:34:10+00:00,"kawawa nmn c dpr ian, di niya ako makikita"
352,2022-11-29 15:33:58+00:00,bukas na pla dpr we gang gang 💔💔💔💔💔
353,2022-11-29 15:32:45+00:00,"KAMI INSAN KOPERASI
MENOLAK RUU PPSK
KARENA MERUSAK 
DEMOKRASI EKONOMI

#TolakOJKdiKoperasi 
@jokowi 
@KemenkopUKM 
@KemenkeuRI 
@DPR_RI https://t.co/gVGBegIyKa"
354,2022-11-29 15:32:19+00:00,"WTS tiket konser
DPR REGIME WORLD TOUR - JAKARTA (6 Desember 2022)
YELLOW seating
Bisa cod tiket fisik di venue"
355,2022-11-29 15:32:16+00:00,kawawa naman dpr hindi nila ako makikita :D
356,2022-11-29 15:31:39+00:00,@LaNyallaAcademy @DPDRI @DPR_RI @democrazymedia dan sudah sejak awal munculnya wacana perpanjangan masa jabatan dan ato 3 periode. lanyalla sdh di garda depan menolaknya. itu rekam jejak.
357,2022-11-29 15:31:30+00:00,"Istg ini mah galau bangettt belum bisa nonton koner keshi, trus nanti hitc belum bisa nonton niki milli, dilanjut konser tour dpr 😭😭😭😭😭"
358,2022-11-29 15:30:58+00:00,@Diecency Si DPR IAN kalo dibikinin tahu isi kata kamu kira-kira suka gak dia?
359,2022-11-29 15:30:06+00:00,ok czas na dpr !
360,2022-11-29 15:30:04+00:00,awas aja kalo sblm dpr konser tiba2 ada announce ticketing ass. mau nafas dulu biar bisa nabung plsss.
361,2022-11-29 15:30:03+00:00,Wakil Ketua DPR Tepis Isu Mau Tunda Uji Kelayakan Yudo Margono Jadi Panglima TNI https://t.co/psXvEFOGpq
362,2022-11-29 15:28:51+00:00,"@convomf ada ga sih orang yg nipu ditipu balik kaya minta beliin pulsa atau kuota gitu, kayanya seru"
363,2022-11-29 15:28:45+00:00,dpr ian🔥🔥🔥
364,2022-11-29 15:28:42+00:00,Galing ni DPR Ian mag-filipino HAHAHAHAHAHAH Christian Batungbakal
365,2022-11-29 15:27:13+00:00,"@LaNyallaAcademy @DPDRI @DPR_RI @democrazymedia klo lanyalla ketum partai, ato pro salah satu pihak entah jokowi ato anies...baru analoginya masuk akal...posisi lanyalla netral sbg ketua DPD RI, yg tujuan utamanya mendorong penguatan fungsi dan peran lembaga, itupun krn adanya aspirasi dari masyarakat daerah."
366,2022-11-29 15:27:00+00:00,dpr we gang gang sa bahay lets go
367,2022-11-29 15:26:46+00:00,@dpr_yian Iya betul world tour tapi sayangnya indo di coret dari list mendadak :(
368,2022-11-29 15:26:32+00:00,"bukas na concert ng dpr :"")"
369,2022-11-29 15:26:18+00:00,@convomf gue ga dengerin dpr ian anjir https://t.co/8ZTJWQ9R3N
370,2022-11-29 15:25:07+00:00,Pelaksanaan tes menunggu penugasan Bamus DPR. https://t.co/c7QAbJtNso
371,2022-11-29 15:24:24+00:00,"DPR ERA

LEZZ GOO"
372,2022-11-29 15:24:11+00:00,@Askrlfess Mas dpr ian ❤️ https://t.co/0PaB0U8hDq
373,2022-11-29 15:23:54+00:00,"@rentfess ________

Hi sweetheart. Aku mau memantaskan diri untuk menjadi pacarmu nih kebetulan aku avail 2 mingguan. Aku bisa sayangin kamu, dan juga sering perhatian ke kamu. dan saya pendengar yang baik dan kebetulan side fc saya dpr ian

________"
374,2022-11-29 15:21:58+00:00,"@bachrum_achmadi Knp ga komplen ke DPR jg yang bikin undang2 batas aman utang??jgn2 ga paham, atau pura2 ga paham 🤣🤣🤣🤣"
375,2022-11-29 15:21:48+00:00,Ketua Komisi I DPR Meutya Hafid mengatakan bahwa pelaksanaan fit and proper test atau uji kepatutan dan kelayakan calon Panglima TNI Laksamana Yudo Margono menunggu penugasan dari Badan Musyawarah (Bamus) DPR  RI. #CalonPanglimaTNI https://t.co/j2SjfSu9ul
376,2022-11-29 15:20:43+00:00,Apa yaudah staycation aja ya pas dpr sekalian…🫠 sendiri..
377,2022-11-29 15:20:29+00:00,dpr we gang gang sa bahay habang umiiyak 😭🤘🏻
378,2022-11-29 15:19:37+00:00,@baibenist @keshimusic doain minggu depan DPR juga sebagus Keshi 🫠 aku degdegan bgt
379,2022-11-29 15:18:30+00:00,@Gladislagiwoy @kenapa_bingung_ @hadifianwidjaja @arunariftan @Dennysiregar7 Emangnya cuma nasdem doang yg ngesahin.. Kan itu berdasarkan mayoritas partai..  Para mahasiswa yg demo slalu bikin slogan bubarkan dpr.. Nah anda ini ga mudeng ya..
380,2022-11-29 15:17:48+00:00,@youronlydelila dpr we gang gang gang gang gang gang ganvv
381,2022-11-29 15:17:11+00:00,"@yedi_kurniahadi @OposisiCerdas Yang Ngajukan pemerintah lalu DPR mayoritas koalisi dukung pemerintah
Ditolak apa ditolak ?"
382,2022-11-29 15:16:40+00:00,Ketua DPR RI Akan Terus Mendukung Indonesia Sebagai Negara Maritim dan Negara Kelautan https://t.co/GKrI8lhn8T
383,2022-11-29 15:16:08+00:00,dpr we gang gang malungkot version
384,2022-11-29 15:16:03+00:00,Komisi I DPR Mulai Bahas Revisi UU ITE di Masa Sidang Mendatang https://t.co/FysC7tGayE
385,2022-11-29 15:15:57+00:00,@tamedashedlover hyunjin said dpr ian.. my pisces bestie
386,2022-11-29 15:15:49+00:00,"padahal kemarin gue mimpi ngedate sama dpr ian anjir, tapi sekarang mimpinya kok serem:"")"
387,2022-11-29 15:15:31+00:00,Sensya na ian di ako makakapag “dpr we gang gang” bukas 🥲
388,2022-11-29 15:14:08+00:00,what if uuwi markyong d2 para sa dpr con bukas eme
389,2022-11-29 15:13:48+00:00,gak jadi nonton dpr karena MAU NONTON THE ROSE AJA PLS
390,2022-11-29 15:13:47+00:00,Hahahahha sino ba naman ako para mag dpr we gang gang bukas
391,2022-11-29 15:13:35+00:00,Khh yang mau nonton dpr udh siapin outfit belom? Spill inspo outfit kalian dong!!
392,2022-11-29 15:13:21+00:00,"@uncukfriendd ash island semua nya kak klo dpr banyak kaaaa.. to myself, jasmine, martini blue, laputa, kiss me.. itu yg aku sukaa banget yaa kak wakakaak klo mau dengerin semuaa oke bgt!!"
393,2022-11-29 15:12:39+00:00,@arunariftan @umarhasibuan757 Sukses bravo utk bpk panglima tni baru semoga DPR tdk berlama² pemeriksaan nya👍🙏🙏🙏
394,2022-11-29 15:12:31+00:00,@fadlizon @ShuraQatar @bksapdpr @DPR_RI Membangun Kejayaan Masa Lalu
395,2022-11-29 15:11:41+00:00,"READY NA PO AKO MAG DPR WE GANG GANG NG LIVE 

#RegimeTourInMnl"
396,2022-11-29 15:11:15+00:00,OMG DPR IAN??? HYUNJIN I—- https://t.co/zriQB6iMO8
397,2022-11-29 15:09:02+00:00,@ian__dpr Enak dong mantep dongg
398,2022-11-29 15:08:59+00:00,Anggota Dewan protes pak bas gk punya WA 🤣🤣 #DPR #pakbas https://t.co/wEaBZi8fs1
399,2022-11-29 15:08:54+00:00,off dulu bola seru bener ini pada ngegas
400,2022-11-29 15:08:41+00:00,@benana_yougurt KU BUTUH DPR LIVE YG BALES
401,2022-11-29 15:08:36+00:00,TANGINA IM SEEING DPR?????
402,2022-11-29 15:08:29+00:00,@euncheur tak gendong kemana mana
403,2022-11-29 15:08:27+00:00,DPR IAN
404,2022-11-29 15:08:09+00:00,@thisisdaphme dpr we huhuhu
405,2022-11-29 15:07:55+00:00,@ian__dpr Naca mau minta gendong
406,2022-11-29 15:07:19+00:00,"wow outfit yg pada mau nonton konser dpr pada kece kece amat, jadi jiper gue"
407,2022-11-29 15:07:11+00:00,Bener ae akeh sg pingin dadi dpr.. KWKW
408,2022-11-29 15:07:08+00:00,@dapniele mana lu aja gak respond
409,2022-11-29 15:06:59+00:00,@shoiceungsheol buset ini cheat mobil terbang
410,2022-11-29 15:06:30+00:00,@xrenjan anjay
411,2022-11-29 15:06:15+00:00,@joohyuk94rn spill doa
412,2022-11-29 15:06:12+00:00,"@CNNIndonesia Tidak untuk saat sekarang,...gunakan duwitnya untuk kesejahteraan rakyat @DPR_RI"
413,2022-11-29 15:05:49+00:00,@ARTIST_EUNJl halo enji
414,2022-11-29 15:05:40+00:00,@euncheur @nevwiee mau apaan ini
415,2022-11-29 15:05:25+00:00,@oliviahyekr lu bukannya request bisikan jenazah
416,2022-11-29 15:04:18+00:00,gusto ko din mag dpr we gang gang😭😭😭😭😭
417,2022-11-29 15:02:55+00:00,di ako makakapag dpr we gang gang bukas😔😔
418,2022-11-29 15:02:43+00:00,Guys wala akong matanong sa DPR
419,2022-11-29 15:02:31+00:00,@TAERIYAKll @GSPEnts wkwk
420,2022-11-29 15:02:29+00:00,"@JpackJack @andhroindian @Kiran_Jupally @gnanodayam @AshokReddyNLG @TG22MA That's fine kani adi katlasindi  ellashwaram dagara project name nandikonda kani DPR change chesi 19km kinda kattaru adi only tg restrict ayina project nizam rule adi na objection.
*Enthaina ma mukku dora bolli gadam gani kante,pavural Gutta gani kante chal nayyam"
421,2022-11-29 15:01:56+00:00,"Kader Golkar ini banyak tersandung korupsi, Setya Novanto jangan sampai menjadi ketua DPR"
422,2022-11-29 15:01:13+00:00,"KOPRI DPR RI Gelar Hari' Jadi Ke-51 dengan Donor Darah bertempat di Gd.Nusantara III DPR RI pada Selasa, 29 November 2022.

#DonorDarahJakarta #HUTke-51 #KOPRI https://t.co/LbukhuAsSR"
423,2022-11-29 15:00:41+00:00,"Ini politis sekali. 

DPD RI itu fungsi dan perannya saja tidak memungkinkan bisa ngapa2in 

Kecuali jika Kedudukan &amp; wewenang @DPDRI  sejajar dgn  @DPR_RI  baru judul ini masuk akal miiiiiiin !
@democrazymedia paham gak sih ??

#lanyalla #spiritlanyalla

https://t.co/j9KyPvhjq5"
424,2022-11-29 14:59:49+00:00,"Anggota DPR Minta Kemenag Percepat Pemulihan Madrasah dan Ponpes di Cianjur
https://t.co/a35jhfe75Y"
425,2022-11-29 14:58:33+00:00,HYUNJIN DPR IAN MY LOVESSS
426,2022-11-29 14:57:43+00:00,"Anggota DPR Soroti Rencana Pembentukan BLU Batu Bara

https://t.co/ux3OoLPm4k via @beritabaruco @IYA_Juwita @Mirza_Ali_IYA @FraksiPKB"
427,2022-11-29 14:57:39+00:00,PAKSHET?!!?!!!??!N? DPR LIVE TAS MSRK OKSY IKAKAMATAY KOOO. NSJHSJUDHSAIOA
428,2022-11-29 14:57:00+00:00,sanaol makikita dpr bukas
429,2022-11-29 14:56:42+00:00,@mancinsurrey @AnnoyedUke @MikkeMus8 @BS22Take2 @loafnw @SnowyinChi @IAINMRODGERS @WINKUWA @p1gl33t @StephenKing Russia defended LPR and DPR
430,2022-11-29 14:56:30+00:00,"#Mug #sablon  cocok bgt buat promo usaha atau pun sebagai souvenir, call : 085725054237 PLUTJogja https://t.co/XHoh20yKYo"
431,2022-11-29 14:56:21+00:00,"@ozctober ssttt emg org sakit kan kerjanya marah marah, soalnya kalo kerjaannya abisin uang rakyat itu mah dpr"
432,2022-11-29 14:56:04+00:00,Presiden Jokowi Ajukan Nama Ini Sebagai Calon Panglima TNI ke DPR https://t.co/YKQPBtmhwR
433,2022-11-29 14:55:55+00:00,YES HYUNJIN CHOOSING DPR IAN 🤩 YES TO CHRISTIANNNNNN
434,2022-11-29 14:55:54+00:00,dpr gang is here 🥲
435,2022-11-29 14:55:46+00:00,"gue iri bgt sm yg bs nonton cas, keshi, dpr"
436,2022-11-29 14:55:46+00:00,@fadlizon @parliamentquds @bksapdpr @DPR_RI Gemess bgt sama pipinya
437,2022-11-29 14:55:32+00:00,Eyyy dpr we gang gang na pala tom 😔🤟
438,2022-11-29 14:55:04+00:00,"Langkah @KejaksaanRI dlm menyita bbrp aset milik terpidana kasus korupsi pengelolaan keuangan dan dana investasi PT Asuransi Jiwasraya 2008-2018 Benny Tjokrosaputro dpt apresiasi dri Wakil Ketua Komisi III @DPR_RI Ahmad Sahroni. Lanjutkan! #KejaksaanTegas
https://t.co/XutUe703Xs"
439,2022-11-29 14:54:36+00:00,@stsg_twt Dpr ian and hobi..... 💭
440,2022-11-29 14:54:36+00:00,"em na walang ""dpr we gang gang"" ☺️☺️☺️"
441,2022-11-29 14:51:24+00:00,DIKO PADIN MATANGGAP NA DI ME MAKAKA DPR WE GANG GANG BUKAS!!!!!
442,2022-11-29 14:50:27+00:00,"Belakangan argumentasi pemerintah dan DPR soal kritik terhadap pasal bermasalah seragam dan itu-itu saja: “PR selanjutnya sosialisasi ke penegak hukum” 

Lah, kritik selama ini berangkat dari realita penegak hukum yang semena-mena atas peraturan yang ada."
443,2022-11-29 14:50:22+00:00,"Presiden Jokowi Ajukan Calon Tunggal Panglima TNI kepada DPR

Selengkapnya klik dilaman @m_radarnew https://t.co/0mDlPtCgEy"
444,2022-11-29 14:50:17+00:00,Nasa pinas na pala ang dpr we gang gang hahahaha ok lng nmn aq 🤥
445,2022-11-29 14:50:04+00:00,@AMIYEAA oiii miraaa jadi nonton dpr gaaakkk
446,2022-11-29 14:49:30+00:00,"@shapire @schfess iya, pengusaha, anggota dpr kalo ngga minimal manager perusahaan (sosro coca cola misalnya) biasanya gampang cair."
447,2022-11-29 14:49:01+00:00,@berriberrichizu GUE BTW JD DENGERIN DPR WE GANG GANG UDAH SEMINGGUAN
448,2022-11-29 14:48:50+00:00,@dhemizzz @tanyakanrl Itu mah jabatan bukan pencapaian prestasi. Beda kali. Kalau jadi ketua DPR mah tergantung pinter2 nya nyari suara
449,2022-11-29 14:48:33+00:00,Anggota DPR Wanti Wanti Pemerintah Jangan Ada Permainan Harga Tiket Transportasi https://t.co/U86fXHQIf2
450,2022-11-29 14:48:25+00:00,@grray jasmine - dpr live
451,2022-11-29 14:48:19+00:00,"Presiden @jokowi ajukan satu calon Panglima TNI kepada DPR

https://t.co/pTJU3UM6uO"
452,2022-11-29 14:48:11+00:00,"tuh kan...trus, kemana aliran danax yaa...?!
@DPR_RI (unfaedah)
@KPK_RI"
453,2022-11-29 14:48:07+00:00,"@schfess big no, sekolahku pensi dana ngga pernah cair, akhirnya cuma pas bulan bahasa kemarin ada acara aja.
cerita dari temenku yang smp unggulan dulu katanya ada suntikan dana dari ortu (ortunya pengusaha sama anggota dpr) kalo ngga minta sponsor, itu juga ordal ortu."
454,2022-11-29 14:46:41+00:00,dpr please 🥲
455,2022-11-29 14:46:24+00:00,Komisi I DPR Belum Bisa Lakukan Fit and Proper Test Calon Panglima TNI https://t.co/rlWnWpoHfM
456,2022-11-29 14:46:20+00:00,"walang ngang pasok bukas, hindi naman makaka dpr we gang gang"
457,2022-11-29 14:45:04+00:00,sana ol makaka dpr we gang gang bukas
458,2022-11-29 14:44:47+00:00,Tak hafal lagi setlist dpr im soooo dead 💀 https://t.co/tIRhak1ff7
459,2022-11-29 14:44:47+00:00,*Presiden @jokowi Ajukan Satu Calon Panglima TNI kepada DPR* https://t.co/XJA3kt0Jcl
460,2022-11-29 14:43:36+00:00,"ANO BAYAN HINDI NA NGA MAKAKAPUNTA SA BETSBUL, PATI BA NAMAN SA DPR"
461,2022-11-29 14:43:15+00:00,"Gabung Golkar, Istri Nurdin Abdullah Liestiaty Fachruddin Mantapkan Diri Maju DPR RI di Dapil Sulsel 1 https://t.co/CJlgxxP29h #DapilSulsel1 #DPDRI #IstriNurdinAbdullah #LiestiatyFachruddin"
462,2022-11-29 14:42:42+00:00,"DPR Kemungkinan Menggelar Uji Kelayakan dan Kepatutan Calon Panglima TNI Pekan Depan 
https://t.co/rGfvUIbSwv"
463,2022-11-29 14:42:39+00:00,WAIT PUTA ANDITO SI DPR WE GANG GANG
464,2022-11-29 14:42:03+00:00,DPR Live ngnotice bujang-bujang NCT knp gk collab aja kalian😭❤️❤️❤️❤️
465,2022-11-29 14:40:40+00:00,DPR WE GANG GANG CUTIE 😭🤘 https://t.co/Ilx2EKWVMP
466,2022-11-29 14:40:37+00:00,"@_DPRLIVE Minimal collab lah  dpr live, dpr ian + mark lee 😭"
467,2022-11-29 14:39:59+00:00,@Camlintweets ahamdullah babar badshah bhi parso se groun dpr
468,2022-11-29 14:39:54+00:00,"@Searobers @ssefnum BANYAAK, DPR Ian, Taylor Swift, jvke, J-Pop, stayc, aespa, le sserafim, Meghan Trainor.. masih banyak–"
469,2022-11-29 14:39:08+00:00,kawawa naman dpr d nila ko makikkta bukas hays
470,2022-11-29 14:39:04+00:00,"serius nanya ketua DPR itu apa memang legally punya akses main ke kapal selam begini? sipil, tentara bukan, eksekutif bidang pertahanan juga bukan."
471,2022-11-29 14:38:27+00:00,"Kamerun Resmi Keluarkan Kiper Onana Dari Skuad di Piala Dunia 2022

#PialaDunia2022 #kamerun #Bola #sepakbolapialadunia #sepakbola 

https://t.co/YA8QoYLi1U"
472,2022-11-29 14:38:02+00:00,nandito na dpr😭
473,2022-11-29 14:37:31+00:00,gua masih pengen dpr regime red 😿 wtb wtb
474,2022-11-29 14:37:27+00:00,Kamu anggota DPR ya? kalo jadi anggota keluarga papaku mau?
475,2022-11-29 14:35:51+00:00,@Syarman59 klu jkw punya masa silahkan buat partai @DPR_RI
476,2022-11-29 14:35:44+00:00,makakapag dpr we gang gang na din tomorrow🥹🥹🥹
477,2022-11-29 14:35:34+00:00,dpr we gang gang
478,2022-11-29 14:35:29+00:00,Lucu bgtt its 2022 tp aku baru tau dpr pernah kirim package ke nct aaaaaaa lucu :( collab dong
479,2022-11-29 14:34:17+00:00,"@nakeclbibi Petamak.

Kalo apa… Kata orang kalo mau ngomong gak lanjut besoknya bakal masuk dikoran"
480,2022-11-29 14:34:14+00:00,"@Solivaganst Jangan Pak Haji lah takut kualat, rumah DPR aja. DPR Ian, sekalian caper. :p"
481,2022-11-29 14:34:11+00:00,"Diah Tekankan Manajemen Distribusi Bantuan di Cianjur

Wakil Ketua Komisi VIII DPR RI Diah Pitaloka menekankan manajemen distribusi bantuan harus merata bagi korban bencana gempa bumi di Cianjur Jawa Barat.
#PDIPerjuangan
#PDIPerjuanganJabar
#SolidBergerak
https://t.co/eaoGvqkwtY"
482,2022-11-29 14:33:06+00:00,"Salam perjuangan
KAMI INSAN KOPERASI
Randudongkal Pemalang
MENOLAK RUU PPSK
KARENA MERUSAK 
DEMOKRASI EKONOMI
#DukungKoperasiTetapdiKemenkop
#CopotMenteriKoperasi
#TolakOJKdiKoperasi 
@jokowi 
@KemenkopUKM 
@KemenkeuRI 
@DPR_RI https://t.co/m60nAgzlhZ"
483,2022-11-29 14:33:05+00:00,Deret Pasal Kontroversial RKUHP yang Bakal Disahkan DPR pada Desember https://t.co/Yq1cGhjwyq
484,2022-11-29 14:32:30+00:00,@mxnaone @Undead37692438 @yomasunshine @venusninari @kxr813 @kucingyabu @Askrlfess Krik krik ya
485,2022-11-29 14:31:20+00:00,Wakil Ketua DPR Sufmi Dasco Ahmad menyampaikan uji kelayakan dan kepatutan calon Panglima TNI Laksamana Yudo Margono akan digelar pekan depan. https://t.co/joZLtefeV4
486,2022-11-29 14:30:25+00:00,"Lagi, DPR Papua dan keluarga korban mutilasi minta 6 prajurit TNI diadili di Timika

#PapuanLivesMatter 
#Papua 
https://t.co/4FdKBqiXu6"
487,2022-11-29 14:30:22+00:00,dpr we gang gang tomorrow
488,2022-11-29 14:30:13+00:00,mau nyari temen buat nonton dpr kok males bgt yyy
489,2022-11-29 14:30:09+00:00,malungkot na dpr we gang gang for me i guess
490,2022-11-29 14:29:58+00:00,"Ketua Dewan Perwakilan Rakyat Papua Jhony Banua Rouw mengusulkan ada empat kursi DPR untuk setiap dari empat provinsi di wilayah Papua. Dampaknya dinilai besar karena mereka akan menyuarakan aspirasi warga. #Polhuk #AdadiKompas

https://t.co/Oez4fIoTRv"
491,2022-11-29 14:29:58+00:00,"Ketua Dewan Perwakilan Rakyat Papua Jhony Banua Rouw mengusulkan ada empat kursi DPR untuk setiap dari empat provinsi di wilayah Papua. Dampaknya dinilai besar karena mereka akan menyuarakan aspirasi warga. #Polhuk #AdadiKompas
https://t.co/egruvqCINQ"
492,2022-11-29 14:28:55+00:00,Just started listening to dpr tas malalaman kong may con sila bukas.....tangina 🧍‍♀️
493,2022-11-29 14:27:50+00:00,DPR GAGO BUKAS NA PUTANGINA IIYAK NA AKO BYE
494,2022-11-29 14:27:36+00:00,@eunwoont si kampret wkwkwk
495,2022-11-29 14:26:22+00:00,@eunwoont lu ada request kah
496,2022-11-29 14:25:47+00:00,GUSTO KO RIN MAG DPR WE GANG GANG PUTANGINA WALA AKONG PERA
497,2022-11-29 14:25:27+00:00,ambot nde ko ya ka dpr we gang gang !!!!!
498,2022-11-29 14:25:00+00:00,"rent! aku lagi loyo banget dan butuh tempat cerita, untuk 2 minggu kedepan. adakah bfr yang mau jadi tempat aku pulang? kamu gak perlu kasih saran yang gimana-gimana, cukup ada aja buat nemenin loyoku dan jadi tempat cerita aku. mun 23+, fc DPR i a n"
499,2022-11-29 14:24:49+00:00,@CNNIndonesia klu mau jadi pesaing @PDI_Perjuangan silahkan buat partai pak @jokowi @DPR_RI
