,Date,Tweet
0,2022-10-30 23:59:48+00:00,"@OposisiCerdas Relawan Ganjar hrs ingat ...

Ganjar jd anggota DPR krn budi baik Megawati (lewat PAW, gantiin salah satu kadernya yg diangkat jd Dubes).

Ganjar naik jd Gubernur jg krn budi baik Megawati yg mencoret Rustiningsih, yg jauh lbh layak utk ducalonkan.

So tau diri lah!"
1,2022-10-30 23:57:26+00:00,"@Muhammad_Saewad Agar dimaklumi :

- Mantan Narapidana !
- Bajingan Sempak Merah !
- Caleg DPR, tapi kalah !
- Kader DEMOKRAT, didepak !
- Masuk Partai lain, ditolak !
- Relawan JKW, ngakunya !
- Ngaku Mualaf, KTP kristen !
- Pekerjaan, pengangguran ?
- Terakhir, ada gangguan saraf !"
2,2022-10-30 23:55:35+00:00,"@OposisiCerdas Bacot doang gak ada buktinya kami sdah pintar pak kami berlu bukti bukan bacotan, tuh junjungan bapak bacot banyak gak ada yg terbukti. Rapat DPR RI gak ada tuh bacot tentang masalah rakyat cuma ada PKS dan DEMOKRAT."
3,2022-10-30 23:54:52+00:00,@DharulFit @OMB4K_13 @Save_Moslem @rimah432603231 @faruq06254776 @Sudarya16171841 @Mdy_Asmara1701 @Gilar1990 @aniesbaswedan @suryapaloh51 @NasDem @joulepakir @adianasrul @VIPNetizen @tatakujiyati @BosPurwa @abu_waras @SugiKawuloAlit @EdyKiantolol @satriadjenar @ilhamjati4 @ekowboy2 @AndiSinulingga @MCAOps @aherrys @maspiyuaja @andripurnamajat @WZastra @dprddkijakarta @DPR_RI @mprgoid @DPDRI @dprddki Ternyata pendukung jokowi orgil yg ikut nyoblos
4,2022-10-30 23:54:18+00:00,"Calon  DPR RI Dapil Maluku Utara 
#jasriUsman7 https://t.co/vbu1AO89jL"
5,2022-10-30 23:53:16+00:00,yang akan kulakukan di konser dpr karena konsernya weekday
6,2022-10-30 23:50:55+00:00,"lam nyo ba mga beg HAHAHHA akala ko soloist ang dpr hangga't sa nakita ko andaming puro may dpr 🥲 i tot talaga dpr ian lang talaga no dpr team 😭😭walang dpr rem,live and cream 🥹 diba shunga"
7,2022-10-30 23:48:42+00:00,DPR IN 14 DAYS???? https://t.co/J2N9osHkcx
8,2022-10-30 23:41:33+00:00,pembahasan rancangan undang-undang pemilihan umum yang tengah berlangsung di DPR RI.
9,2022-10-30 23:41:16+00:00,@VIVAcoid jd wakil DPR aja ga becus wkwk
10,2022-10-30 23:40:25+00:00,"@henrysubiakto @CCICPolri Luar biasa ngerinya mentalitas polisi Indonesia

Saya pun mengalami bagaimana buruk &amp; jahatnya kelakuan polisi dalam beberapa kasus

Yang mengerti hukum saja dipermainkan, apalagi yang awam hukum!

@DivHumas_Polri
@ListyoSigitP @DPR_RI @jokowi

https://t.co/amTjCHilWZ"
11,2022-10-30 23:40:04+00:00,"@psi_id Terus PSI bisa apa? 
Di DPR tak ada wakil untuk bersuara
Di DKI dah jadi pengagum Pemda karena Gubernurnya bukan Anies lagi
Mau bayarin biaya pengobatan nya?"
12,2022-10-30 23:39:54+00:00,"Jujur dikatakan bahwa pangkal semua kesalahan terkait obat dan makanan ialah DPR dan pemerintah. Kedua lembaga itu gagal menghadirkan undang-undang yang bermutu dan dapat dilaksanakan untuk kepentingan memperkuat Badan POM. #PodiumMI 
https://t.co/tm3rOEMb4C"
13,2022-10-30 23:39:30+00:00,dpr gang gang 😔
14,2022-10-30 23:31:50+00:00,"UU perampasan aset dan UU pembuktian terbalik itulah yg mestinya mahasiswa dukung, demo besar""an tuh DPR biar mau menyetujui RUU tsb"
15,2022-10-30 23:26:30+00:00,"bisa menang, dan tidak harus menang, menunjukkan kepribadian yang mulia."
16,2022-10-30 23:25:52+00:00,DPR DAN MPR MANDUL.  BUBARKAN https://t.co/kykPmvWU0h
17,2022-10-30 23:25:29+00:00,@ian__dpr @LUNERPW Iyaa kakk
18,2022-10-30 23:25:26+00:00,@Gamal_Albinsaid Maju akh. Semoga antum bisa duduk di DPR RI tahun 2024 insyaAllah
19,2022-10-30 23:24:40+00:00,"WALHI anggap Indonesia butuh UU perubahan iklim.

DPR akankah terwujud ?
#62NegeriKrisis iklim
#62NegeriKrisis kepercayaan 
👇👇👇
https://t.co/ZIG8GLheDu"
20,2022-10-30 23:24:13+00:00,"@hansssolo Karena pekaes yang diuntungkan, kampanye dimodalin sama 2 partai itu, sementara bisa jadi perolehan suara du DPR lebih gede dari kedua partai itu..."
21,2022-10-30 23:24:01+00:00,"Nasib Petani Mengenaskan, DPR : Malu kita jadi negara agraris tapi lemah pengelolaan.

Oleh karenanya bapak/Ibu di DPR sana jangan banyak tidur.

#62NegeriKrisis
#62NegeriKrisis
👇👇👇
https://t.co/QjDAvky9o2"
22,2022-10-30 23:21:40+00:00,"@bebanbgtsih @_novemberwin @tanyarlfes mjb wkwkwmmww bukan Kak, DPR Ian tuh rapper dan penyanyi korra. DPR itu nama Grupnya"
23,2022-10-30 23:20:05+00:00,"@democrazymedia Yg merusak sendi sendi dan Pilar Ngr RI ini,Tak lain &amp; tak bukan adalh sift,sikp,prilaku&amp;kbijkn presiden,DPR  MPR,Polri,Jksa,Hkim,MK,KPK,parpol yg lagi brkuasa,Mentri,Pmda,Pmkot, Pmprov !!Tidk smuany: Yg mnderita 🇮🇩🧑‍🤝‍🧑😭Kca Cermin &amp; Spion 2014  2019-2022 Parah"
24,2022-10-30 23:18:08+00:00,@vlups_ Cristian biasa orang panggil ian dari grup DPR
25,2022-10-30 23:16:48+00:00,"#TemanPemilih Verifikasi Faktual menurut ketentuan Peraturan KPU Nomor 4 Tahun 2022 tentang Pendaftaran, Verifikasi, dan Penetapan Partai Politik Peserta Pemilihan Umum Anggota DPR dan DPRD https://t.co/yppGyLuX0Z"
26,2022-10-30 23:16:20+00:00,"@inong911 @enrithea @Fr4nst @cholisnurahmad @_ekokuntadhi @puanmaharani_ri @ganjarpranowo @PDI_Perjuangan Heran masih ada yang meng elu elukan partai terkorup, yang berkuasa di dpr sekaranv, dan suka matiin mic"
27,2022-10-30 23:15:38+00:00,"SchApp! siapa yang hari seninnya make baju Muslim? syyy☝️☝️☝️

✄・・・
🧐 Trivia: MPR adalah badan konstitutif sementara DPR adalah badan legislatif"
28,2022-10-30 23:15:26+00:00,@WildRiftNewsBr F Brasil
29,2022-10-30 23:14:22+00:00,@worksfess DPR tidur doang gaji selangit.
30,2022-10-30 23:13:50+00:00,@OposisiCerdas Yadah lo tinggal ke dpr terus bawa kanebo lo lap dah kursinya terus duduk disitu ring daripada gila ga kesampain 😁😁
31,2022-10-30 23:12:09+00:00,"@OposisiCerdas Berharap boleh,tapi hitung²an jangankan duduki kursi DPR...kursi DPRD DKI juga bakal amblas ..  !"
32,2022-10-30 23:12:05+00:00,Andi Agustinus alias Andi Narogong. Hari ini lima mantan anggota DPR dipanggil untuk dimintai keterangannya.
33,2022-10-30 23:09:49+00:00,"@OposisiCerdas setuju psi 2024 masuk dpr, biar jd monitor bwt kepemimpinan pres Anis Baswedan 🤣"
34,2022-10-30 23:09:49+00:00,@OposisiCerdas Tapi nyanyi di dpr
35,2022-10-30 23:08:16+00:00,kita doakan semoga bisa duduki kursi kantin di dpr nanti...
36,2022-10-30 23:08:12+00:00,@Marswasnthere_ dpr lover https://t.co/QcHnxO1UJm
37,2022-10-30 23:07:26+00:00,nyalain TV dulu liatin berita persiapan pildun
38,2022-10-30 23:07:14+00:00,"DPR janji bela nasib petani tembakau di tengah kebijakan yang mencekik,.

Sudah tau kan kondisi petani mencekik ?
Smoga janjimu tidak palsu.

#62NegeriKrisis
#62NegeriKrisis
👇👇👇
https://t.co/klTyBDzH8a"
39,2022-10-30 23:07:01+00:00,"Capres perempuan yang ok skrg ya mba Puan sihh..
Punya partia, ketua DPR..
Tunggu apalagi.. gass"
40,2022-10-30 23:05:38+00:00,"@VIVAcoid Sekarang aja lakukan, kan antum wakil Rakyat di DPR Cak...‼️"
41,2022-10-30 22:58:26+00:00,@ssengkwan @LUNERPW doi itu pacar kah maksudnya
42,2022-10-30 22:57:54+00:00,"LUAR BIASA KEHANCURAN BANGSA OLEH REZIM JOKOWI.

10 tahun TKA Cina boleh tinggal di indonesia , segala hal bisa mrk lakukan, bhkan dgn memperkuat diri mrk hingga mrk bisa melawan pemerintah indonesia bisa mrk lakukan.
Knp DPR RI diam saja dgn byk nya aturan nyeleneh yg keluar ?? https://t.co/dZDQZREsAM"
43,2022-10-30 22:57:29+00:00,luar biasa
44,2022-10-30 22:57:02+00:00,"dpr ian tuh kayanya semua genre musik di explore deh sama dia, KERENN!!"
45,2022-10-30 22:56:29+00:00,"@KenTony22830517 @EarlythaSunTika @Ricky_Ubique @NegeriKolam Kalo HTI mau ganti Pancasila tentunya HTI harus masuk dan sdikit DMI sdikit dirubah melalui lembaga DPR atau MPR.

Faktanya HTI TDK masuk demokrasi."
46,2022-10-30 22:53:33+00:00,"@Rolling_tunder @mrshananto @childfreeindo tp ya gtu, harus lucu, kalo ga lucu ya sama aja ga bakal naek kek popon. suka gasuka, popon emang lucu. dan yg ngatain lgbt tapi ga lucu jg banyak. kalo ga lucu ya ga lucu terlepas dr apa yg dibela. klo ngajak jd dpr baru boleh ga lucu."
47,2022-10-30 22:52:36+00:00,@DharulFit @Nurfatm56604604 @Save_Moslem @rimah432603231 @faruq06254776 @Sudarya16171841 @Mdy_Asmara1701 @Gilar1990 @aniesbaswedan @suryapaloh51 @NasDem @joulepakir @adianasrul @VIPNetizen @tatakujiyati @BosPurwa @abu_waras @SugiKawuloAlit @EdyKiantolol @satriadjenar @ilhamjati4 @ekowboy2 @AndiSinulingga @MCAOps @aherrys @maspiyuaja @andripurnamajat @WZastra @dprddkijakarta @DPR_RI @mprgoid @DPDRI Halah jembutttt 😛
48,2022-10-30 22:49:08+00:00,"@doobidubabb Wah, ini thread oke banget sih. Tapi kalau wilayah Jakarta (GBK) antisipasi macet ya, soalnya GBK posisinya di tengah kota banget, dekat MPR/DPR juga, jadinya meski kendaraan gampang, macetnya harus diperhitungkan. ICE BSD jalanan lebih longgar, tapi klo di ICE ada acara"
49,2022-10-30 22:45:27+00:00,"@rizkicengir sibuk saat ngurus jadwal saja krn kebetulan objek adalah counterparts Atase Polri… 
selebihnya aman krn sdh diatur travel agent dr Jakarta, saya tinggal assist and advise aja… 
ternyata Bapak/Ibu anggota DPR pada suka bercanda namun saat rapat pada sangar bahkan dgn bulek 🤣"
50,2022-10-30 22:44:48+00:00,@FerdinandHutah5 Menyesal saya pilih firdinand jadi anggota DPR
51,2022-10-30 22:40:21+00:00,"#Diskusi #Publik #Virtual
Sosialisasi #AnalogSwitchOff (ASO) dan Seremoni Penyerahan #SetTopBox Kementerian #Kominfo Bersama Komisi I #DPR RI
Ada E-Certificate dan Doorprize untuk #SobatDigital 🥳
Daftar dan Simak di link zoom berikut:

SIANG INI‼️ https://t.co/CMLm1M5NG3"
52,2022-10-30 22:25:00+00:00,dpr Ian my beloved https://t.co/v0xlTF4TAZ
53,2022-10-30 22:21:21+00:00,"Di Senayan, gedung Nusantara 1, ruang komisi VII DPR RI.

Sudah cocok belum? https://t.co/Vtj0EluJw4"
54,2022-10-30 22:20:31+00:00,Lowongan menjadi @DPR_RI ?
55,2022-10-30 22:18:28+00:00,@dahlahren HIDUP DPR WE GANG GANG! DPR WE GANG GANG!
56,2022-10-30 22:02:49+00:00,"https://t.co/CJqa5jxNra ==&gt; Pemerah Bibir Alami Original Beauty Clinic #pemerahbibir #perokok #bibirpink #bibirhitam #lipstick #serumbibir #bestseller #gratisongkir #bayardirumah
#ruukuhp #dpr"
57,2022-10-30 22:01:38+00:00,"KALTIM BANGKIT bersama H. Abdul Betha Salam, SE,Msi,MH, caleg DPR RI Dapil KALTIM-KALTARA no. Urut 2 #PKB BeritaPKB"
58,2022-10-30 21:58:32+00:00,"@_novemberwin @tanyarlfes Maaf kak mau nanya dpr rian tuh siapa?
Dia beneran anggota dpr kah?"
59,2022-10-30 21:54:38+00:00,"@mhmmd_jati @txtdrberseragam @Puspen_TNI Pejabat kaya andika perkasa ga main twitter, puspen ya ga bakal diliat @DPR_RI juga sama"
60,2022-10-30 21:54:08+00:00,GXA602/N277GX (A321) filed to depart LAS @ Sun (30 Oct) 15:25 PDT for BIS @ ETA 17:55 PDT (30 Oct)  (RATPK3 FRNCK MLF J107 DDY J107 DPR BIS) https://t.co/zjtcDIYBqj #flightaware
61,2022-10-30 21:51:37+00:00,"Wakil Ketua DPR RI itu berseloroh, kalau semua sudah dikenal, maka diharapkan bisa menjadi menteri ketika Prabowo terpilih menjadi Presiden nanti. https://t.co/qIk7a2Tzcw @prabowo #MendingPrabowo #dekade08 #Pilpres2024"
62,2022-10-30 21:45:25+00:00,dpr ian kaya lagi punya masalah *seperti saya*
63,2022-10-30 21:44:04+00:00,@trigonowmetry di looji cafe kav dpr
64,2022-10-30 21:26:52+00:00,@alisyarief ANEHNYA DPR PADA GAK BERDAYA. KAYAK ORANG KENA GENDAM 😆
65,2022-10-30 21:22:17+00:00,"Ketua DPR RI Puan Maharani dinilai memiliki modal kuat untuk menjadi seorang pemimpin, terutama menjadi pemimpin RI. https://t.co/ZAILLImlod"
66,2022-10-30 21:21:53+00:00,"Pakar Komunikasi Politik dan Kebijakan, Riant Nugroho memprediksi, Ketua DPR Puan Maharani mudah mendapatkan tiket menjadi presiden di 2024. https://t.co/gJxIGnT68A"
67,2022-10-30 21:21:43+00:00,Anggota DPR RI Agustina Wilujeng mendoakan Puan Maharani menang Pilpres 2024 dan mendorong persaingan yang sehat dan elegan. https://t.co/gnEyjyobRk
68,2022-10-30 21:21:38+00:00,"Posisi Puan Maharani sebagai Ketua DPR RI perempuan pertama, dinilai memberikan nilai tawar yang cukup tinggi, oleh sebab itu banyak yang merasa tidak nyaman dengan kehadiran Puan dalam bursa capres 2024. https://t.co/Uy06mVbM9y"
69,2022-10-30 21:21:23+00:00,Anggota DPR RI Masinton Pasaribu menilai Puan Maharani memenuhi kriteria seorang pemimpin karena ditempa sejarah sejak remaja. https://t.co/sXwGJazzp0
70,2022-10-30 21:20:59+00:00,"Meskipun belum pernah menghadapi pilkada, namun suara tertinggi di DPR yang diperoleh Puan Maharani tentunya merupakan sebuah prestasi yang luar biasa. https://t.co/fcWo9Szpqt"
71,2022-10-30 21:19:46+00:00,"Pengamat Politik dari Universitas Al Azhar Indonesia Ujang Komarudin menganggap Puan Maharani sedang dipromosikan oleh partainya menjadi Capres 2024. Menurutnya, hal itu tampak dari mulainya safari politik yang dilakukan Ketua DPR RI tersebut. https://t.co/be2WmXEWQj"
72,2022-10-30 21:13:58+00:00,Berikut rangkuman atau cuplikan apa yang sudah dilakukan Ketua DPR RI Puan Maharani. Yuk kita simak !!! https://t.co/qj8GC5zAIr
73,2022-10-30 21:13:35+00:00,"Memperingati 94 tahun Sumpah Pemuda, Ketua DPR RI Puan Maharani mengajak seluruh pemuda-pemudi Indonesia berdikari lewat karyanya masing-masing. https://t.co/NEzO6ZD84f"
74,2022-10-30 20:57:44+00:00,Dpr petista https://t.co/vcouUTnXTF
75,2022-10-30 20:43:59+00:00,@obrienrzd dpr ian
76,2022-10-30 20:42:21+00:00,@ledvienrose Met u tw gk ian bermasalah sm DPR?
77,2022-10-30 20:41:59+00:00,"@Elif_kpn Day6 Wonpil/ot6
Skz Changbin et Seungmin
Svt ot13
Monsta x jooyeon
2pm Junho
DPR cream"
78,2022-10-30 20:39:56+00:00,@ledvienrose Dpr dr blkg damagenya full
79,2022-10-30 20:33:30+00:00,saya sana manood solo con ng epik high kaso sabay ng dpr kakagalit
80,2022-10-30 20:30:35+00:00,@ThatEricAlper dpr WOO
81,2022-10-30 20:28:27+00:00,Mana abis bikin story lagu DPR Ian yang so beautiful 😭😭😭😭
82,2022-10-30 20:26:28+00:00,"pemenang sejati, mampu menang. tetapi belum tentu harus menang dan mampu mengalah dengan bijaksana."
83,2022-10-30 20:22:40+00:00,hoseok sung by dpr ian https://t.co/5pNKYinCci
84,2022-10-30 20:18:23+00:00,DPR Tegaskan Banyak Persoalan Pertambangan di Tanah Air Karena Longgarnya Pengawasan https://t.co/CJSFoilPoG #GlobalNews
85,2022-10-30 20:02:30+00:00,@_ekokuntadhi Makanya KL ada anggota DPR kayak gini harusnya dikebiri..
86,2022-10-30 19:40:24+00:00,@OnlyFrens Coba ceramah gitu di gedung DPR apa lah respon mereka...😃
87,2022-10-30 19:39:05+00:00,@bianxshua HAHAHAHA YUP!!! DPR IN MNL &lt;3
88,2022-10-30 19:35:50+00:00,"@odeishere Day6 Wonpil /OT5
Xh Seungmin
Tbz Chanhee
Ab6ix Woojin
OOO Yoonjung / nine (wrecker)
DPR : cream
SuperM: Baekhyun, Mark"
89,2022-10-30 19:30:16+00:00,"#OpIndonesia #Hmei7 | #Bjorka
@Gerindra @prabowo @_TNIAU
saya legenda hacker calon DPR kabupaten kediri dari parpol gerindra izinkan saya memperjuangkan pertanian dan peternakan karena selama ini pelaku rakyat kita dipungut biaya oleh birokrasi nakal desa.
https://t.co/rK9F2MLP3a"
90,2022-10-30 19:28:58+00:00,@LUNERPW Tag pemuja DPR puan @rosesillya
91,2022-10-30 19:22:17+00:00,DPR IAN IS 32- https://t.co/o5Ju45Ve3c
92,2022-10-30 19:17:40+00:00,"Buat aja Gedung DPR itu sesekali seperti House of Common nya UK. Nah, bisa ditonton di YouTube itu gimana PMs Rishi Sunak berhadapan dg oposisi Sir Keir Starmer. Pak Jokowi bisa saja menerima pertanyaan dari siapa begitu, disiarkan langsung streaming."
93,2022-10-30 19:09:08+00:00,DPR Minta Kemendag Amankan Harga dan Pasokan CPO https://t.co/faU8RqoT51 https://t.co/nsn8t8mVjl
94,2022-10-30 19:06:17+00:00,"Bendahara DPD PDIP Jawa Tengah yang juga Anggota DPR RI, Agustina Wilujeng Pramestuti, mendoakan agar Ketua DPP PDIP, Puan Maharani, menjadi calon presiden dan menang Pilpres 2024. https://t.co/j02hyJOOgp"
95,2022-10-30 19:06:01+00:00,Puan Maharani mendapat giliran pertama untuk menyampaikan ide dan gagasan dari DPR RI dalam hal mempromosikan diplomasi parlemen untuk keamanan regional. https://t.co/iSipb47hGI
96,2022-10-30 19:05:27+00:00,"Ketua DPR RI Puan Maharani dinilai memiliki modal kuat untuk menjadi seorang pemimpin, terutama menjadi pemimpin RI. https://t.co/hfwyhGVcf9"
97,2022-10-30 19:05:06+00:00,"Pakar Komunikasi Politik dan Kebijakan, Riant Nugroho memprediksi, Ketua DPR Puan Maharani mudah mendapatkan tiket menjadi presiden di 2024. https://t.co/oNghCVAWgj"
98,2022-10-30 19:04:58+00:00,Anggota DPR RI Agustina Wilujeng mendoakan Puan Maharani menang Pilpres 2024 dan mendorong persaingan yang sehat dan elegan. https://t.co/fAa5rPfnjO
99,2022-10-30 19:04:54+00:00,"Posisi Puan Maharani sebagai Ketua DPR RI perempuan pertama, dinilai memberikan nilai tawar yang cukup tinggi, oleh sebab itu banyak yang merasa tidak nyaman dengan kehadiran Puan dalam bursa capres 2024. https://t.co/Z98O3BslRR"
100,2022-10-30 19:04:44+00:00,Anggota DPR RI Masinton Pasaribu menilai Puan Maharani memenuhi kriteria seorang pemimpin karena ditempa sejarah sejak remaja. https://t.co/Uq4aKJdsBH
101,2022-10-30 19:04:25+00:00,"Meskipun belum pernah menghadapi pilkada, namun suara tertinggi di DPR yang diperoleh Puan Maharani tentunya merupakan sebuah prestasi yang luar biasa. https://t.co/JQox8n5irB"
102,2022-10-30 19:03:30+00:00,"Pengamat Politik dari Universitas Al Azhar Indonesia Ujang Komarudin menganggap Puan Maharani sedang dipromosikan oleh partainya menjadi Capres 2024. Menurutnya, hal itu tampak dari mulainya safari politik yang dilakukan Ketua DPR RI tersebut. https://t.co/dqjTOzLCaP"
103,2022-10-30 19:03:18+00:00,Berikut rangkuman atau cuplikan apa yang sudah dilakukan Ketua DPR RI Puan Maharani. Yuk kita simak !!! https://t.co/GOXduHIESU
104,2022-10-30 19:01:43+00:00,"Memperingati 94 tahun Sumpah Pemuda, Ketua DPR RI Puan Maharani mengajak seluruh pemuda-pemudi Indonesia berdikari lewat karyanya masing-masing. https://t.co/onKufKTjMg"
105,2022-10-30 18:53:50+00:00,ya hice q le guste dpr ahora queda dean jinhyeong y bloo
106,2022-10-30 18:41:37+00:00,Maybe lepas baik batuk suara jadi sedap mcm maddox or dpr ian en
107,2022-10-30 18:40:07+00:00,"DEAN,,,, DPR GANG,,,, BIBI,,,, DEAN !!!!!! #MAMAVOTE #txt"
108,2022-10-30 18:33:08+00:00,clueless banget tau nya cuma dia butuh penyemangat? atau lagi cape tpi kenapa hapus bio sama unfoll anak2 dpr
109,2022-10-30 18:28:26+00:00,"Jasmine, by DPR LIVE
Ganteng ndak si tu? Lagu ganteng tu kek maneeeee https://t.co/VJpN6oESXb"
110,2022-10-30 18:22:35+00:00,"current situation sama kaya dpr ian, cape tpi gacape, gapunya masala tpi kaya punya masala,,, chillllll🤙"
111,2022-10-30 18:20:37+00:00,"Ian pasti lg capek bgt butuh istirahat gapapa kok tenangin diri kamu dulu &amp; lekas sembuh yaa, aku nunggu updatean kmu🥺berusaha utk berpikir positif ian hapus beberapa foto mungkin lg ngerapiin feednya, semoga hubungan dgn dpr jg baik-baik aja love you pgn pelukk @DPRIAN_ #DPRIAN https://t.co/Wxx3OcXFhV"
112,2022-10-30 18:17:34+00:00,"@lefalya Maaf Pak, RUU Strobo ditolak DPR 🙏"
113,2022-10-30 18:14:01+00:00,@dpr_yian Semangat oppa! https://t.co/2nTylB02sS
114,2022-10-30 18:09:58+00:00,dpr ian votaria 13 https://t.co/BJL9IP2SUJ
115,2022-10-30 18:08:51+00:00,@usmanarshad63 @dpr_gob @AQuddusBizenjo @quetta_dc @ACQuettaCity @CpoQuetta @CMShehbaz @OfficialDGISPR @dailytimespak @faizanlakhani @Shoaib_Jatt Dear kasy hain ap.? Apni destination b sath mention kr di krain. Pls
116,2022-10-30 18:06:41+00:00,"@PakistanFauj @OfficialDGISPR @GovtofPakistan @dpr_gob @LeviesHq @PeaceForPk @GHaZ_NAwE77 @Pak_Muzammil @BlhMuhafiz @Marwat_Sahab @ChiryaClub Lanatttt Bajwa traitor per
#BajwaTraitor 
#DGISPR https://t.co/mJinyo6y7c"
117,2022-10-30 18:06:39+00:00,@teropongsuara Emng anis baswedan itu oposisi. Emng dia punya partai....? Cb lu sebutin partai dia di DPR pusat...?
118,2022-10-30 18:06:18+00:00,Dpr we gang gang
119,2022-10-30 18:05:40+00:00,"WTS TIKET KONSER DPR REGIME TOUR IN JAKARTA 

Blue sec 1 tix 1.700

#dprregimetourinjkt"
120,2022-10-30 18:05:16+00:00,@OposisiCerdas Gak salah sih mimpi adalah kunci menaklukkan dunia..  Bukan DPR RI mas bro..  Itu sih masih jauh dri mimpi..
121,2022-10-30 18:01:39+00:00,dpr ian votaria 13 https://t.co/THwIysfDCl
122,2022-10-30 18:00:00+00:00,@ipb_menfess DPR Ian plissss
123,2022-10-30 17:55:38+00:00,"@PuanGarisLucu @christiangel___ @puanmaharani_ri Semoga seluruh jajaran DPR bisa mengikuti arahan bu @puanmaharani_ri dengan baik, bahwa DPR harus bisa memaksimalkan tugasnya supaya lebih terasa nyata di lingkungan masyarakat"
124,2022-10-30 17:53:19+00:00,@B0SSbran opppa seems like dpr ian seshhhh
125,2022-10-30 17:50:37+00:00,dpr ian jangan sedih ada aku di sini
126,2022-10-30 17:49:21+00:00,@OposisiCerdas Santai aja dong..gk usah nggas kebakaran jenggot gitu.. kalo anda sportif..ajak anggota DPR dan p.jusuf Kalla lihat kondisinya..
127,2022-10-30 17:45:48+00:00,Dpr ian tu anggota komisi brp
128,2022-10-30 17:45:47+00:00,"@law6ft3 Klo di pemerintahan mpk tuh like dpr n mpr, sedangkan osis like presiden dan para mentrinya"
129,2022-10-30 17:45:37+00:00,Lah baru tahu dpr ian was a member from cclown ternampak vid tt tu..😂
130,2022-10-30 17:42:37+00:00,apa harus jadi anggota DPR dulu biar bisa ngga susah tidur
131,2022-10-30 17:40:19+00:00,@xualvz dpr ian?
132,2022-10-30 17:38:41+00:00,"lagi pgn tau dpr ian kenapa lewat trending, isinya malah affiliate booking cewe bgsdddd"
133,2022-10-30 17:32:30+00:00,Ian oppa mencari jodoh part 2 @dpr_yian
134,2022-10-30 17:31:03+00:00,Wakil Ketua Komisi III DPR RI Ahmad Sahroni Sahroni mendorong Polri untuk memperbaiki tata kelola pembuatan Surat Izin Mengemudi (SIM). #AhmadSahroni https://t.co/O1DPVMfDhv
135,2022-10-30 17:26:28+00:00,"perbanyaklah tadarus, jangan lupa shalawat"
136,2022-10-30 17:24:48+00:00,"@asyahnabillaa Minjem 15 juta syah, buat lunasin uang kuliah sampe wisuda. Ntar kalo gua udah masuk partai kaya temen"" guaa, gua ganti pake bangku dpr"
137,2022-10-30 17:20:54+00:00,dpr ian 🧎🧎
138,2022-10-30 17:15:36+00:00,@zenrs @NarasiNewsroom DPR mesti revisi UU inimah udahlah ganti aja yg lebih berat hukumannya
139,2022-10-30 17:10:29+00:00,"@alextham878 PANCASILA
TAMENG UTK MELINDUNGI DIRI DARI HUKUMAN MATI.

MAKA ITU DPR TIDAK SETUJU KLAU KORUPTOR DIHUKUM MATI.

AKHIRNYA
DPR DAN PEMERINTAH ASYIK ASYIKAN KORUPSI

GILA GILAAN KORUPSI NYA

DAN
GAK MUNGKIN LAH BAKUL SAYUR DAN BUAH BISA KORUPSI KAS NEGARA."
140,2022-10-30 17:09:56+00:00,RT 5u5hitra5h: dpr ian/christian yu livestream clip 10/19/22 https://t.co/P9tfmAJzUd
141,2022-10-30 17:08:28+00:00,"@hotgarbitch__ Iyaa, dia jugaa unfollow akun official dpr :'"
142,2022-10-30 17:07:01+00:00,"sebagai menteri, hak budget tidak berjalan dan pembubaran  DPR oleh presiden. Penyimpangan pada Masa orde baru yaitu MPR tidak berkehendak mengubah Unang-Undang Dasar 1945 dan mengeluarkan Tap MPR tentang Referendum. Penyimpangan pada masa setelah perubahan yaitu anggaran"
143,2022-10-30 17:06:56+00:00,CALICO BY DPR IAN = SOTY
144,2022-10-30 17:06:19+00:00,secara sepihak atau tanpa persetujuan dari DPR. Penyimpangan ini terjadi karena banyaknya kepentingan dan amisi politik pasa saat itu. Penyimpangan-penyimpangan konstitusi ini memang ada disetiap masa di indonesia. Pada masa awal kemerdekaan terjadi penyimpangan seperti KNIP
145,2022-10-30 17:05:12+00:00,Disuarakan @PDemokrat melalui @BennyHarmanID Komisi III DPR RI @FPD_DPR agar Presiden/Pemerintah Mewujudkan Perubahan &amp; Perbaikan pada Institusi Polri. https://t.co/7ioU0DFEmg
146,2022-10-30 17:03:18+00:00,presiden setiap tanggal 16 agustus dalam sidang paripurna DPR.  Konstitusi mempunyai beberapa fungsi. Dapat disimpulkan bahwa Konstitusi di suatu negara berfungsi untuk menentukan serta membatasi kekuasaan negara hal tersebut dilakukan agar penguasa tidak memanipulasi untuk
147,2022-10-30 16:59:46+00:00,@dpr_yian Tasty kan?
148,2022-10-30 16:55:59+00:00,@dpr_yian peresin jeruk nipis kali ye hyung ke mata
149,2022-10-30 16:55:35+00:00,"@dprxian woi bang kalo masih minjem muka orang jangan aneh aneh dha, udah di bilang kalo dpr ian jangan di nsfw in masih aja batu"
150,2022-10-30 16:55:05+00:00,@senn102 ty prii libre moko dpr we gang gang chz HASHAHSA
151,2022-10-30 16:54:20+00:00,@allusionzi tp asli kebanyakan org suka ian emg karna muka sama badannya sih anjir. ada temen gue yg tbtb suka ian grgr liat org bikin video thirsty gitu. lucunya dia gatau lagu dpr dan gadenger lagu lagunya samsek.
152,2022-10-30 16:54:07+00:00,@OposisiCerdas PSI duduk di Kursi Satpam sama Kursi Tamu di Gedung DPR RI
153,2022-10-30 16:53:09+00:00,@haechan_nuna Gue blom buka2 tiktok lagi...ada masalah sama dpr kali yah? Anjir mana lagi tour
154,2022-10-30 16:52:30+00:00,ngapain ya biar tidur. 2
155,2022-10-30 16:52:12+00:00,Baru tau DPR Ian daripada C-Clown 😭😭😭 Rome rapper HAHAHA
156,2022-10-30 16:50:36+00:00,@ipb_menfess dpr puan
157,2022-10-30 16:49:16+00:00,"Apa kelebihan Ganjar dlm memimpin Jawa tengah saat ini? Bagaimana kinerjanya waktu jd anggota DPR RI ? 

Boleh dikatakan ya biasa aja, tapi kenapa begitu masif pemberitaan dukungan dr elemen warga ? 
Seolah2 sudah banyak hal yg telah dilakukan Ganjar. Hehe... Think smart..."
158,2022-10-30 16:39:46+00:00,@dpr_yian Asli bang gue puas banget bisa isengin elu
159,2022-10-30 16:39:12+00:00,"yaallah baru aja punya twitter udah dibajak yang aneh aneh lagi, maafkan ibu dpr🙏"
160,2022-10-30 16:31:40+00:00,is dpr ian okay?
161,2022-10-30 16:31:19+00:00,@dpr_yian sweet karna ada gua-nya.
162,2022-10-30 16:31:07+00:00,@dpr_yian Ini kenapa sih yan awalnya? Lagu ke spoiler?
163,2022-10-30 16:30:55+00:00,"@minjithekim @dpr_yian @hongsuzui lupa, sy kameramen. 🤝"
164,2022-10-30 16:29:40+00:00,@PuanGarisLucu @puanmaharani_ri Keren sekali Bu @puanmaharani_ri sbg  ketua DPR RI Bu puan telah banyak aktif dlm berbagai hal termasuk dlm aksi penguatan parleman yg tanahnya lebih luas
165,2022-10-30 16:29:31+00:00,Anggota DPR RI Dukung Selat valentine Jadi Kawasan Perikanan Terintegrasi https://t.co/wXdyYYSObP
166,2022-10-30 16:28:28+00:00,dpr ian gak ada niat konser tapi dia sendirian aja gitu? dpr yang gue kenal cuma dia ama puan doang
167,2022-10-30 16:26:58+00:00,"@Askrlfess - DPR dihapuskan
- Polisi ga boleh tidur
- Tentara harus hitam
- BPJS bisa buat kecantikan dan beli skincare bisa lewat BPJS
- Tiap warga negara hrs wajib memakai sunscreen
- Sekolah cukup sampe jam 11/12 dan 5hari aja
- bkin UU buat cowo/cewe yg jahat thdp pasangan
-"
168,2022-10-30 16:26:53+00:00,Matching pfps with my dpr delulu gang gang flap flap~ #NewProfilePic https://t.co/Fc6nAANVmx
169,2022-10-30 16:26:31+00:00,Dpr ian svt skz Sabrina carpenter keshi
170,2022-10-30 16:23:25+00:00,@MlCNGYU @dpr_yian @hongsuzui hah.. kakak kan paling bawah? ntu urutannya mico-zui-ian-minji 👍🏻
171,2022-10-30 16:23:23+00:00,"@collin_batigoal @DedySet19424526 Ahhh ky ga tau DPR aj ,,,
Emng mrk suka ajak diskusi klo soal pembahasan RUU ?? 
Tau2 di ketok aj tuh jd UU terutama klo soal kepentingan publik ,,heran DPR itu perwakilan rakyat apa parpol"
172,2022-10-30 16:19:32+00:00,"@Siti_Khadijah95 Yg jelas  kala itu di internal AS sendiri yg megang dpr hileri  yg semua tau rival politik  trump,jd kemauan pak tua berambut jagung banyak yg tak disetujui dpr"
173,2022-10-30 16:19:29+00:00,"@minjithekim @dpr_yian @hongsuzui kasian zui nuna, ketiban badan kekar mingyu."
174,2022-10-30 16:18:22+00:00,"@minjithekim @dpr_yian @hongsuzui nggak ngambek, kan mau makin aktif biar makin berisik. 🤌🏻"
175,2022-10-30 16:17:44+00:00,@MlCNGYU @dpr_yian @hongsuzui minji paling atas! 🥺☝🏻
176,2022-10-30 16:17:39+00:00,"Pengen Jadi DPR
Biar BISA Korupsi

#prayforitaewon"
177,2022-10-30 16:17:20+00:00,@MlCNGYU @dpr_yian @hongsuzui ambek nih? malu ah sama umur. 😥
178,2022-10-30 16:16:50+00:00,"@dpr_yian @minjithekim @hongsuzui heran. kalo off pada takut gua ke uv, pas on katanya berisik.

dahlah mau makin aktif aja."
179,2022-10-30 16:16:38+00:00,"@dpr_yian Anytime, kak. Will definitely do! Semoga ian rl selalu dilindungi dan dikelilingi orang baik! 🥹"
180,2022-10-30 16:14:26+00:00,@democrazymedia Yang perlu diusut tuntas yg mau memeras Pancasila melalui RUU HIP di DPR.
181,2022-10-30 16:13:27+00:00,"@minjithekim @MlCNGYU @hongsuzui Appa juga udah tidur tadi, tiba2 mingyu berisik notifnya"
182,2022-10-30 16:10:03+00:00,@Siti_Khadijah95 Dpr As yg kala itu tak menyetujui dan lebih memperhitungkan untung rugi kalo meladeni perang terbuka dgn iran....mungkin dpr iran mikire iran negara kecil yg tandus yg rakyatnya siap bela pati 😋
183,2022-10-30 16:09:56+00:00,"RT tanyakanrl: 💚 AA DPR IAN KENAPAA, ADA YG TAU NGGAA PLSS 🥹😭 https://t.co/mTYFeCMVZI"
184,2022-10-30 16:07:57+00:00,@dpr_yian berpelukan https://t.co/2Li0aoxUOj
185,2022-10-30 16:07:07+00:00,"@Indones20366386 @ojkindonesia @wanaarthalife_ @KejaksaanRI @MPRRI @DPR_RI @jokowi Iya orang tua saya ikut asuransi wanaartha karena ada simbol ojknya sih, skrg hancur lebur"
186,2022-10-30 16:06:39+00:00,@minjithekim @dpr_yian @hongsuzui notif sy ganggu ya.
187,2022-10-30 16:04:19+00:00,cv allobank ke spay 21k dpr brp? #zonauang
188,2022-10-30 16:03:48+00:00,"@ryura_09 Keknya ian emg gak follow ig team nya, cuman ig official dpr aja"
189,2022-10-30 16:03:26+00:00,@mlbbfess dpr ian
190,2022-10-30 16:02:29+00:00,"Tapi anak ketumnya suka matiin mic  orang lain yg lagi ngomong di sidang DPR.

Hahahahahahahahahahahahahaha"
191,2022-10-30 16:01:57+00:00,baru tau kalo dprian itu orang korea kukiraa memang anggota dpr baru ganteng gitu lohh makanya terkenal wkkwkwkwkw nangisss banget
192,2022-10-30 15:58:37+00:00,@frnndo00 Bapak DPR yang nggak suka puan Maharani makanya mukanya mumet 😑
193,2022-10-30 15:58:00+00:00,@marcellaisne @dpr_yian bang ian.
194,2022-10-30 15:57:36+00:00,@MlCNGYU @dpr_yian @hongsuzui gak jadi karena liat notif km.
195,2022-10-30 15:57:25+00:00,@MlCNGYU @dpr_yian @hongsuzui udah atuh 🥺
196,2022-10-30 15:55:47+00:00,DPR vendredi AAAAAAAA
197,2022-10-30 15:55:23+00:00,"@NegeriKolam Ketua DPR pasti gak setuju itu, itu PR buat pak Jokowi, bgmn agar bisa memuluskan agenda politik agar bisa soft landing/bahkan bisa take off lg jd pilot lg, menteri2 yg sdh sibuk dgn agenda politik masing2 yg terkait deklarasi dukungan atau kampanye sbg capres, sebaiknya diganti"
198,2022-10-30 15:55:13+00:00,@dpr_yian @marcellaisne aku kan harus follow my dream
199,2022-10-30 15:55:12+00:00,@Hyungsib @dpr_yian Sesat sesat juga kamu ikutin. 🤪
200,2022-10-30 15:54:35+00:00,"Ketua DPR RI Puan Maharani dinilai memiliki modal kuat untuk menjadi seorang pemimpin, terutama menjadi pemimpin RI. https://t.co/LxnJqOQHXB"
201,2022-10-30 15:54:33+00:00,@Hyungsib @marcellaisne Naeun jangan diikutin sik
202,2022-10-30 15:53:59+00:00,"Ini menjadi perhatian khusus bagi Menteri Agraria dan Tata Ruang/Kepala Badan Pertanahan Nasional (ATR/BPN).

Ketua Komisi II DPR RI Ahmad Doli Kurnia mendapat informasi bahwa selain ini, ternyata masih ada lagi dua atau tiga desa adat yang menghadapi masalah serupa."
203,2022-10-30 15:53:48+00:00,"@minjithekim @dpr_yian @hongsuzui support bapak kamu, biar senyum dikit sambil nunggu kabar."
204,2022-10-30 15:53:00+00:00,"Pakar Komunikasi Politik dan Kebijakan, Riant Nugroho memprediksi, Ketua DPR Puan Maharani mudah mendapatkan tiket menjadi presiden di 2024. https://t.co/Vou43nOQNk"
205,2022-10-30 15:52:26+00:00,Anggota DPR RI Agustina Wilujeng mendoakan Puan Maharani menang Pilpres 2024 dan mendorong persaingan yang sehat dan elegan. https://t.co/LfBUlsXsmo
206,2022-10-30 15:52:13+00:00,Fyp tiktok tuh wajib muncul dpr ian sama jonny beneran pasti muncul padahal ga w like
207,2022-10-30 15:51:57+00:00,"Posisi Puan Maharani sebagai Ketua DPR RI perempuan pertama, dinilai memberikan nilai tawar yang cukup tinggi, oleh sebab itu banyak yang merasa tidak nyaman dengan kehadiran Puan dalam bursa capres 2024. https://t.co/Jz5sLTXUCH"
208,2022-10-30 15:51:47+00:00,@minjithekim @dpr_yian @hongsuzui loh loh katanya istirahat.
209,2022-10-30 15:51:11+00:00,Anggota DPR RI Masinton Pasaribu menilai Puan Maharani memenuhi kriteria seorang pemimpin karena ditempa sejarah sejak remaja. https://t.co/KbPXJwrFMZ
210,2022-10-30 15:50:14+00:00,@MlCNGYU @dpr_yian @hongsuzui APA-APAAN ENIH.
211,2022-10-30 15:50:04+00:00,"@marcellaisne Yaa makasih ya, udah bikin mentab saya rame"
212,2022-10-30 15:49:48+00:00,"@dpr_yian @minjithekim @hongsuzui gas njeng, gausah gengsi. https://t.co/j8nWFqfp6B"
213,2022-10-30 15:49:31+00:00,"Meskipun belum pernah menghadapi pilkada, namun suara tertinggi di DPR yang diperoleh Puan Maharani tentunya merupakan sebuah prestasi yang luar biasa. https://t.co/1BM6M0T10d"
214,2022-10-30 15:48:43+00:00,@marcellaisne @dpr_yian sesat
215,2022-10-30 15:48:34+00:00,@ludazzu @dpr_yian Banyak monyet yang tertipu 🫣
216,2022-10-30 15:48:27+00:00,"Sekarang juga bisa dudukin kursi DPR RI doang mah, ...tapi terdaftar dan tercatat sebagai anggota??? yo ngimpi !!! 😄😄😄 https://t.co/B36QALAJeK"
217,2022-10-30 15:48:04+00:00,@marcellaisne Akan gua tandain rp son naeun ini
218,2022-10-30 15:47:57+00:00,@dpr_yian HAHAHAHA GIMANA BANG MENTABNYA JADI RAME?
219,2022-10-30 15:46:36+00:00,Kak ian @dpr_yian
220,2022-10-30 15:46:22+00:00,@marcellaisne @dpr_yian BOHONG
221,2022-10-30 15:45:41+00:00,@Askrlfess Bubarin DPR
222,2022-10-30 15:43:54+00:00,"Anggota Komisi VI DPR RI Gde Sumarjaya Linggih menyatakan Pemerintah perlu melakukan antisipasi dini terhadap adanya ancaman krisis pangan. 

Kondisi ketahanan pangan nasional pun saat ini tengah menghadapi berbagai tantangan.
https://t.co/NsoD46gL8n https://t.co/c8D1QQpfju"
223,2022-10-30 15:42:47+00:00,Berikut rangkuman atau cuplikan apa yang sudah dilakukan Ketua DPR RI Puan Maharani. Yuk kita simak !!! https://t.co/OcYKBgzauZ
224,2022-10-30 15:42:06+00:00,we are dpr gang gang
225,2022-10-30 15:41:00+00:00,"Memperingati 94 tahun Sumpah Pemuda, Ketua DPR RI Puan Maharani mengajak seluruh pemuda-pemudi Indonesia berdikari lewat karyanya masing-masing. https://t.co/e40BT8nzA4"
226,2022-10-30 15:39:07+00:00,@saraah_nk DPR Ian jsp si tu connais
227,2022-10-30 15:38:56+00:00,@zaidanaqiili_ Dpr ian versi susah
228,2022-10-30 15:35:52+00:00,"Kenapa Komisi IX DPR (punya wewenang?) tidak panggil saja MenKes, Direksi2 RS dan Direksi BPJS  utk mencari solusi bersama. Jangan hanya pernyataan kpd wartawan. 
Rakyat mohon penjelasan ! https://t.co/ebeX4viHoF"
229,2022-10-30 15:35:20+00:00,"@gabusrangers @dpr_zeni @poponkerok Gw ga dukung LGBTQ, kl lu scroll timeline gw lu akan nemu gw diserang juga krena stated ""i don't support but i also have nothing against LGBTQ""

Yg mereka dukung itu bukan LGBTQ nya, tp HAM nya. Disana bkn negara agama walau ada agama, soal dosa ga dosa urusan msg2. Gw jelas ga?"
230,2022-10-30 15:35:05+00:00,Buahahahha.. kmrn kan Ente Wakil ketua DPR trus banyak diparlemen kemana aja pd naek tuh BBM dan TDL?? ikut ketok palu jg aja janjinya lebay. Dasar Politisi Kekuasaan
231,2022-10-30 15:34:18+00:00,"terimaksih udah buat aku ngerasain jadi orang yang pernah kamu sayang, u are still my best friend kok kalo butuh apapun cari aja aku yaaa, janji harus lebih bahagia ya tanpa aku aamiin, bye mas dpr!!!:)) https://t.co/TEoRlDnvnD"
232,2022-10-30 15:33:21+00:00,"Anggota Komisi X DPR RI Ferdiansyah prihatin dan menyayangkan kondisi SMPN 7 Gorontalo yang setiap tahun sebanyak 3-4 kali mengalami kebanjiran. Hal tersebut sangat meresahkan sebab akan mengganggu kegiatan belajar-mengajar di institusi pendidikan itu. 
https://t.co/p6gMiiuvvP https://t.co/ZJyB8WgjyC"
233,2022-10-30 15:33:02+00:00,"Konsorsium 303 penyebabnya
DPR larang buka motif kasus Sambo 
Apa mereka sudah kebagian uang hasil judi sambo https://t.co/WlQLyOzgsL"
234,2022-10-30 15:30:53+00:00,@wishesofpeony followingnya jd 0😭😭 mungkin skrg jg lagi break sebentar sebelum tour ke uk europe soalnya stylist dpr ada di korea. kita berdoa aja semoga gapapa dan kalo ada masalah pun bisa diatasin baik baik🥺
235,2022-10-30 15:29:16+00:00,"nangis bgt ternyata diri aku sendiri yg engga doing fine, mau peluk dpr ian 😭🫂 https://t.co/u21BOSD2lE"
236,2022-10-30 15:28:50+00:00,"@elleanor12 @DokterTifa Kader partai ternyata 😂
Mbak nya tahu pak edi?! Di palembang ketemu saya sebelum jadi mentri😂 trus nyuruh saya jadi kader, suruh nyaleg, ketawa tawa aja pas ngopi bareng dia.
Noh Ketua DPR Banyu Asin msh hutang sama saya, minta konsep kreatif kegiatan gak bayar nyampe sekarang."
237,2022-10-30 15:28:45+00:00,"@dpr_zeni @poponkerok Udah bang gausah capek2 jelasin, popon mah otaknya udah kecampur tai. Ga akan masuk"
238,2022-10-30 15:28:38+00:00,kita remaja yg sedang mengkhawatirkan dpr ian
239,2022-10-30 15:27:26+00:00,"DETOKSIFIKASI CANDU POLITIK: UNDANG-UNDANG ANTI KORUPSI KENAPA DITOLAK ? 

@DPR_RI @DPDRI @PolhukamRI @mohmahfudmd @Kemenkumham_RI @KSPgoid @JubirPresidenRI @jokowi @puanmaharani_ri @KPK_RI @PPATK @PIP_KPK @DivHumas_Polri @CCICPolri @kanal_kpk 
https://t.co/E6j2n9cXf6"
240,2022-10-30 15:27:20+00:00,"Selama 4 periode di DPR RI, berbagai penugasan tlah diemban @teukuriefky_1. Di antaranya Ketua Komisi VII, Sekretaris @FPD_DPR saat memiliki 148 anggota DPR RI, Ketua Komisi X, Wakil Ketua Badan Anggaran, &amp; saat ini menjabat sebagai Wakil Ketua Komisi I.
https://t.co/9m483h3fSz"
241,2022-10-30 15:26:04+00:00,"Day 302 Of 365

""Jika tidak ada yang pernah bilang sama kamu tentang ini. Biar aku yang bilang. 'Aku bangga sama kamu'.""

-DPR IAN"
242,2022-10-30 15:24:02+00:00,"Pemerintah dan DPR Sepakat Kirim Tim Peninjau, Ada Apa dengan Tambang Amman? https://t.co/U9DLHGznUu #TrenAsia"
243,2022-10-30 15:21:33+00:00,@lReyva ntar kamu nikah sama dpr ian aja
244,2022-10-30 15:21:23+00:00,"kecil : pekerja seni, sekarang : DPR RI wkwkwkwk"
245,2022-10-30 15:20:34+00:00,#Franqrym waifu ? https://t.co/2XknUaFosZ
246,2022-10-30 15:18:45+00:00,"#OpIndonesia #Hmei7 | #Bjorka
@Gerindra @prabowo @_TNIAU bantu saya jadi DPR Gerindra Kabupaten Kediri maka saya akan bantu sektor pertanian dan peternakan di kediri . saya memiliki sapi susu dan perkebunan nanas . saya sudah kaya raya 70 % saham @Twitter.
https://t.co/PNtuxtSkuK"
247,2022-10-30 15:18:31+00:00,DPR IAN as Karelio Damiano https://t.co/tiR5JEnum2
248,2022-10-30 15:15:13+00:00,"Muterin Kavling DPR Sidoarjo, cafe² nya gak perlu di ragukan lagi🫠 #aestheticmoment #cafehopping https://t.co/kp5eXRNiCc"
249,2022-10-30 15:13:58+00:00,"Ketua DPD Golkar DIY, yang juga Anggota Komisi VII DPR RI HM Gandung Pardiman menyampaikan, soliditas pengurus termasuk Fraksi Partai Golkar di DPRD Gunungkidul cukup baik dalam menyiapkan segenap rangkaian agenda peringatan hingga pada acara pamungkas."
250,2022-10-30 15:11:43+00:00,@Askrlfess bubarkan DPR
251,2022-10-30 15:11:32+00:00,"Jago bgt ngasih semangat, sendirinya butuh disemangatin🥹💔 i hope you’re ok iaaan, I want to hug you so bad🥹 ayodong masa anggota Dpr sedih, jangan mau kalah sama DprPuan yg suka matiin mic🫠 you did amazing rome im so proud of you and i love you 🤍🥹 #DPRIAN https://t.co/tn0wVo9V9y"
252,2022-10-30 15:11:17+00:00,"Ketua DPR RI Puan Maharani menghadiri the 30th Annual Congress of the Asia-Pacific Parliamentary Forum (APPF 30) di Thailand. Pada kegiatan tahunan forum parlemen negara-negara kawasan Asia-Pasifik itu, Puan berbicara soal peningkatan kesetaraan gender di Indonesia.

#perempuan https://t.co/bqUaYtWcKV"
253,2022-10-30 15:10:07+00:00,"PUTUSSIBAU (30 Oktober): Anggota Komisi IV DPR RI dari Fraksi Partai NasDem, Yessy Melania menggelar  https://t.co/IXPrMQ4vZG"
254,2022-10-30 15:09:02+00:00,Adian Napitupulu menekankan akan segera memanggil PT Amman Mineral Nusa Tenggara ke DPR -   https://t.co/vH1BL2NxeA
255,2022-10-30 15:08:36+00:00,"@linoskzkitty dpr ian, christian yu"
256,2022-10-30 15:08:01+00:00,Adian Napitupulu menekankan akan segera memanggil PT Amman Mineral Nusa Tenggara ke DPR -   https://t.co/vH1BL35GsI
257,2022-10-30 15:07:41+00:00,ooo jadi ini dpr ian
258,2022-10-30 15:06:47+00:00,Jasmine - DPR LIVE
259,2022-10-30 15:06:38+00:00,"RT kebulrokok: tato, tarung derajat

dpr ian (christian yu) au https://t.co/OohBrs9tuD"
260,2022-10-30 15:06:33+00:00,"@Onyekaofficial2 @teebravo_ Add NCC, DPR"
261,2022-10-30 15:06:02+00:00,@asepstobelly dpr ian pas masih sering kasbon di warung padang
262,2022-10-30 15:05:11+00:00,"Komisi III DPR minta Polri percepat pembuatan SIM dan tak persulit masyarakat

https://t.co/Ugol7WIAEJ

#dprri #ahmadsahroni #sim #suratizin #polri #pembuatansim #kapolri #listyosigitprabowo #Lensaindonesiacom"
263,2022-10-30 15:03:06+00:00,@alextham878 Bnr..protes tuh DPR hrsnya..mahatulul 😎
264,2022-10-30 15:02:25+00:00,"mau rp ash island, dpr ian, dpr live, dpr rem, dpr cream, b.i, zico, youngji, devita, hayi dan lainnya🤧"
265,2022-10-30 15:01:39+00:00,"Kader Golkar ini banyak tersandung korupsi, Setya Novanto jangan sampai menjadi ketua DPR"
266,2022-10-30 14:58:57+00:00,Tanda tanda mau dpr duit pasti
267,2022-10-30 14:57:41+00:00,"@Binsaragih1 @PapuaWeb @DPR_RI @volker_turk @jokowi @OHCHRAsia @MaryLawlorhrds @VeronicaKoman @PressACP @AlboMP @NanaiaMahuta @ForumSEC @lotupasifika @ABCPacific @gibran_tweet @kaesangp Kita yg berbagi sama rata aja masi bisa  idup ya, yaa meski kadang seok-seok, awokawok"
268,2022-10-30 14:54:53+00:00,@usmanarshad63 @CMShehbaz @quetta_dc @BSWarraich @Noormengal_ @jamalidmg @hamzashafqaat @ACQuettaCity @TeamQuetta @JAfridi10 @dpr_gob @PakPMO BHAI AP ALLAH KI PNAH ME HO🌹
269,2022-10-30 14:53:42+00:00,Guys ian hapus bio nya 😭 dan dia juga unfollow anggota dpr lainnya 💔 makin takut aduhhh 🤧
270,2022-10-30 14:53:31+00:00,@OposisiCerdas Kursi DPR RI yg didepan gerbang pintu masuk 🤣🤣🤣
271,2022-10-30 14:51:43+00:00,Begini Mau Maju Capres? Kinerja DPR di Bawah Puan Maharani Makin Buruk: Ini Datanya https://t.co/WryxQlYJ5G
272,2022-10-30 14:50:36+00:00,@RajaJuliAntoni @atr_bpn Sebagai wakil rakyat anda .. klo emang berani menegakkan kebenaran .. buka borok kebusukan seluruh departement yg ada .. juga lembaga2 yg ada ..krn uang rakyat sia2 utk mendanainya ... boleh lihat yg ada ..? Jadilah wakil Tuhan .. utk rakyat baru kalian yg ada di dpr/dprd
273,2022-10-30 14:50:10+00:00,"PONOROGO (30 Oktober): Anggota Komisi V DPR RI dari Fraksi Partai NasDem, Sri Wahyuni mengaku prihatin  https://t.co/ZhluBhjmGV"
274,2022-10-30 14:49:35+00:00,"PAINAN (30 Oktober): Anggota Komisi VIII DPR RI dari Fraksi Partai NasDem, Lisda Hendrajoni menyerahkan  https://t.co/4JhOXEh5aj"
275,2022-10-30 14:47:12+00:00,"@Askrlfess peraturan sih engga.. klo kebijakan kurlleb :
1. bubarkan polisi. (buat yg baru dengan standar baru)
2. Hapus dpr
3. tata ulang fifa"
276,2022-10-30 14:46:28+00:00,dpr we gang gang
277,2022-10-30 14:44:48+00:00,"#Formappi Menilai Kinerja DPR RI di Bawah Puan Maharani Kian Buruk, Ini Datanya - https://t.co/S57F6chGeU 
#PuanMaharani

https://t.co/a2Au0hZs0F"
278,2022-10-30 14:42:33+00:00,Pria yang Menyerang Suami Ketua DPR Amerika Didakwa Pasal Percobaan Pembunuhan https://t.co/Dr5S74wFF6
279,2022-10-30 14:42:03+00:00,SEEING DPR IN 2 WEEKS QKDHAIDHKBSMAAN
280,2022-10-30 14:41:42+00:00,"@OposisiCerdas 🤣sekarang aja loh kalo pas anggota dpr sudah pulang antum minta izin untuk sekedar menduduki ntu korsi tapi sebentar 🤣🤣 aja yah....
kasian.... 
jadi inget penjuwal dawet 🤣🤣"
281,2022-10-30 14:41:24+00:00,@dpr_yian WKWKW BISA DONG 🌝
282,2022-10-30 14:39:31+00:00,@byaawww @collegemenfess dpr itu apa kak
283,2022-10-30 14:39:28+00:00,"@SugionoPlayer @eyedaybeach @poponkerok Dosen gua aja bilang kalo meski DPR judulnya perwakilan rakyat tapi ga semua bacotan mereka mewakili rakyat. Jangankan bacotan mereka ke media, bacotan mereka pas buat undang-undang dan pas sidang ajabelum tentu mewakili rakyat. Sekarang gua tanya, ucapan tolol di atas mewakili?"
284,2022-10-30 14:36:33+00:00,@collegemenfess mungkin kalo mau ya bem atau dpr gt sih kak gatau lg deh. semangat kak!
285,2022-10-30 14:35:57+00:00,@Askrlfess DPR adalah wakil rakyat yg amanah.
286,2022-10-30 14:35:16+00:00,@AbdinegaraSetia @PNS_Ababil Gaada gedung DPR/MPR? Ga pake DPR/MPR?
287,2022-10-30 14:32:15+00:00,@geloraco Partai abal - abal duduki kursi DPR  gue ngak percaya ah....
288,2022-10-30 14:30:04+00:00,Wakil Ketua Komisi III DPR RI Ahmad Sahroni merespons mengenai Kapolri Jenderal Pol. Listyo Sigit Prabowo yang menyarankan pembuatan SIM jangan dipersulit. #DPRRI https://t.co/xuWlmuPOCp
289,2022-10-30 14:28:40+00:00,@usmanarshad63 @CMShehbaz @quetta_dc @BSWarraich @Noormengal_ @jamalidmg @hamzashafqaat @ACQuettaCity @TeamQuetta @JAfridi10 @dpr_gob @PakPMO Bro yah poster kyu lagaya ha ❤
290,2022-10-30 14:28:13+00:00,"Tiba2 pasang bendera the nex 2024... dan janji akan menggratiskan listrik bersama partainya... 
Lha selama ini partai anda bersama pemerintah toh pak... trus ngapain aja selama ini? Kok gak ada gebrakan apapun dr partia anda baik di DPR maupun di kabinet."
291,2022-10-30 14:27:21+00:00,"PKB siap meraih 100 Kursi @DPR_RI bersama Gus Muhaimin sebagai Presiden 2024

#JalanKebangkitan https://t.co/AkPCUEJqtY"
292,2022-10-30 14:26:46+00:00,"Benar, proyek ini harus dibahas di DPR, lalu KPK, BPK, dll kemana yaaa, apa gak melihat proyek ini apakah merugikan negara atau gimana.."
293,2022-10-30 14:26:40+00:00,"Ogah Ngurusin Lagi Perkara Hukum 'Ijazah Palsu' Jokowi, Eggi Sudjana Malah Minta DPR Turun Tangan: Anda Punya Kekuatan, Panggil Presiden! https://t.co/tjWNpAZXks"
294,2022-10-30 14:26:29+00:00,"perbanyaklah ibadah, jangan lupa sedekah"
295,2022-10-30 14:25:46+00:00,@chrislee978 dpr amor
296,2022-10-30 14:25:09+00:00,@ipb_menfess DPR IAN g siii
297,2022-10-30 14:23:53+00:00,"@IInDYeah Hmmm

Mengundurkan diri dari anggota dpr berarti

cc ketuanya @puanmaharani_ri 

#eh"
298,2022-10-30 14:21:41+00:00,@007hiii yaudah cita cita ku menjadi anggota dpr 😋💐
299,2022-10-30 14:20:09+00:00,@cobeh2021 Dr DPR ke petani lalu penjual kepak sayap ayam trus penjual kaos ke penerbang berakhir ....?
300,2022-10-30 14:17:38+00:00,Gw jd ikut khawatir sama dpr ian😞
301,2022-10-30 14:17:23+00:00,@lovingigiii anggota dpr kak tp bukan sembarang dpr
302,2022-10-30 14:16:31+00:00,Persoalan ekonomi harus diselesaikan... kan presiden dan ketua DPR nya petugas partai anda om
303,2022-10-30 14:16:13+00:00,"Baru 2 bulan jadi penikmat musik DPR, semangat terus #DPRIAN !!! 
@DPRIAN_ 🙆💪"
304,2022-10-30 14:13:24+00:00,"@WayroonWaz @eyedaybeach @poponkerok 1. Kepanjangan DPR apa? 
2. DPR mewakilkan rakyat memberi suara terhadap suatu masalah, yang nanti bisa saja bentuk outputnya berupa Undang-undang
3.  DPR memang tolol dlm beberapa hal spt yg lu sebutin. Tapi tidak mengubah fakta kalau suara mereka ya suara rakyat.

Paham dek?"
305,2022-10-30 14:12:13+00:00,@warrenzue gue pikir dprian some hot anggota dpr yg semua org simp ternyata bukannn 😭😭
306,2022-10-30 14:10:01+00:00,i wanna ' dpr we gang gang  ' sa nov 30
307,2022-10-30 14:09:12+00:00,@dpr_zeni @poponkerok Ya ko malah nanya saya 😂
308,2022-10-30 14:08:41+00:00,@dyodyolol dpr ian☹️
309,2022-10-30 14:08:04+00:00,@mylkshakespeare keluar dari dpr
310,2022-10-30 14:07:22+00:00,as long as dia tak keluar dpr cukuplaaa 😭😭
311,2022-10-30 14:06:54+00:00,baru sadar dpr ian ternyata seganteng itu plij😔
312,2022-10-30 14:06:37+00:00,kugaberarti _aardapple IInDYeah christian yu aka dpr ian penyanyi korea kak
313,2022-10-30 14:05:13+00:00,"@SahabatAB @CutSarina5 @paidjo2018 @AkunSiih @RadarKorupsi @MichelAdam5l5 @yaminhariyanto @k4yyona_ @Patiunus14 @DrEvaChaniago @DrTaufan1 @effzar_za @agungmozin @nugrohost7 @HerrySuryya @DjudjuP @mueeza02 @Mdy_Asmara1701 @IJM @HRF @HeriMaryadi15 @msaid_didu @masdwika @AgusYudhoyono @MuhammadJafarK4 @FPD_DPR @LAZARUSCHAKWERA @dr_koko28 @democrazymedia @resep_JSR @Fatah_drSPM @BanggaKadrun @FPKSDPRRI @RiswanHaris212 @liem_id @suryapaloh18 @NasDem @PDemokrat @aniesbaswedan @uusbustami @susno2g @MSKaban3 @BennyHarmanID @hincapandjaitan @Amien__Rais @RidhoRahmadi85 @say_ulva @rockygerungpart 🌅""GUBERNUR ALIM"".🌅 https://t.co/YLtmixwCfQ https://t.co/JWRwaimLDQ"
314,2022-10-30 14:04:33+00:00,dpr we’re gang gang 🤘🏽
315,2022-10-30 14:04:24+00:00,"@jungoogie_o @tanyakanrl Dia deact akun instagramnya kak, trus pas balik lagi dia hapus semua tentang dpr di ignya dan hapus following jugaaa"
316,2022-10-30 14:04:12+00:00,"@abu_waras Th 2024, jgn lg pilih Jokowi. Sejak beliau RI-1, banyak rakyat &amp; anggota DPR/ MPR yg gila 😃 ..."
317,2022-10-30 14:03:24+00:00,Kalau bapak cak Imin pingin jadi calon cawapres pak Prabowo Subianto mauya bilangin sama ketua komisi 9 DPR RI ada 7 pemain darah keturunan Indonesia untuk timnas U-19 untuk main di piala dunia u21 dan piala Asia U20 mauya cepat di proses dan di sahkan dan supaya
318,2022-10-30 14:00:00+00:00,@PuanGarisLucu @puanmaharani_ri Sosok seperti bu @puanmaharani_ri ini keberadaannya sangat penting dalam setiap pertemuan. Terlebih sebagai ketua @DPR_RI bu Puan sudah bekerja keras untuk hal ini.
319,2022-10-30 13:59:48+00:00,"Rekomendasi celana kulot 
🛒 https://t.co/f69knBD2GY 

Nct #Halloween rekomendasi celana kulot #celanakulot ootd tiktok shop racun tiktok gratis ongkir DPR ian Minggu besok Senin https://t.co/NTpajyhvyu"
320,2022-10-30 13:59:13+00:00,"Wah, Mbah Rono sudah jadi kader PDI Perjuangan rupanya. 

Sehat², Pak, selamat berjuang! Semoga punya visi tersendiri perjuangkan kebijakan pembangunan negara ke depan benar² sadar bencana, terpilih tidak terpilih di DPR nanti. 

https://t.co/36rKwdErbl"
321,2022-10-30 13:53:47+00:00,"Rekomendasi celana kulot 
🛒 https://t.co/f69knBD2GY 

Nct #Halloween rekomendasi celana kulot #celanakulot ootd #shopeeid #racunshopee Minggu besok Senin DPR Ian kuliah https://t.co/W2sn3OdwSK"
322,2022-10-30 13:52:47+00:00,"WTB / WANT TO BUY
2 DPR tickets yellow section harga wajar, please DM ya klo adaa

#RegimeTourinJKT #DPRIAN #DPRLIVE #DPRRegimeTour #DPRCREAM"
323,2022-10-30 13:52:40+00:00,"@geloraco Bawa kursi sendiri, duduk di halaman belakang gedung DPR maksudnya."
324,2022-10-30 13:52:05+00:00,Pengen nge ts jadi dpr live :)
325,2022-10-30 13:51:02+00:00,Wakil Ketua Badan Kerja Sama Antar Parlemen (BKSAP) DPR RI Achmad Hafisz Tohir menekankan urgensi komitmen parlemen untuk mendorong penguatan pariwisata. #DPRRI https://t.co/PmbLoo3gkT
326,2022-10-30 13:50:14+00:00,@VIVAcoid Jadi wakil dpr aja g ngaruh apa2
327,2022-10-30 13:49:35+00:00,"@democrazymedia Supaya aman dasar  negara RI (Pancasila) dan UUD45 bila ada pihak2 yg ingin merubahnya  sebaiknya dibuatkan undang2 hanya dengan referendum dapat dirubahnya, bukan oleh DPR ataupun presiden/ pemerintah."
328,2022-10-30 13:49:25+00:00,@PuanGarisLucu @puanmaharani_ri Sebagai negara besar Indonesia memang harus aktif dalam solusi dunia. Bu @puanmaharani_ri sebagai Ketua DPR dapat menyatakan ini dalam pertemuan antar negara
329,2022-10-30 13:48:12+00:00,@BosPurwa betul kata anggota dpr : jangan salah minum obat | eh dia marah
330,2022-10-30 13:46:37+00:00,@usmanarshad63 @CMShehbaz @quetta_dc @BSWarraich @Noormengal_ @jamalidmg @hamzashafqaat @ACQuettaCity @TeamQuetta @JAfridi10 @dpr_gob @PakPMO MashaAllah
331,2022-10-30 13:46:28+00:00,@dpr_yian Sini samchun. Jangan lupa bawa makanan
332,2022-10-30 13:43:29+00:00,"Ganjar Pranowo memiliki rekam jejak yang baik, pernah menjadi Anggota DPR RI periode 2004-2009, 2009-2013, menjadi Gubernur Jawa Tengah sejak 2013 hingga hari ini, dan juga memiliki karier politik yang matang untuk mengemban amanah memimpin bangsa Indonesia. https://t.co/F9sXcn6DWC"
333,2022-10-30 13:43:26+00:00,@IInDYeah Pling bner dpr partai banteng emg
334,2022-10-30 13:43:20+00:00,@tinymakes1heart ok je follow. en plus ta mis dpr miam
335,2022-10-30 13:43:20+00:00,wts dpr regime tour jakarta blue standing diurus smpe tiket fisik
336,2022-10-30 13:42:15+00:00,@nuchillinaris @fadlizon @DPR_RI @BNPTRI @Gerindra @mohmahfudmd @KemensetnegRI @KemenBUMN @psikiater_Indo @prabowo @erickthohir Ayo syahadat bong.. 🤭😂
337,2022-10-30 13:41:14+00:00,"@ofJEONSOMI dpr ian: egk dulu, km bukan jennie kim"
338,2022-10-30 13:40:36+00:00,"@laiguacnIin yaudah gamau cowo tatoan, mau dpr ian alin:("
339,2022-10-30 13:40:35+00:00,@wahyudi98017151 @jokowi Bisa gitu kok pak jokowi. Yg gabisa itu ketua dpr
340,2022-10-30 13:40:30+00:00,@convomf Ketemu DPR Ian https://t.co/PkSMqbyZQH
341,2022-10-30 13:39:15+00:00,"Ya Allah udah DPR gausah ke Indo dulu aja dah, gaakan bener ini :(("
342,2022-10-30 13:38:35+00:00,@skzoldest @dpr_yian bang ian masa gue di usir :(
343,2022-10-30 13:37:47+00:00,"@CNNIndonesia Ha...ha ..kemaren2 ketika BBM  naik kemana aja lu, banyak anggota lubdo dpr kok diam aja,..,"
344,2022-10-30 13:37:31+00:00,"@PapuaWeb @DPR_RI @volker_turk @jokowi @OHCHRAsia @MaryLawlorhrds @VeronicaKoman @PressACP @AlboMP @NanaiaMahuta @ForumSEC @lotupasifika @ABCPacific Oalahhhh...pejabat pada nyari harta sebanyak banyaknya buat apaan seh?
@gibran_tweet @kaesangp dinasti"
345,2022-10-30 13:37:27+00:00,@kang_Estu Ini ruginya kl Presiden dan DPR dikuasai partai pemenang pemilu. Fungsi pengawasan sm kontrol menghilang
346,2022-10-30 13:36:57+00:00,"@dayatpiliang Ada kayaknya, benerin loker DPR"
347,2022-10-30 13:36:19+00:00,@convomfs Jadi anggota DPR
348,2022-10-30 13:34:37+00:00,@Daniel13666 Maksudnya kl sdh jadi anggota dpr dr partai penguasa jadi g tersentuh gitu? Itu pola pikir korban orba.😂
349,2022-10-30 13:34:11+00:00,@gabusrangers @dpr_zeni @poponkerok Real Madrid kurang dukungan finasial gimana lagi?
350,2022-10-30 13:32:23+00:00,"@FWBESS Bang, bapaknya pengusaha apa dpr?"
351,2022-10-30 13:30:38+00:00,"ayok dah, keknya saya juga pengen jadi anggota DPR"
352,2022-10-30 13:30:04+00:00,"@VIVAcoid @cakimiNOW Ini yang pas. Tugas @DPR_RI Pemerintah dan Lembaga Yudikatif menjaga tepat sasaran. 

Kalau sampeyan bisa seperti ini, gak usah ditanya, rakyat pasti pilih sampeyan. 

https://t.co/DBRZys4hSX"
353,2022-10-30 13:28:44+00:00,"@Berdikari2024 @CNNIndonesia @AgusYudhoyono @ridwankamil Presiden pks sbg ketua MPR, RK menteri pupr, wapres tetap agus, mentri pertahanan pak Gatot N, menlu dr PKS, ketua dpr dr nasdem"
354,2022-10-30 13:28:35+00:00,@akundihackmulu @jalur5_ @KAI121 @DPR_RI @kemenhub151 Dasar Pao Sampean Gk Tau Aturan Cuk @DivHumas_Polri @WagimanDeep212_ @nahdlatululama @Ayang_Utriza @Generasi_MudaNU @HabibluthfiYahy @YahyaCStaquf @Official_Ansor @muannas_alaidid @abirekso @noeruzzaman @na_dirs @ProfylHenuk @ruhutsitompul @ChusnulCh__ @GagakNew @Syarman59
355,2022-10-30 13:28:00+00:00,@akundihackmulu @KAI121 @DPR_RI @kemenhub151 Dasar Pao Sampean Gk Tau Aturan Cuk @DivHumas_Polri @WagimanDeep212_ @nahdlatululama @Ayang_Utriza @Generasi_MudaNU @HabibluthfiYahy @YahyaCStaquf @Official_Ansor @muannas_alaidid @abirekso @noeruzzaman @na_dirs @ProfylHenuk @ruhutsitompul @ChusnulCh__ @GagakNew @Syarman59
356,2022-10-30 13:27:15+00:00,@tvOneNews Jadi DPR tak berguna bagi rakyat
357,2022-10-30 13:25:43+00:00,@EmirSHendry Pergi tengok DPR REGIME TOUR di Bangkok je. 😂
358,2022-10-30 13:25:00+00:00,@Ben_Idzardi ya karena beliau masih anggota dpr dari partai penguasa
359,2022-10-30 13:23:59+00:00,@PKSejahtera Pks sangat merakyat sekali dari partai pdipeh.pan.golkar di dpr selain pks.demokrat pd membeo dan tdk nyata membela rakyat jelata dg Bbm ygbterus naik tdk peduli rakyat awam...
360,2022-10-30 13:23:07+00:00,Adian Napitupulu Akan Bawa Persoalan Penjualan Scrub Tambang PT AMNT ke DPR https://t.co/XSsJGMdF3g
361,2022-10-30 13:22:08+00:00,"eaj tiba"" deact akun, terus sekarang ian hapus bio sama unfollow semua member dpr"
362,2022-10-30 13:19:29+00:00,help anjg! gue pikir dprian itu beneran anggota DPR bgst! TIGIZGYIJGGVOU!
363,2022-10-30 13:18:59+00:00,Jangan Pilih Ketua DPR Tersangkut Korupsi. Berikut ini Setya Novanto Korupsi Baca selengkapnya. https://t.co/sZ20eGH9m5
364,2022-10-30 13:18:39+00:00,"Rekomendasi kipas mini KIYOWO ✨

-- a thread.

Icha Pasang Behel Minggu Istora The Next 2024 Lacoco #WhitelabXSehun NCT U TikTok Nights #KhilafClub berdendang bergoyang jennie pengabdi setan 2 kingdom the witcher dpr ian 22GETHER WITH GISELLE https://t.co/1nb4tcvQNQ"
365,2022-10-30 13:17:35+00:00,"@wnjir Mlagi ada masalah deh dia, kayaknya masalah sama dpr. :("
366,2022-10-30 13:17:28+00:00,@mceIody Tapi akun official DPR masih follow Ian di ig deh.... Semoga gak papa
367,2022-10-30 13:17:15+00:00,"@SugionoPlayer @eyedaybeach @poponkerok Pernyataan bodoh macam apa ini, DPR bilang harus ada RS khusus DPR pas covid itu mewakili rakyat? DPR bilang politis dan aparat ga boleh di OTT itu mewakili rakyat? DPR bilang TNI harus jadi ajudan DPR itu mewakili rakyat?"
368,2022-10-30 13:16:50+00:00,Anggota Komisi X DPR RI Puti Guntur Soekarno mengataka negara punya kewajiban mencerdaskan kehidupan bangsa. Keberadaan Sekolah Indonesia di Luar Negeri (SILN) adalah prioritas karena pendidikan punya konteks jangka panjang yang sangat luas.
369,2022-10-30 13:16:50+00:00,"Anggota Komisi X DPR RI Puti Guntur Soekarno mengatakan Sekolah Indonesia di Luar Negeri (SILN) berperan penting dalam pelayanan pendidikan anak-anak Indonesia yang orang tuanya bermukim di luar negeri.

Negara punya kewajiban mencerdaskan kehidupan bangsa"
370,2022-10-30 13:16:31+00:00,"@ofReaIity Semoga gak ada masalah apa-apa pls gue takut banget, tapi akun official DPR masih follow beliau sih...."
371,2022-10-30 13:15:46+00:00,"DPR Punya Misi Khusus di APPF Bangkok, Apa Itu? https://t.co/mU0mMqgcn6"
372,2022-10-30 13:15:29+00:00,Fyp gw isinya dpr ian mulu 😭
373,2022-10-30 13:15:23+00:00,@arciveya BEDA DPR PLS
374,2022-10-30 13:15:12+00:00,@dprjcbase YESSS DPR NIH BOSS😤👊👊👊🔥🔥🔥🔥🔥🔥🔥
375,2022-10-30 13:14:10+00:00,"@akundihackmulu @balballbull @KAI121 @DPR_RI @kemenhub151 @fadlizon @Fahrihamzah @DokterTifa @VIVAcoid @CNNIndonesia Jangan suka berasa lo paling pinter sama paling paham hukum dll.. yg lo hadepin juga paham hukum &amp; etika, malah pernah menjarain org . Apalagi buat perkarain lo mah gampang 🤣 . Tiati ya https://t.co/tWze0DF0LY"
376,2022-10-30 13:13:53+00:00,"Dpr ian kenapa sih? :')
Gue dah bacain tp ga ngeh dia kenapa"
377,2022-10-30 13:12:13+00:00,@dprjcbase artis dpr muk lewat duluu💃
378,2022-10-30 13:12:00+00:00,"hhmmp   ans1  ddat  sai  

izi  mms  litl  lyins  cozcoz

izi  ms  spr  dpr bigs  !! https://t.co/1WL8oZ0oxN"
379,2022-10-30 13:11:39+00:00,"@WayroonWaz @eyedaybeach @poponkerok Kenapa dari DPR RI? Namanya juga Dewan Perwakilan Rakyat, selain punya fungsi bikin peraturan (yg cocok ama topik ngomong aturan lghdtkntl), suara mereka pun dianggap mewakili rakyat. Artinya? Ya rakyat menolak kaum ilegal ini."
380,2022-10-30 13:11:35+00:00,"@perupadata Ga perlu banyak berteori jalan berlubang dan lain2 lah. Coba tanya pas dulu bikin SIM gimana itu jenderal2 polisi, menteri, pejabat2 sama anggota DPR nembak ga, terus tantang untuk ikut tes praktik.

Kalau persentase yg lulus banyak ya berarti emang aturannya ga perlu dirubah"
381,2022-10-30 13:11:11+00:00,@Askrlfess anggota dpr
382,2022-10-30 13:10:21+00:00,"@alextham878 Mahasiswa sekarang kan cuma BACOT dan demo ramean doank.....klo pikiran atau mikir mah.....dongo smua,otaknya g nyampe,mingkem dan bisu saat mw di buat UU perampasan aset yg dimana DPR/MPR pada cuek !!!

Mana y mahasiswa yg berfikir luas !!!"
383,2022-10-30 13:09:44+00:00,"@nuchillinaris @fadlizon @DPR_RI @BNPTRI @Gerindra @mohmahfudmd @KemensetnegRI @KemenBUMN @psikiater_Indo @prabowo @erickthohir Ente tak berani syahadat karna ente kafir ya kan, iya ato nggak?😂. Urusan blok silahkan, ente siapa 🤭🥰.. pede amat looo Bong 😂😂🤭🤭"
384,2022-10-30 13:09:30+00:00,Reebok perjuangan https://t.co/rSAc0QtcRD
385,2022-10-30 13:08:07+00:00,"@akundihackmulu @balballbull @KAI121 @DPR_RI @kemenhub151 @fadlizon @Fahrihamzah @DokterTifa @VIVAcoid @CNNIndonesia Kerja makany jngn jd org pengangguran biar wawasan lo luassss wkwk.. ni baru gue tanyain ip adress lo biar tau siapa lo sbnrnya, tunggu aja ya. Suruh siapa nyuruh ngajak debat panjang. Blm pernah rasanya di penjara yaaa ?🤣"
386,2022-10-30 13:07:12+00:00,ertis dpr nih boss senggol dong😎👊 https://t.co/iEQZdySNVp
387,2022-10-30 13:06:10+00:00,@akundihackmulu @balballbull @KAI121 @DPR_RI @kemenhub151 @fadlizon @Fahrihamzah @DokterTifa @VIVAcoid @CNNIndonesia Udh ya intinya dr awal gue bantu jawab. Lo kagak nerima jawaban gue ya serah gausah maksa gue hrs ngelanggar aturan. Wong gue merasa dilayani dengan tulus oleh KAI. Trus ya gausah ngatur2 gue hrs bela ini itu. Gue gamau jd org yg dimanfaatin politik biar jd org goblok🤣 bye
388,2022-10-30 13:06:03+00:00,Kayanya ian lagi gak sejalan sama dpr crew yaaa kenapaa sichhhh 🙁
389,2022-10-30 13:05:04+00:00,@recehtapisayng kontol
390,2022-10-30 13:04:56+00:00,"@akundihackmulu @balballbull @KAI121 @DPR_RI @kemenhub151 @fadlizon @Fahrihamzah @DokterTifa @VIVAcoid @CNNIndonesia Gilaaa gilaaa padahal udh diem nih tadi yaaa masih diajak debat. Wasting time ah debat sama anak yg otaknya kurang. Intinya bodo amat gue yg ga diberangkatin krna ga booster, suruh siapa ga ikut aturan? Ya nikmati lah ogah bgt gue belain org2 kritis LITERASI 🤣🤣"
391,2022-10-30 13:03:31+00:00,@tanyakanrl Dpr ian tuh siapa ya?
392,2022-10-30 13:03:19+00:00,@tanyakanrl deact akun terus pas balik hapus semua yg berkaitan sama dpr dan unfol mereka
393,2022-10-30 13:02:48+00:00,"@akundihackmulu @balballbull @KAI121 @DPR_RI @kemenhub151 @fadlizon @Fahrihamzah @DokterTifa @VIVAcoid @CNNIndonesia Bodo amat, urusan org bodo yg gatau aturan ya nikmati🤣🤣🤪🤪"
394,2022-10-30 13:02:20+00:00,"@akundihackmulu @balballbull @KAI121 @DPR_RI @kemenhub151 @fadlizon @Fahrihamzah @DokterTifa @VIVAcoid @CNNIndonesia Peraturannya ga ndableg ah, biasa aja buat org2 yg pikirannya sehat. Ga kayak lo sakit wkwk"
395,2022-10-30 13:01:43+00:00,"@akundihackmulu @balballbull @KAI121 @DPR_RI @kemenhub151 @fadlizon @Fahrihamzah @DokterTifa @VIVAcoid @CNNIndonesia Bodo amaaaattt, gue tetep ada di pihak KAI karna jelas2 sudah menegaskan dr awal sblm pembelian tiket , giliran maksa tiket ga diterima ngamok,.. org goblog tuh yg gituu hihiww🤣🤣🤣"
396,2022-10-30 13:01:14+00:00,kenapaa dengan dpr iann???
397,2022-10-30 13:00:42+00:00,"@Cintaadhytia_ @balballbull @KAI121 @DPR_RI @kemenhub151 @fadlizon @Fahrihamzah @DokterTifa @VIVAcoid @CNNIndonesia Gw ga panas BLOG.
Gw cm bilang Lo GOBLOG, karna ga paham masalah"
398,2022-10-30 13:00:39+00:00,"@akundihackmulu @balballbull @KAI121 @DPR_RI @kemenhub151 @fadlizon @Fahrihamzah @DokterTifa @VIVAcoid @CNNIndonesia Gapapa kerja kayak robot tp dibayar, lo ngegoblok2in org dijadiin presiden ga sm rakyat ? Di gaji ga minimal 10jt lahhh. Ada ga? Ga ada? Gausah ngmng pengangguran ga diajak🤣🤣🤣"
399,2022-10-30 13:00:35+00:00,"Stop deh taro link jualan pake ht #DPRIAN atau apapun yg sedang trending. Ni gua beneran mau cari tau dpr ian kenapa ke ganggu anj, annoying bgt si"
400,2022-10-30 13:00:15+00:00,"@nuchillinaris @fadlizon @DPR_RI @BNPTRI @Gerindra @mohmahfudmd @KemensetnegRI @KemenBUMN @psikiater_Indo @prabowo @erickthohir Kebiasaan cebong ya gini, di kasi pertanyaan sikit jawabnya kebanyaan, waktu ngetik pasti jantung verdebar kencang karna ada rasa amarah.. Ayo mandi wajib sana 😂😂🤭🤭"
401,2022-10-30 12:59:39+00:00,"HELP RT!! 

WTS BTS SEVENTEEN PINK A SECTION!! 

Gajadi nanton wtb DPR konser!! 
Negoable!! Jangan afgan!! 

Teknis penukaran bisa dibicarakan 

#wts #SeventeenInJakarta https://t.co/6LfCysdQgN"
402,2022-10-30 12:59:12+00:00,"@Cintaadhytia_ @balballbull @KAI121 @DPR_RI @kemenhub151 @fadlizon @Fahrihamzah @DokterTifa @VIVAcoid @CNNIndonesia Yg lo GOBLOG ada orang dirugikan tp ga kritis.
Itu masalahnya"
403,2022-10-30 12:59:03+00:00,"DPR RI membawa misi menyukseskan dua usulan resolusi di APPF Bangkok, simak selengkapnya #DPRRI https://t.co/e1USGreyiR"
404,2022-10-30 12:57:53+00:00,"@kang_Estu Harusnya MPR, fungsi pengawasannya dipegang DPR tp tau lah skrg ya sudahlah"
405,2022-10-30 12:57:11+00:00,"@Cintaadhytia_ @balballbull @KAI121 @DPR_RI @kemenhub151 @fadlizon @Fahrihamzah @DokterTifa @VIVAcoid @CNNIndonesia TOLOL. Disuruh beli, dia beli, bayar. 
Lalu malah dilarang naik.
Lo TOLOL makanya ga ngerti masalahnya dimna.
Justru ini aturan ndableg, harus diperbaiki.

Masa lo ga ngerti masalah sepele kayak gini.

TOLOL"
406,2022-10-30 12:56:59+00:00,"@dpr_zeni @poponkerok Cek akun twiter klub2 inggris rerata pajang bendera pelangi disana. Plus.. Saban minggu klo lg tanding, itu ban kaptennya pake warna pelangi"
407,2022-10-30 12:54:55+00:00,"Anggota Komisi XI DPR RI Agun Gunandjar menilai tantangan global harus kita jadikan peluang. Meski Indonesia ditekan dengan nilai tukar yang terus anjlok hingga di angka Rp15.500, menurutnya hal tersebut bisa ditekan apabila potensi ekspor dapat didorong.
https://t.co/v27bv26hME https://t.co/f84ZgZXYYO"
408,2022-10-30 12:54:27+00:00,"@Cintaadhytia_ @balballbull @KAI121 @DPR_RI @kemenhub151 @fadlizon @Fahrihamzah @DokterTifa @VIVAcoid @CNNIndonesia Gw justru aneh ama lo, ad aturan merugukan ga kritis. 
Kerja lo pasti kayak robot."
409,2022-10-30 12:54:25+00:00,"@VIVAcoid Suara Nasdem pasti naik di DPR, sekarang jamannya Anies"
410,2022-10-30 12:53:42+00:00,@Cintaadhytia_ @balballbull @KAI121 @DPR_RI @kemenhub151 @fadlizon @Fahrihamzah @DokterTifa @VIVAcoid @CNNIndonesia Wkwkwk.. TOLOL
411,2022-10-30 12:53:39+00:00,"@MafiaWasit infonya dong mbah, bapake cah cah yang rangkap jabatan asprov, DPR komisi X, owner klub, owner WSS, apakah stay?"
412,2022-10-30 12:53:25+00:00,"@Cintaadhytia_ @balballbull @KAI121 @DPR_RI @kemenhub151 @fadlizon @Fahrihamzah @DokterTifa @VIVAcoid @CNNIndonesia Goblog, yg gw masalahin masalah pembelian, malah vaksin booster yg dibahas. Tolol emang"
413,2022-10-30 12:52:39+00:00,"@ChusnulCh__ @kurawa @DKIJakarta @PrasetyoEdi_ @gembong_warsono @basuki_btp Pak Heru tidak boleh ragu dalam membenahi kembali DKI Jakarta, DPR pun hrs mendukung sepenuhnya"
414,2022-10-30 12:52:25+00:00,"@akundihackmulu @balballbull @KAI121 @DPR_RI @kemenhub151 @fadlizon @Fahrihamzah @DokterTifa @VIVAcoid @CNNIndonesia Ntar ya coba aku cari tau km namanya siapa, alamatnya dimana . Kerja dmn. Skrg mah kalo mau nyari org gampang, tinggal copy addres IP akunnya jadi deh . Nih contohnya kmrn abs nyari org wkwk. Bntr ya mau mintol dluuu https://t.co/WZLizpHTaK"
415,2022-10-30 12:51:29+00:00,"https://t.co/JGPYuQ0tvj
Omongan mu bisa dipercaya @ojkindonesia Nanti uang orang tiba2 hilang @wanaarthalife_ , tiba2 disita @KejaksaanRI @MPRRI @DPR_RI padahal diawasi dan disetujui??? Bagaimana ini pak @jokowi"
416,2022-10-30 12:50:06+00:00,Lune DPR LIVE KELUAR DONGGGG PENGEN SA IN DPR LIVE :(
417,2022-10-30 12:49:47+00:00,"@dpr_zeni @gabusrangers @poponkerok Salah satu contoh, kapten Feyenoord di ganti karena tolak pake ban kapten motif pelangi

https://t.co/fy6kxpABVy"
418,2022-10-30 12:48:57+00:00,Jangan Pilih Ketua DPR Tersangkut Korupsi. Berikut ini Setya Novanto Korupsi Baca selengkapnya. https://t.co/sZ20eGq6k5
419,2022-10-30 12:47:34+00:00,dpr ian:(((
420,2022-10-30 12:47:14+00:00,@1dprian DPR Ian
421,2022-10-30 12:47:00+00:00,@idprrian DPR Ian
422,2022-10-30 12:46:56+00:00,@nuchillinaris @fadlizon @DPR_RI @BNPTRI @Gerindra @mohmahfudmd @KemensetnegRI @KemenBUMN @psikiater_Indo @prabowo @erickthohir Coba Syahadat dulu bong. Mana tau ya kan 😁
423,2022-10-30 12:45:05+00:00,"💚 AA DPR IAN KENAPAA, ADA YG TAU NGGAA PLSS 🥹😭 https://t.co/obDf3nYsLK"
424,2022-10-30 12:45:04+00:00,"@starfess Gara-gara skz juga sih, gue jadi ga cuman denger kpop doang. Gue bahkan jd suka kaya dpr sama ashisland , trus nonton smf juga, jagoan eug bank2brothers💖 nonton smf di viu ya gaizzz gue jual viu prem,spo prem , netflix jugaaaaa🤗"
425,2022-10-30 12:44:37+00:00,@namtiddiesx dpr ian
426,2022-10-30 12:43:59+00:00,@usmanarshad63 @CMShehbaz @quetta_dc @BSWarraich @Noormengal_ @jamalidmg @hamzashafqaat @ACQuettaCity @TeamQuetta @JAfridi10 @dpr_gob @PakPMO Mashallah.
427,2022-10-30 12:42:35+00:00,yiiii see you na ba sa dpr hahahahha @younghotsilijun
428,2022-10-30 12:42:16+00:00,@akundihackmulu @balballbull @KAI121 @DPR_RI @kemenhub151 @fadlizon @Fahrihamzah @DokterTifa @VIVAcoid @CNNIndonesia Gausah suka ngatur2 harus ga nurut ah. Lo siapa deh emng? Malaikat bukan? Mulut udh kek comberan tai wkwk . Butuh biaya skolah ga? Sini gue biayain. Biar bagus tuh akhlak sm mulut lo haha.. btw udh dibayar berapaaa sm rakyat nih smpe segininya?🤣🤣
429,2022-10-30 12:41:49+00:00,"@VIVAcoid Ndak usah muluk muluk cak gratisin listrik, mending turunin gaji DPR dan staf PLN dan Pertamina buat subsidi untuk meringankan rakyat."
430,2022-10-30 12:39:47+00:00,"@DPR_RI siapa yg tertarik dgn Novel Bamukmin sbg bacawapres?&gt;  Saran Rudi untuk Novel Bamukmin: Belilah Cermin di Pinggir Jalan Dekat Petamburan, Paling Rp150 Ribu https://t.co/uOB4NQCzQc"
431,2022-10-30 12:38:03+00:00,"@convomfs IRT, tp istri dpr whaha"
432,2022-10-30 12:36:29+00:00,@akundihackmulu @balballbull @KAI121 @DPR_RI @kemenhub151 @fadlizon @Fahrihamzah @DokterTifa @VIVAcoid @CNNIndonesia Bodo amaaattt mau nurut kek mau paling nurut kek urusan sayaaa kok kamu yg panaaasss🤪🤪🤪🤪 saya yg nikmatin fasilitasnya kok kamu yg heboohhhhh wkwkwkwkkw
433,2022-10-30 12:36:00+00:00,@zsunwoou ada juga yang taken yang tertekan itu
434,2022-10-30 12:35:43+00:00,"@akundihackmulu @balballbull @KAI121 @DPR_RI @kemenhub151 @fadlizon @Fahrihamzah @DokterTifa @VIVAcoid @CNNIndonesia Mau kamu nge goblog2in saya nge tolol2in saya silahkan.. org setiap punya pendirian, dan saya ga pernah dirugikan sama @KAI121 😋 karna apa? Saya mengikuti aturan yg ada. Bukan kek kamuuuuuhhh🤪🤪🤪"
435,2022-10-30 12:35:25+00:00,@aromarotisayur_ baru tau nama dpr sama namaku sama
436,2022-10-30 12:35:06+00:00,@cheeszeii @luculucuaaan bismillah sama dpr ian
437,2022-10-30 12:34:51+00:00,"@xuprcme @ddangddut kalau kere gak perlu diperlihatkan lah ngab, cukup dipendam"
438,2022-10-30 12:34:45+00:00,"@akundihackmulu @balballbull @KAI121 @DPR_RI @kemenhub151 @fadlizon @Fahrihamzah @DokterTifa @VIVAcoid @CNNIndonesia Bodo amaaattt, merasa dirugikan ya untuk masyarakat yg ndableg gatau aturan. Segede gaban bgtu pengumuman masih aja maksa beli giliran gaboleh masuk ngamoookkk.. maaf ga mau satu otak sm circle org2 kurang pinter dalam membaca wkwk"
439,2022-10-30 12:34:26+00:00,dpr ian???? 😳  #KinnPorscheWorldTaipei https://t.co/0Yvv6UJhlE
440,2022-10-30 12:34:20+00:00,"@cheezyel_ Dulu member c-clown yg nama panggungnya Rome, setelah bubar jadi khh artist dibawah nama Ian, punya crew namanya DPR, cuma karna dia nih seksi banget jadi banyak yg sexualize dia padahal dia sendiri udah berkali kali bilang bahkan sampe mohon gitu karna dia ga nyaman"
441,2022-10-30 12:33:48+00:00,ian:( oh god aku masih mikirin ian... dia jg unfoll ig dpr official.. huaaaa iannnnn i hope you’re okay:(((
442,2022-10-30 12:33:38+00:00,Ketua DPR RI Puan Maharani mengajak anggotanya menghabiskan waktu bersama rakyat di momen Hari Parlemen Nasional. https://t.co/WSSwWFS01e
443,2022-10-30 12:33:31+00:00,Puan Maharani menjalankan tugasnya sebagai Ketua DPR dan sangat peduli dengan kondisi masyarakat di daerah. https://t.co/o2EgxMuaVW
444,2022-10-30 12:33:27+00:00,@akundihackmulu @balballbull @KAI121 @DPR_RI @kemenhub151 @fadlizon @Fahrihamzah @DokterTifa @VIVAcoid @CNNIndonesia Ga percaya ah mas nya org kerja. Mana ada PT nerima karyawan mulutnya dr kebun binatang gini hahahahah..
445,2022-10-30 12:31:58+00:00,"@akundihackmulu @balballbull @KAI121 @DPR_RI @kemenhub151 @fadlizon @Fahrihamzah @DokterTifa @VIVAcoid @CNNIndonesia Terus aja mas tolol2in akuuhhh , alhamdulillah Dosa ngurangin dikit2 malah ke transfer ke mas nya wkwk.. disini saya lg happy2 kerja smbil jalan2. Mas nya dstu ngapain? Nganggur y? 🤣🤣"
446,2022-10-30 12:31:43+00:00,"Besok udah Senin aja lho guys!

Tapi jangan lupa simak dulu ulasan #PANSepekan edisi 30 Oktober 2022 😊

Mulai dari keseruan Senam Sehat Birukan Langit Indonesia, sampai pernyataan sikap @Fraksi_PAN di DPR RI terkait kasus gagal ginjal akut yang sudah menelan banyak korban jiwa. https://t.co/28HIU4Iflz"
447,2022-10-30 12:31:20+00:00,Anggota DPR RI Komisi IX Rahmad Handoyo selalu memberikan sosialisasi kepada warga masyarakat agar ke depan tidak ada lagi stunting sehingga di tahun 2045 bangsa Indonesia sudah siap menjadi negara yang memiliki SDM yang tangguh dan ekonomi yang kuat.
448,2022-10-30 12:31:19+00:00,"Anggota DPR RI Komisi IX Rahmad Handoyo berkolaborasi dengan Badan Kependudukan Keluarga Berencana Nasional (BKKBN) melaksanakan promosi dan KIE program percepatan penurunan stunting di Desa Mancasan, Kecamatan Baki, Kabupaten Sukoharjo, Jumat (28/10/22)."
449,2022-10-30 12:30:32+00:00,"@akundihackmulu @balballbull @KAI121 @DPR_RI @kemenhub151 @fadlizon @Fahrihamzah @DokterTifa @VIVAcoid @CNNIndonesia Atau ga bs beli eksekutif mas?? Sini tak beliin deh biar ngerasain naik KA yg paling mahal di kelasnya🤣 , tp disini orgnya punya etika smua lhoo masss wkwk takut kamunya maluuuu"
450,2022-10-30 12:30:17+00:00,@kurupukdorokdok @VIVAcoid gaji DPR di bawah 15juta di bawah gaji guru sekolah swasta. tp tunjangannya 4M itu yg harus di cabut bos
451,2022-10-30 12:29:27+00:00,@geloraco Mungkin yg dimaksud tu kursi di emperan gedung DPR....🤣🤣🤣
452,2022-10-30 12:29:20+00:00,"@akundihackmulu @balballbull @KAI121 @DPR_RI @kemenhub151 @fadlizon @Fahrihamzah @DokterTifa @VIVAcoid @CNNIndonesia Ayo masss vaksin booster, trus ikuti aturan yg adaaa , pasti boleh dongg masuk kelas eksekutif yg nyaman begini, malem2 dpt selimut lohhh.. suatu layanan publik bukan??🤣🤣 https://t.co/WbJ0mZyanF"
453,2022-10-30 12:28:59+00:00,"@Cintaadhytia_ @balballbull @KAI121 @DPR_RI @kemenhub151 @fadlizon @Fahrihamzah @DokterTifa @VIVAcoid @CNNIndonesia Gw katain lo Bego karna lo emang Bego.
Karna lo ga paham klo aturan itu merugikan rakyat. 
Ngapain lo patuh ama aturan yg merugikan. Bebal lo"
454,2022-10-30 12:28:11+00:00,@starfess Anggota dpr ini sih pas jaman smp https://t.co/LUechLFPux
455,2022-10-30 12:28:09+00:00,@Cintaadhytia_ @balballbull @KAI121 @DPR_RI @kemenhub151 @fadlizon @Fahrihamzah @DokterTifa @VIVAcoid @CNNIndonesia Minggu libur . Bego lo ah
456,2022-10-30 12:27:39+00:00,"@Cintaadhytia_ @balballbull @KAI121 @DPR_RI @kemenhub151 @fadlizon @Fahrihamzah @DokterTifa @VIVAcoid @CNNIndonesia Yg gw masalahin pembeliannya tolol. Klo bs Beli, Kenapa ga boleh naik.

TOLOL"
457,2022-10-30 12:27:36+00:00,@psi_id Partai yg blum punya kursi di DPR pusat. Berani2nya nyalonin presiden di 2024... Wkwkwkwkkw nyalinya kegedean. Ibarat kata ada portal di jalan di terabas trz. wkwkwkwk. Taubat taubat bro n sis.
458,2022-10-30 12:27:31+00:00,"@tvOneNews Ada tuh kemaren anggota DPR RI yg gila hormat, pake plat palsu.
Kok ngk dipecat ?"
459,2022-10-30 12:25:52+00:00,"KOREA LEBIH PANCASILAIS

Setiap bencana terkait tanggungjawabnya, org Korea kesatria mnanggung akibatnya
77thn bangsa ini membuat negara, hanya mnghasilkan pejabat/elite politik yg bermuka tebal, berkuping tipis, berputih mata

@mprgoid 
@DPR_RI 
@jokowi 
@mohmahfudmd 
@iriawan84 https://t.co/L0iCEc27LA"
460,2022-10-30 12:23:26+00:00,"@absintho hey! wahh gacukup satu sih ini. paling fav dpr, ash island, ph-1, sik k, sama dean! kalau kamu?"
461,2022-10-30 12:23:02+00:00,"Tanggapan Wakil Ketua Komisi VI DPR RI atas Pengamanan dan Pengawalan Ditlantas Polda Kalbar dan Jajaran

#pelayananprimapolri https://t.co/Ik3qhdLPSr"
462,2022-10-30 12:21:45+00:00,"Komisi VI DPR RI menyoroti sejumlah poin krusial yang perlu menjadi perhatian Pemerintah dalam menyiapkan bangsa menghadapi ancaman resesi di 2023, di Pontianak, Kalimantan Barat, Rabu, 27 Oktober 2022. #KunkerDPR https://t.co/eGsxfEv05r"
463,2022-10-30 12:19:10+00:00,"@Uki23 Indonesianya itu siapa bang?? 
Bg uki rmhnya dimana? Cb lihat sekeliling bg, tp khusus yg rumahnya bkn di perumahan mewah. Petani, buruh, buruh harian, PNS, apakah mrk trmasuk menengah ke atas? 
Klo peg bumn, Komisaris, direktur bumn, anggota dpr, dprd, mgkn iya"
464,2022-10-30 12:16:00+00:00,"@ian__dpr @ddangddut Malam, bang. Saya Joko Endar Nathaniel Odin bawa kendaraan sepeda ontel, berikut duit parkir untuk bang Ian, semoga yang disemogakan menjadi semoga. https://t.co/np6cftpuYF"
465,2022-10-30 12:15:38+00:00,"Pengamat Politik LSPI, Indra Setiadi menilai Ketua DPR Puan Maharani punya rekam jejak jelas selaku pemimpin. Menurutnya, dengan segudang pengalaman, Puan dinilai ideal untuk maju dalam Pilpres 2024. https://t.co/PCXDebmlFo"
466,2022-10-30 12:15:13+00:00,@brisikbunyinya looji cafe di kav dpr
467,2022-10-30 12:12:29+00:00,"dpr ian, i love u sm!!"
468,2022-10-30 12:12:28+00:00,@dpr_yian doi muncul2 cuma bilang begini appa
469,2022-10-30 12:12:15+00:00,@kaisoleil__ Beliau itu penyanyi ya kak bukan anggota dpr beneran😆
470,2022-10-30 12:11:03+00:00,"""Kami ingin melakukan perubahan di mana para calon anggota DPRD maupun DPR Pusat bukan dari kalangan darah biru, tapi dari kalangan darah baru.” - Yoel Yosaphat, Ketua DPD PSI Kota bandung

@psi_id @psikotabandung @yoelyosaphat

https://t.co/MNIAoJBGLf"
471,2022-10-30 12:09:53+00:00,DPR IAN itu siapa sih? Penasaran deh
472,2022-10-30 12:09:44+00:00,DPR IAN itu siapa sih? Penasaran deh
473,2022-10-30 12:09:06+00:00,"Canda deng, dpr ian masi trending 😗"
474,2022-10-30 12:08:12+00:00,Giat Sapa Warga Serap Aspirasi Masyarakat Anggota DPR RI Muhammad Farhan https://t.co/7xk4dwwJC9
475,2022-10-30 12:07:35+00:00,"Komisi VI DPR RI Sosialisasikan Holding BUMN, Perluas Akses Perbankan untuk Pelaku UMKM.

Kediri (https://t.co/ksziGGp1k3)– Wakil Ketua Komisi VI DPR RI, Sarmuji mensosialisasikan program… https://t.co/AOTCgwlyon #PolitikPemerintahan #dprri #KomisiVIDPRRI via @beritajatimcom"
476,2022-10-30 12:05:43+00:00,Duh takut banget plis jangan bilang keluar dpr😭😭😭😭
477,2022-10-30 12:04:26+00:00,"@95GIZIBE iyaa di hapus sama dia 🙂 doain aja semoga semuanya baik” aja, kita harus tetep support ian dan dpr crew yg lain yaa! 🙌🏻"
478,2022-10-30 12:04:11+00:00,@H0B4SUNSHINE dpr ian?
479,2022-10-30 12:04:03+00:00,Ini Harapan Anggota DPR di Ulang Tahun PLN ke-77 https://t.co/lVzOx0CP5O
480,2022-10-30 12:03:55+00:00,@OposisiCerdas Pasti duduk didepan gedung DPR jualan Es Cendol..😂😂😂
481,2022-10-30 12:03:44+00:00,"@proyekmisterius @poponkerok Oh kalo betul niatnya gitu udah di luar kuasa saya, paling gue sebatas bisa doain doi biar cepet tobat, lanjutkan pon✊, gue cuma sedikit terganggu dengan kata top level dan kekuasaan aja"
482,2022-10-30 12:03:27+00:00,"besok tuduhan palsu apalagi yaaa !!!!

hanya demi 1 miliar rupiah suapnya ... kalian rela jadi waria semua

DPR kok waria semua"
483,2022-10-30 12:03:25+00:00,@neng_atan cuma unfollow official DPR aja ternyata kalo anak2 dpr emang ga dia follow 🙏
484,2022-10-30 12:03:22+00:00,"Si dpr ian akhir akhir ini tiap ngelive vibes nya beda yaa, selalu nyemangatin mental yg nonton tapi kayanya dia sendiri juga lagi mental breakdown wkwk. Semangat aja buat semua"
485,2022-10-30 12:03:20+00:00,Dpr ian siapa??
486,2022-10-30 12:03:09+00:00,"@NRJSDWCYJNDH taktau, lepas dia buat live pastu dia ada la kot luahkan apa apa pastu esoknya ni dia unfollow, remove bio pasal dpr :("
487,2022-10-30 12:02:26+00:00,"Jam Tangan Water Resisten 💦

Icha Pasang Behel Minggu Istora The Next 2024 Lacoco #WhitelabXSehun NCT U TikTok Nights #KhilafClub berdendang bergoyang jennie pengabdi setan 2 kingdom the witcher dpr ian 22GETHER WITH GISELLE"
488,2022-10-30 12:02:11+00:00,@kwpxyz dia unfollow akun DPR terus apus bio nya juga 😭
489,2022-10-30 12:02:07+00:00,"Bacaleg dari @psi_id tidak pernah dimintai mahar satu rupiah pun, tapi wajib menunjukkan visi, misi, dan kemampuannya sbg bekal saat nanti terpilih menjadi anggota DPR atau DPRD.

Kami berharap semua partai politik di Indonesia bisa melakukan hal yg sama.

https://t.co/ZeUPRgYlH8"
490,2022-10-30 11:59:43+00:00,"Suaminya Diserang di Rumah, Ketua DPR AS Patah Hati dan Trauma https://t.co/v9enlcHKk3"
491,2022-10-30 11:59:32+00:00,"@addaminion @poponkerok Terkait lu ngelabelin lu open or close minded, urusan lu. Besok lu tereak ngelabelin diri lu sbg nabi atau pun menyembah batu itu mah urusan privat lu, apa yg lu perbuat di ranah publik baru bs menyimpulkan lu open or close minded"
492,2022-10-30 11:59:09+00:00,@ajubaidisy @DPR_RI Udah dijual suaranya
493,2022-10-30 11:57:33+00:00,il a unfo dpr https://t.co/T9Dg5duOlb
494,2022-10-30 11:56:26+00:00,dpr ian :(
495,2022-10-30 11:56:11+00:00,"Baru jam segini tapi ngantuk nya udh kek anggota DPR kalo lagi ikut rapat
😴😴😴"
496,2022-10-30 11:54:01+00:00,"@Khanideliablue Kata siapa aku miskin?

Aku juga kaya, kaya DPR IAN."
497,2022-10-30 11:53:37+00:00,"@kkyoongixx Kmaren dia live terus tipsy terus dia ngomong ""dia udah ngelakuin apapun buat DPR"" mana live nya gak jelas bnget😭😭"
498,2022-10-30 11:53:35+00:00,"@addaminion @poponkerok Hah gmn2, jika ga ada pembantaian hak oleh si open minded maka ga ada cancel culture. Gitu bkn maksudnya?

Ya cancel culture itu productnya close minded.

Open minded itu si pintar boleh memilih bergaul dengan si tolol bahkan di saat dia gasuka ketololan. Gtu"
499,2022-10-30 11:52:26+00:00,dpr ian knp?
