,Date,Tweet
0,2022-09-29 23:59:56+00:00,@NahiMungkar5 @LaNyallaAcademy @DPR_RI @KPK_RI @222Robinhood @Kayhatu @f_fathur @ElinaDio @ArdiRiau3 @aniesbaswedan @AgusYudhoyono @RizkiAsihan @Gerindra @PKSejahtera @NasDem @ListyoSigitP pemilik shm https://t.co/bTHmhAmPVR
1,2022-09-29 23:59:38+00:00,"Haha…
Siapkan Sekoci?

Momen Sri Mulyani Teriakkan Slogan NasDem dan Demokrat di Rapat DPR https://t.co/QIRtB9yGfP"
2,2022-09-29 23:59:06+00:00,"@Agathis08685249 Jaman naw, ada yg bangga jadi anak pki, bahkan masuk partai dan jd anggota dpr nih skrg. Heran sy, apakah sy yg tolol atau gimana ya??"
3,2022-09-29 23:57:31+00:00,"@ian__dpr Aku swiper ceritanya, blee"
4,2022-09-29 23:57:22+00:00,"@Pecel_Lele5678 @Kimberley_2022 Kan swasembada sertifikat buatan Kementan, infonya waktu kemaren waktu rapat dg DPR 🤭🤭"
5,2022-09-29 23:56:32+00:00,"@dpr_yian Itu mint, kah? Mirip matcha ㅋㅋㅋ thank you Kak! I hope so, let's interact more. Sering-sering traktir yaa hehehe."
6,2022-09-29 23:56:13+00:00,"@KompasTV atau coba gaji DPR setarakan dengan UMR tanpa tunjangan2,cabut kendaraan dinas,rumah dinas,dan pensiunan,mari sama2 kita lihat siapa yang masih mau jadi anggota DPR"
7,2022-09-29 23:55:37+00:00,Anggota DPR Harapkan BSI Jadi Motor Pengembangan Keuangan Syariah https://t.co/6P4bjbkmRq
8,2022-09-29 23:55:19+00:00,Fraksi PKS DPR Ajak Ormas Islam Kolaborasi Bahas RUU - Nasional https://t.co/qZCWkW9UZW https://t.co/FBQmmSrTsM
9,2022-09-29 23:54:33+00:00,Fraksi PKS DPR Ajak Ormas Islam Kolaborasi Bahas RUU https://t.co/enHOKCoXr1 #TempoNasional
10,2022-09-29 23:53:39+00:00,"@KompasTV numpang nanya pak,DPR itu kan dewan perwakilan rakyat,jadi tugasnya menyampaikan aspirasi rakyat,tapi knapa dpr sering bikin undang2 yang bahkan rakyat sendiri kebingungan bahkan keberatan dengan undang2 itu?kalo rasanya gak bisa mewakili lagi mending bubarkan"
11,2022-09-29 23:52:54+00:00,@ZAEffendy @Mr_Ladusingh Gegayaan ngomong diluar di DPR di marahin emak2 😁
12,2022-09-29 23:51:53+00:00,"Simak #RedaksiKompasBicara bahas ttg Headline @hariankompas
Jumat,30 September 2022

● Belanja Susu Formula Per Tahun Capai 3 Triliun
● Sikap DPR bisa rusak Independensi Peradilan 

Simak ulasannya &amp; berita2 lainnya Pk.07.20 di #SonoraNetwork

Streaming:
https://t.co/uhOhw61n4n https://t.co/klHRZj59Mj"
13,2022-09-29 23:50:42+00:00,"Pencopotan dilakukan oleh keputusan DPR
Apa yg salah dgn Jokowi?"
14,2022-09-29 23:49:35+00:00,@putri_Aalona @puanmaharani_ri @ganjarpranowo Mundur dari apa? Ketua DPR RI dan ganti ganjar?
15,2022-09-29 23:47:45+00:00,"@YanHarahap Saran ,coba dengarkan penjelasan dari Dirut Pertamina,Mentri Keuangan ,serta Mentri Luhut BS,
Mestinya anggota DPR pun harus bisa menjelaskan ,karena sdh rapat dengar pendapat.
Jangan teriak rakyat susah menderita ,tapi dirinya bergelimang harta."
16,2022-09-29 23:47:36+00:00,Ini salah satu prestasi ketua DPR @puanmaharani_ri yg patut dicatat: manpu mengubah kebiasaan petani dari TANDUR (tanam mundur) menjadi TAJU (tanam maju).
17,2022-09-29 23:46:05+00:00,@LaNyallaAcademy @officialMKRI Kenapa tidak semua partai yang duduk di DPR melakukan voting supaya PT ini ditiadakan sehingga tidak ada lagi alasan MK untuk menolak
18,2022-09-29 23:45:26+00:00,Ini kelas dpr...pelaku kekerasan...
19,2022-09-29 23:45:02+00:00,"@KompasTV Keputusan dpr bisa di anulir presiden dan sebalik nya, kalau tidak ditolak berarti itu sudah ada persetujuan."
20,2022-09-29 23:40:21+00:00,"@lentodaw sangat salut kepada anda, yang sudah mencerminkan sikap anggota dpr yang selalu mendengarkan keluhan masyarakat, baik keluhan ringan maupun berat, bagi lawyer selen selalu dianggap penting, saya yakin anda akan menjadi anggota komisi V dpr ri🙋‍♂️"
21,2022-09-29 23:40:19+00:00,DPR IAN lo harus temenan ama johnny NCT ayok temenannnn
22,2022-09-29 23:39:35+00:00,@QianzyZ DPR ini yg dibicarakan anggaran ini itu terus. Rakus!!
23,2022-09-29 23:38:49+00:00,"Lah, kamu kan bagian dari DPR.. gimana sih ben? Negara ini emang lagi gak baik2 saja. Lah org semacam kamu jadi anggota DPR, bocil macam agus juga mimpi jadi pleciden. Gimana negara mu baik"
24,2022-09-29 23:38:33+00:00,"Banyak Pamdal Titipan Anggota DPR, MKD Buka Penyelidikan https://t.co/WSDOLooZML"
25,2022-09-29 23:37:43+00:00,Utak-atik MK oleh DPR @feriamsari @zainalamochtar @mohmahfudmd @madisnur @JimlyAs https://t.co/2VqoVvbngT
26,2022-09-29 23:36:47+00:00,"Menurut mas mentri BUMN Erick Thohir komunikasi adalah yang yg penting sebagai sebuah kepercayaan yg hatus dijaga

Begitu pula komunikasi dengan banyak parpol sebagai mitra kerja yang penting di DPR terutama fraksi fraksi komisi VI DPR
@erickthohir
#BangkitBersamaET https://t.co/L6ABci1vYi"
27,2022-09-29 23:34:58+00:00,"@BennyHarmanID Jadi orang bodoh koq bangga dan dipamerkan?
Yang “memecat “ DPR, bukankah
@BennyHarmanID juga bagian dari DPR?
Kenapa bisa menyebut-nyebut dan menjelek-jelekkan pihak lain?

Kalau menampar pelayan restoran itu, otoriter atau tak beradab?"
28,2022-09-29 23:34:36+00:00,"Anggota DPR RI mestinya ada masa persiapan pensiun, diberi psikoterapi dan pendalaman ilmu agama. Berat memang jadi mantan..."
29,2022-09-29 23:33:36+00:00,"DPR Mendadak Copot Aswanto dari Hakim MK, Jimly Asshiddiqie: Presiden Jokowi Harus Menolak https://t.co/KZC9SvM5cY https://t.co/4bv0ABtAQx"
30,2022-09-29 23:31:15+00:00,"Penting MPR-DPR-DPD perjuangkan UMN setara KHL/PTKP Rp 4,5 jt/bln; Diskon 50% tarif Tol Logistik-Bandara-Pelabuhan; TKDN minimal 70%; K/L-BUMN-Pemda wajib hslkan PNBP besar dr aset2nya. Jika itu berhasil, separuh masalah NKRI ini selesai krn Pancasila benar2 diamalkan scr nyata."
31,2022-09-29 23:30:26+00:00,"@BennyHarmanID Untung yg ngomong anggota DPR ....jadi yha wajarlah, kalau pinter apa bisa jadi anggota dewan?"
32,2022-09-29 23:29:42+00:00,@ZulHola Dpr mnoi
33,2022-09-29 23:29:16+00:00,"IAN PUN SEMAKIN-MAKIN D PANGGUNG
TOLONG TIKET DPR NYA GAK ADA YG JUAL LAGI APA?? 
WTB blue section harga normal 🥺

#REGIMETOUR #DPRRegimeTour"
34,2022-09-29 23:29:15+00:00,"DPR Bangun Pembangkit Listrik Tenaga Surya, Puan: Bagian Komitmen Selamatkan Bumi
@puanmaharani_ri @DPR_RI @Formappi
#Leslar #Denise #Bonge #G30SPKI #KDRT #MinyakRasaAir #RezaArap #Reyhan #JasMerahBiadabnyaPKI https://t.co/lPAkFwcSqy"
35,2022-09-29 23:28:48+00:00,"Banyak Pamdal Titipan Anggota DPR, MKD Buka Penyelidikan https://t.co/j8uExikkbN"
36,2022-09-29 23:26:59+00:00,"@makLambeTurah Sesok mbe bojone rasah nyalon DPR dapil DIY meneh, nyalon ketua RT wae...hahahaha"
37,2022-09-29 23:26:30+00:00,"semakin tinggi suatu pohon, semakin kencang pula angin yang akan menerjang"
38,2022-09-29 23:23:39+00:00,"@geloraco Coba kalian bayangkan. Jika suatu saat Negeri Konoha dipimpin oleh seorang yg suka nonton bokep. Punggawa Buzzer BuzzeRp skrg diangkat jd Menteri sampe komisaris, Anggota DPR DPRD berkelakuan kyk begini. Klop dah ancor ancor ancor. Nauzubillah"
39,2022-09-29 23:22:56+00:00,"Kemudian kata Khofifah juga dihadiri oleh Direktur Utama BPDPKS Eddy Abdurrachman, Anggota Komisi XI DPR RI Indah Kurnia dan Bupati Gresik Fandi Akhmad Yani https://t.co/qdw4kDe9xt"
40,2022-09-29 23:21:20+00:00,@Midjan_La_2 @Minietweets_ @PDI_Perjuangan @jokowi Jujur kalau puan yg dicalonkan banyak yg golput apa sih prestasinya jd ketua dpr saja karena emaknya
41,2022-09-29 23:18:35+00:00,"DPR Sahkan UU APBN 2023, Begini Catatan PKS, Gerindra Hingga Nasdem ke Menteri Sri Mulyani https://t.co/aCZkrhHfkZ"
42,2022-09-29 23:18:17+00:00,"Sama aja kasus covid juga pertama kita aman2 saja .... Malah para pejabat komen seenak udelnya juga joget ubur2 ehh imbasnya paling besar meyesesangsarakan rakyat !!!!!
@jokowi @DPR_RI @kemenkeu
@smindrawati"
43,2022-09-29 23:17:13+00:00,"Sawah, ladang, dan pasar adalah tempat kunjungan favorites mereka yang mau maju capres dan anggota DPR.
Ojol dan supir angkot, truk, bus, adalah kelompok yang sering mereka dekati saat kampanye.
Setelah terpilih, mereka tinggalkan semuanya dan kenakan tarif mahal.
Indah!!!🤣"
44,2022-09-29 23:14:37+00:00,"@BennyHarmanID Lhaaaa kamu @BennyHarmanID  kan bagian dari DPR yg mencopot,, brati KAMU REZIM OTORITER memperlemah MK"
45,2022-09-29 23:14:34+00:00,"PKI mencoba merongrong ideologi Pancasila. Anggota Komisi II DPR RI A. A Bagus Adhi Mahendra Putra mengingatkan bahaya laten komunisme.
#TumpasGerombolanPKI
#TumpasGerombolanPKI https://t.co/y0bi6usC19"
46,2022-09-29 23:13:43+00:00,Bukti kalo orang DUNGU juga bisa jadi anggota @DPR_RI .....🤣🤣🤣🤣🤣. Yg milihya bodoh banget....
47,2022-09-29 23:13:23+00:00,@NUgarislucu Ibu DPR nya maju pas nanem padi tapi pas dikantor kinerja anggota DPR mundur wkwk
48,2022-09-29 23:05:34+00:00,"lobi politik jalan, kami rapat dgn Komisi X DPR juga menghadap Bpk Presiden @jokowi beliau sangat apresiatif dan setuju harus ada grand design/peta jalan pendidikan terlebih dulu https://t.co/CMQ8QG7Rag"
49,2022-09-29 23:04:14+00:00,"@bahri1262 @SalmanS98814046 @HidayatBiin Yg nulis bangga jadi anak PKI blom tentu PKI, emang kalau anak presiden harus jadi presiden, anak DPR harus jadi DPR? Bangga jadi anak PKI bisa jadi karena PKI di takuti sampai sekarang, dengar PKI langsung pada takut kan?"
50,2022-09-29 23:00:48+00:00,SYAMSUL BAKHRI TANRI Caleg Partai Golkar DPR RI Dapil KALTIM No. Urut 6 dinosbtlatanro #infocaleg
51,2022-09-29 22:56:53+00:00,DPR SAHKAN RUU APBN 2023 MENJADI UNDANG UNDANG
52,2022-09-29 22:56:01+00:00,DPR PUTUSKAN TAK PERPANJANG ASWANTO SEBAGAI HAKIM MAHKAMAH KONSTITUSI
53,2022-09-29 22:52:00+00:00,DPR RI SAHKAN JOHANIS TANAK SEBAGAI WAKIL KETUA KPK GANTIKAN LILI PINTAULI SIREGAR
54,2022-09-29 22:49:14+00:00,"@msaid_didu Tak heran, bpip mbok , DPR anak"
55,2022-09-29 22:48:34+00:00,"️🇺🇸🇺🇦🇷🇺Senator AS telah memperkenalkan undang-undang yang akan memotong bantuan AS ke negara mana pun yang mengakui hasil referendum wilayah DPR, LPR, Kherson, dan Zaporozhye untuk bergabung dengan Rusia‼️"
56,2022-09-29 22:48:06+00:00,@habiburokhman @AdnanTaufiq24 Berbagi dan selalu berbagi lanjut kan pak dewan GERINDRA MENANG PRABOWO PRESIDEN 🇮🇩 HABIBUROKHMAN DPR RI
57,2022-09-29 22:47:49+00:00,"Mantan Ketua MK Jimly Asshiddiqie menilai sikap DPR yang mengganti hakim konstitusi Aswanto dengan Sekjen MK Guntur Hamzah sebagai tindakan sewenang-wenang. #Polhuk #AdadiKompas

https://t.co/nVINQHwics"
58,2022-09-29 22:47:25+00:00,"Mantan Ketua MK Jimly Asshiddiqie menilai sikap DPR yang mengganti hakim konstitusi Aswanto dengan Sekjen MK Guntur Hamzah sebagai tindakan sewenang-wenang. #Polhuk #AdadiKompas
https://t.co/EIV1waFDCM"
59,2022-09-29 22:47:07+00:00,@BennyHarmanID Yang salah adalah wakil wakil rakyat di DPR RI. Sebab sistem demokrasi kita kan Tris Poltika.masing masing punya tufoksi.ini tak berjalan sesuai nafasnya masing masing
60,2022-09-29 22:45:53+00:00,"Teori utk menaikan elektabilitas harus terus 'nyerang' pemerintah padahal yg nyopot DPR dan dia ada disitu, jahat bukan ?."
61,2022-09-29 22:45:52+00:00,"..https://t.co/w3tV5EsS8G

Dewan perwakilan rakyat (DPR) mengusulkan politisi bisa menjadi anggota dewan gubernur (ADG) Bank Indonesia."
62,2022-09-29 22:44:00+00:00,@BennyHarmanID anda di DPR kan bung?
63,2022-09-29 22:41:38+00:00,"..https://t.co/ucafTul7e9

Dewan Perwakilan Rakyat (DPR) mengusulkan kursi anggota dewan gubernur (ADG) Bank Indonesia (BI) bisa diisi oleh anggota partai politik."
64,2022-09-29 22:40:47+00:00,@catchmeupid Mau pencegahan? Bubarin DPR
65,2022-09-29 22:38:18+00:00,Ketua DPR lo kemarin lempar lempar kaos viral ya mukanya ga senyum itu
66,2022-09-29 22:37:20+00:00,TOLONG... AK KIRA DPR IAN TU ANGGOTA DPR
67,2022-09-29 22:37:07+00:00,Kamu anggota DPR ya? kalo jadi anggota keluarga papaku mau?
68,2022-09-29 22:36:47+00:00,@Bjorkanism8_ @puanmaharani Daripada puanmaharani mendingan saya yg jadi presiden walaupun cuma 1 hari saya jamin negara makmur dan sejahtera..KPK akan saya bubarkan DPR akan saya bubarkan dan akan saya hukum mati untuk semua pidana KORUPSI...🤣🤣🤣
69,2022-09-29 22:36:39+00:00,"@Nicho_7777 Harus bisa kuasai istana dan gedung dpr, jangan cuma di depan gak ada gunanya."
70,2022-09-29 22:34:00+00:00,"@MardaniAliSera @jokowi @FPKSDPRRI @DPR_RI Bang kader"" di akar rumput kurang respon terkait penolakan kenaikan BBM bersubsidi"
71,2022-09-29 22:32:49+00:00,"@puanmaharani_ri Ketua DPR, SAYA BAGIAN YANG TIDAK AKAN MENDUKUNGMU JADI PRESIDEN. ANDA BEGITU MENGECEWAKAN. Dimana perwakilan wong ciliknya"
72,2022-09-29 22:31:57+00:00,"DPR Membangun Pembangkit Listrik Tenaga Surya, Puan: Bagian Komitmen Selamatkan Bumi https://t.co/H6zyoT55lK"
73,2022-09-29 22:27:59+00:00,"Knp d copot ya, apa krna mnolak PT 20%?🤔 @FPKSDPRRI @DPR_RI
@Fraksi_Gerindra @FPD_DPR https://t.co/F2iyKTcqdv"
74,2022-09-29 22:25:38+00:00,"Kuyyy sarapan....mangga ne manis sekali. 
Mangga... Gamang, jangan Gamang Bapak Ibu Dewan.
@DPR_RI

Bersuaralah mumpung masih ada WAKTU.
UU KALIAN YG BUAT ARTINYA KALIAN JUGA YG HARUS BATALKAN.
BERSATULAH UNTUK INDONESIA JAYA DAN MANDIRI. https://t.co/W5R5F5B0sC"
75,2022-09-29 22:24:53+00:00,"@BennyHarmanID Kok rezim, yg di share sebutkan dipecat DPR, anda orang DPR bukan ? Demokrat punya orang di DPR tidak ?

Apa yg kalian lakukan biar tdk di pecat ?"
76,2022-09-29 22:24:02+00:00,JAKARTA — Pemegang jabatan ketua Mahkamah Kehormatan DPR (MKD) beralih dari Habib Aboe Bakar Al-Habsyi kepada Adang Daradjatun. https://t.co/SkcQPUoN7J
77,2022-09-29 22:23:18+00:00,"@M45Broo_ Sudaaaaahlah mbak puan.... Sadar diri saja .. Rakyat tdk mengenal anda , hnya tahu anda adalah ketua DPR ..cukuplah sebagai Ketua DPR saja sudah posisi yg bagus ... Jadi presiden bukan posisi anda ... Krn harus memiliki kerendahan hati..."
78,2022-09-29 22:19:20+00:00,Mereka (dpr) memang sudah sepatutnya ditawur rakyat! Sikap mereka sdh amat sgt mengkhawatirkan buat bangsa ini.
79,2022-09-29 22:18:56+00:00,"@panca66 Memang kader demokrat pada aneh2 , jelas di situ tertulis "" DPR sepakat mencopot "" , tapi yg protes anggota DPR nya sendiri, yg di salahin rezim lagi... 
😁😁😁😁😁😁"
80,2022-09-29 22:16:47+00:00,"@BennyHarmanID Padahal jelas loh itu beritanya "" DPR sepakat mencopot ""
Lah anda kan anggota DPR, koq yg di salahin rezim?? 
eh dsr biji salak.... 
😁😁😁😁"
81,2022-09-29 22:15:04+00:00,JAKARTA — Anggota DPR RI Fadli Zon beri kritikanya terhadap Panglima TNI Andika Perkasa yang merevisi aturan Panglima TNI Nomor 31 Tahun 2020… https://t.co/xbtqB9zrnv
82,2022-09-29 22:14:30+00:00,"@BennyHarmanID Ini muka genderuwo goblok banget,yg nyopot kan DPR lewat komisi 3,ente anggota DPR kok yg disalahin pemerintah.....otak dah nggak dipake sama sekali."
83,2022-09-29 22:09:03+00:00,@susipudjiastuti Semua rusak  dari polisi hakim  jaksa  DPR nya .....😁🤭😴✌️ Nunggu bangkrut dan bubar nih negara kalo semua pejabatnya rusak kaya gini  mah
84,2022-09-29 22:07:02+00:00,JAKARTA – Anggota DPR RI Mardani Ali Sera menyemprot kebiasaan tidak terpuji Gubernur Papua Lukas Enembe. Mardani Menegaskan… https://t.co/lmAxMwneia
85,2022-09-29 22:06:02+00:00,"JAKARTA — Anggota DPR RI dari Fraksi Gerindra, Fadli Zon turut mengomentari terkait revisi Peraturan Panglima TNI Nomor 31 Tahun 2020 tentang… https://t.co/QquKgWbeq9"
86,2022-09-29 22:05:25+00:00,"BBM naik sama dengan rakyatnya jadi pada miskin, kita disuruh ngirit2 DPR minta naik gaji"
87,2022-09-29 22:04:54+00:00,@6undul0h @PrimaVardhana @nadiemmakarim @DPR_RI Sama yg ono Ngibul pakai teks..
88,2022-09-29 22:03:55+00:00,"@tjapoenglaut @ardianpancaa Sebagai sarjana Pertanian saya mau berpendapat... sebagai petani bisa saja salah (tergantung metoda tanam) tetapi sebagai ketua DPR beliau selalu benar koq... ini kan program meMAJUkan petani, ya kan bu ???"
89,2022-09-29 22:03:34+00:00,dpr ian 🫶
90,2022-09-29 22:03:03+00:00,"RT kebulrokok: nemenin ayang dari 0, ayangnya 0 terus😇

dpr ian (christian yu) few tweets au https://t.co/6wipxBcl8b"
91,2022-09-29 22:03:03+00:00,"bellimoon yo, sn sungwoon daniel hwanwoong dpr ian"
92,2022-09-29 22:02:57+00:00,"@BennyHarmanID dpr jalanan, kan taik"
93,2022-09-29 22:02:02+00:00,Anggota DPR Optimistis Kejagung Profesional https://t.co/ceHzU0LbdZ
94,2022-09-29 22:00:40+00:00,"@bellimoon yo, sn sungwoon daniel hwanwoong dpr ian"
95,2022-09-29 21:58:55+00:00,Anggota DPR Optimistis Kejagung Profesional https://t.co/gkTT0QBlQa
96,2022-09-29 21:57:01+00:00,"JAKARTA — Komisi V DPR RI meninjau proses revitalisasi Taman Mini Indonesia Indah (TMII), Jakarta Rabu (28/9/2022). https://t.co/UZcaU6sPsG"
97,2022-09-29 21:54:02+00:00,"JAKARTA — Ketua Komisi II DPR RI, Ahmad Doli Kurnia Tandjung kembali angkat suara soal penghapusan tenaga honorer pada 2023 mendatang. Kali ini… https://t.co/Yb4mfBfF87"
98,2022-09-29 21:53:56+00:00,"@kabartvOne @Kemenkumham_RI @KPK_RI @PolhukamRI @DPR_RI @jokowi  Hakim² MA dan para panitera dan staf²nya semua perlu disapu bersih oknum² yg gak beres tukang sunat hukuman koruptor,gaji sudah sangat banyak juga masih korup,memalukan!!"
99,2022-09-29 21:52:42+00:00,DPR WE GANG GANG
100,2022-09-29 21:52:02+00:00,"JAKARTA – Wakil Ketua Komisi X DPR RI Abdul Fikri Faqih merespons tim bayangan yang diungkapkan Menteri Pendidikan, Kebudayaan… https://t.co/O5ejSrTpW3"
101,2022-09-29 21:50:10+00:00,"@JannesHutajulu @pn7l7h KPK itu serupa densus 88 cm beda ketegasan.
Lha diambil dgn persetujuan DPR sih jadi diduga ada kompromi politik tuh."
102,2022-09-29 21:49:52+00:00,"@nasikucheng @pwnmwn @hamiezt @aammmmaarrrr weh gegara kui, dpr dadi ahli kisah ngunu kui"
103,2022-09-29 21:49:38+00:00,@BennyHarmanID Twitmu kok menampar dirimu sendiri yang notabene anggota DPR🐽
104,2022-09-29 21:44:02+00:00,JAKARTA — Komisi III DPR RI resmi menetapkan Johanis Tanak sebagai pengganti Lili Pintauli Siregar di Komisi Pemberantasan Korupsi (KPK). https://t.co/adEU7i9TqL
105,2022-09-29 21:43:52+00:00,@BennyHarmanID Ngehek ni org. Loe kan dpr!!!!! Apa hubungan ama rezim. Sempula!!!!!
106,2022-09-29 21:40:19+00:00,"Harus ingat dan waspada sejarah
@jokowi 
@DPR_RI 
@mohmahfudmd"
107,2022-09-29 21:39:25+00:00,Ini kisah lama tapi anehnya yang dulu angkat ini ke media kalau tidak salah anggota DPR dari fraksi Bintang Reformasi tdak diproses bahkn jadi kader demokrat setelah isu ini terpublis ke media.
108,2022-09-29 21:39:14+00:00,"BPIP ini katanya bersuara paling 1 kali setahun tapi gaji mereka Ratusan juta rupiah dari Negara.
Bagaimana ini bapak ibu yg sy hormati ?
@DPR_RI
Kalian yg duduk di sana swbagai Wakil Kami Rakyat Indonesia. Bersuaralah Untuk Kami.
#JumatBerkah

#WaspadaBahayaLaten_PKI"
109,2022-09-29 21:38:11+00:00,@BennyHarmanID Bukannya yg mecat DPR?? @PDemokrat ada Ndak disana?? Lalu kenapa Lo Ndak perjuangkan disana...kalah suara?? Ya itulah demokrasi...masak yg gitu musti gue ajarin sih...
110,2022-09-29 21:38:02+00:00,"JAKARTA – Anggota Komisi III DPR RI, Trimedya Panjaitan merespons positif langkah mantan Juru Bicara Komisi Pemberantasan Korupsi (KPK) Febri… https://t.co/NJnNdwCzI8"
111,2022-09-29 21:34:47+00:00,"@BennyHarmanID Parah lu ben... Lu anggota DPR tp lu yg nyinyir di medsos. Lu jelekin pemerintah lg. Demokrat ga punya cara politik lain lg ya selain nyinyir 🤣🤣🤣
Kasih contoh ke masyarakat cara berpolitik yg baik, kalau bisa krn itu pasti susah 🤣🤣🤣
Yg gampang itu nyinyir krn ga modal 🤣🤣"
112,2022-09-29 21:32:34+00:00,@AkortaGinting @panca66 @FPD_DPR Hak hak merekapun di rampas lalu masih berani mengatakan berantas mafia tanah https://t.co/rm0Pi0rKkE
113,2022-09-29 21:31:04+00:00,DPR Setujui Guntur Hamzah jadi Hakim Konstitusi Gantikan Aswanto https://t.co/diZBr6Wo6o
114,2022-09-29 21:13:10+00:00,@siadevinci Huyu mzee mjanja sana  baada mission ku tiki mikoa ya DPR  na kungineko saivi anaipanchi  na kuwa na  KLINSHITI kwenye uwanja wa vita
115,2022-09-29 21:11:00+00:00,"Semua milik Oligarki Ukraina di wilayah DPR menjadi milik republik

Keputusan mulai berlaku pada tanggal ditandatangani. https://t.co/tNZPAU9EHt"
116,2022-09-29 21:10:14+00:00,"Yang nyopot DPR yg disalahin pemerintah, padahal Demokrat juga andil disitu.. palying victim masih terus dilakukan oleh kader2 Demokrat yg membuat partai ini makin nyungsep kedepannya semoga 👎👎👎"
117,2022-09-29 21:06:03+00:00,INDEEEEDDDDD 👏🏻👏🏻👏🏻👏🏻 tngk laaa DPR yg underground rappers punn tiket boleh sold out
118,2022-09-29 21:03:02+00:00,"akusmoon uhmmm cekaj ne znam ni ja hahaha  
evo random, rnb, indie, joji, one ok rock, dpr ian, joey badass"
119,2022-09-29 20:58:47+00:00,"Anggota DPR tergoblok, lah yg ngangkat dan yg berhentikan DPR kok yg disalahin Jokowi."
120,2022-09-29 20:57:02+00:00,"@akusmoon uhmmm cekaj ne znam ni ja hahaha  
evo random, rnb, indie, joji, one ok rock, dpr ian, joey badass"
121,2022-09-29 20:52:52+00:00,"Sayangnya BANI URAAA cabang +62 🇮🇩 ndak paham apa yg dikatakan oleh ""komedian"" ini, komedian yg bikin mantan agen KGB Vladimir Putin terkencing-kencing jadi bahan olok-olok. @RusEmbJakarta @Kemlu_RI @DPR_RI @Menlu_RI @KSPgoid"
122,2022-09-29 20:52:01+00:00,JAKARTA — DPR bangun Pembangkit Listrik Tenaga Surya (PLTS) untuk memenuhi kebutuhan tambahan listrik di gedung wakil rakyat. Menurut Ketua DPR RI… https://t.co/xFalPB0HRi
123,2022-09-29 20:49:56+00:00,"@CNNIndonesia @PDI_Perjuangan tolong suruh Puan hentikan jalan2nya.sebab gerakan tubuhnya membuat rakyat tau,puan tidak merakyat.mestinya jadi walikota dulu.1000% kalo kerjanya bagus,elektabilitas naik.puan kok mau jadi ketua DPR?tentu elektabilitas gak akan naik.
Lbh baik Puan bantu ganjar."
124,2022-09-29 20:43:42+00:00,@benzema_aly @DPR_RI @puanmaharani_ri Lho ya diijak ijak to tanamannya
125,2022-09-29 20:43:02+00:00,"JAKARTA — Sekretaris Jenderal (Sekjen) Mahkamah Konstitusi (MK), Guntur Hamzah, disahkan menjadi Hakim MK atas usul DPR, Kamis (29/9/2022). https://t.co/mkszqpnGnZ"
126,2022-09-29 20:41:37+00:00,"@BennyHarmanID Bapak ingat waktu thn 2014, PDIP di gak dpt apa2 di DPR sebagai pemenang Pemilu? Sama2 berengsek lah semua politisi dan partai di Senayan."
127,2022-09-29 20:41:02+00:00,"Anggota Komisi V DPR RI Fraksi Partai Demokrat, Irwan_Fecho, akan perjuangkan prioritas pembangunan Jalan Trans Kalimantan porosTering-Long Bagun kepada mitra kerjanya di PUPR."
128,2022-09-29 20:39:01+00:00,@Derrape_Sonido dpr_sound 🤝 k_delta https://t.co/IVF1IMiFLi
129,2022-09-29 20:34:30+00:00,@VonClownsewitz @LibelLawOpener New DPR unit: Fish Mafia
130,2022-09-29 20:29:23+00:00,Komisi II DPR RI: Pendataan Non ASN Harus Akuntabel dan Transparan https://t.co/rxvxC7305P https://t.co/N45NIv4Kgy
131,2022-09-29 20:28:36+00:00,@jeeniffwr KWLQKWKWKWKWKWKWKWIWIWK pra que eu ein
132,2022-09-29 20:26:28+00:00,Proses mengajarkan kita banyak hal #proses #Startup #Produk Indoonesia #Indonesia
133,2022-09-29 20:25:06+00:00,"@ian__dpr @selfolconvo Ciumannya agak macet ya wkwk. Itu gak kena, mana ciumannya?"
134,2022-09-29 20:25:04+00:00,JAKARTA — DPR RI mengesahkan Sekretaris Jenderal (Sekjen) Mahkamah Konstitusi (MK) Guntur Hamzah sebagai hakim konstitusi… https://t.co/95dL5KxIoy
135,2022-09-29 20:22:50+00:00,"kenapa ya selalu suka sama orang yg gabisa suka sama kita
contohnya DPR Ian"
136,2022-09-29 20:22:01+00:00,"@melatiiaa @ihugbbb Ya gue bales gajelas kaeena emang udah males ngobrol aama kegajelasan lu yg maksain pandangan lo itu. Udah gajelas masih di reply ngotot serius, rapat dpr lo?"
137,2022-09-29 20:13:52+00:00,"@worksfess DPR. Kerja cuma 5 tahun, selesai dapat pensiun 👍"
138,2022-09-29 20:13:40+00:00,"@Titik39078729 @jaemcityonz @Rakyat_Recehan Drun supaya 11rb T terealisasi naikan tagar #RUUPerampasanAsetKoruptor supaya DPR gk menolak
Jgn asal mangap 11rbT gak pake data"
139,2022-09-29 20:13:02+00:00,"https://t.co/BebtVF2JjP, JAKARTA — DPR bangun Pembangkit Listrik Tenaga Surya (PLTS) untuk memenuhi kebutuhan tambahan listrik di gedung wakil rakyat. Menurut Ketua DPR RI… https://t.co/xFalPB0HRi"
140,2022-09-29 20:11:10+00:00,Anggota DPR RI Irwan Fecho memberikan bantuan dalam bentuk hunian layak bagi masyarakat Sangatta Utara dan masyarakat Kalimantan Timur.
141,2022-09-29 20:11:07+00:00,"@DPR_Circulon @77HERCULES77 @JoshuaEberly1 Kamala AOC 2024 for the win👍
#KamalaAOC2024 https://t.co/QYPcboRDJo"
142,2022-09-29 20:10:58+00:00,"@Puthutea Lah gue buzzer dong? Gue dukung sukarela nih wey. Kalo bener ya bener, salah ya salah. Yang banyak buzzernya DPR harusnya, ngaco. Cem antum.

ASN Kemdikbud ga mumpuni, terima aja. Nadiem juga ngomong fair-fair-an kok. Nunggu ASN pada berskill mantep keburu sangkakala ditiup bro. https://t.co/lxK4thwchl"
143,2022-09-29 20:10:55+00:00,@ahaqzzz @rhdn_rooms @Smellmeee @IEIP3 @fans_dpr @lenggana_yudi @Mitaarini19 @imvibbyy @AREAJULID Gua keplak juga ntar lama lama https://t.co/Us6bwcSJiQ
144,2022-09-29 20:09:01+00:00,"https://t.co/BebtVF2JjP, JAKARTA — Sekretaris Jenderal (Sekjen) Mahkamah Konstitusi (MK), Guntur Hamzah, disahkan menjadi Hakim MK atas usul DPR, Kamis (29/9/2022). https://t.co/mkszqpnGnZ"
145,2022-09-29 20:08:54+00:00,"Akhirnya, kita... resmi.... menamatkannn... heker-hekeran. Kita absen dulu adik-adik, ketik ""aku cinta dpr pake emot"" https://t.co/nyeiLxwbgx"
146,2022-09-29 20:08:51+00:00,"dpr rem, dpr ian, gray, loopy, mcdaddy, niahn, dpr cream..."
147,2022-09-29 20:08:50+00:00,"Kira kira kapan ya INDONESIA punya DPR,MPR,JAKSA,POLISI yang benar benar bekerja setulus hati demi RAKYAT DAN KEADILAN, bukan demi gaji dan kekayaan semata
#2024AniesPresiden 
#rakyatbersatu
#NkriHargaNaikSemua"
148,2022-09-29 20:07:18+00:00,"@jokowi  @DPR_RI @mohmahfudmd @KejaksaanRI @KemenkumhamRI

Perjuangan  Pemuda Madiun ikut awasi dan cegah Korupsi masih Banyak Hambatan.

Pantun Santun Pentas Gugat Untuk Kajari Kabupaten Madiun | https://t.co/pAIVF4OOtD"
149,2022-09-29 20:06:46+00:00,"@Guruhonorers @kurawa Sahkan RUU Sisdiknas, maka sertifikasi dihilangkan, semua guru dapat haknya tanpa syarat. Krn memang itu hak yg patut diterima guru agar sejahtera. 

Tapi sayangnya ditolak DPR, jadi? Hehe"
150,2022-09-29 20:01:21+00:00,"Relawan Puan menfasilitasi ratusan masyarakat Kembangan, Meruya, Jakarta Barat mendeklarasikan dukungan untuk Ketua DPR Puan Maharani menjadi penerus Presiden Jokowi 2024. https://t.co/6Ux1jvL8vG"
151,2022-09-29 20:00:04+00:00,"https://t.co/BebtVF2JjP, JAKARTA — DPR RI mengesahkan Sekretaris Jenderal (Sekjen) Mahkamah Konstitusi (MK) Guntur Hamzah sebagai hakim konstitusi… https://t.co/95dL5KPRCG"
152,2022-09-29 19:59:38+00:00,"Pengamat Politik, Hendri Satrio menilai Ketua DPR Puan Maharani adalah sosok paling rasional bagi PDIP untuk diusung sebagai capres atau cawapres pada Pilpres 2024. https://t.co/1K2SWYjZzd"
153,2022-09-29 19:58:21+00:00,Ketua DPR RI sekaligus Ketua DPP PDI Perjuangan Puan Maharani meminta kader untuk bersabar menunggu keputusan Ketua Umum PDIP Megawati Soekarnoputri. https://t.co/1mUHH3lqLF
154,2022-09-29 19:57:53+00:00,@penjaga_garuda @M45Broo_ @PDI_Perjuangan Mbak Puan passionnya ketua DPR...secara lembaga negara kan kedudukannya sama dng presiden loh...biar parlemennya kuat.
155,2022-09-29 19:57:38+00:00,Seknas Puan Maharani segera melakukan konsolidasi ke seluruh Indonesia untuk mengenalkan Ketua DPR RI Puan Maharani dalam tiga bulan ke depan di 13 provinsi. https://t.co/AURQaBdx1x
156,2022-09-29 19:56:21+00:00,Ketua DPR Puan Maharani mendorong para perempuan di Indonesia untuk percaya diri dalam menjadi pemimpin. https://t.co/T6DysjsgTO
157,2022-09-29 19:53:24+00:00,Ketua DPR RI Puan Maharani berharap penjabat baru dapat membantu meningkatkan kinerja BPK. https://t.co/KtjNYH5uAa
158,2022-09-29 19:51:47+00:00,Ketua DPP PDIP Said Abdullah memastikan Ketua DPR RI Puan Maharani akan bersilahturahmi dengan Ketua Umum Golkar Airlangga Hartarto pada pekan depan. https://t.co/L5Nbzhj3fn
159,2022-09-29 19:51:33+00:00,"Anak pemilik partai demokrasi, ketua DPR,Dewan Perwakilan Rakyat, lembaga dmn suara2 rakyat digaungkan,bukan dibungkam.. lha kok malah ahli matiin Mic... #anomali paling ambyar"
160,2022-09-29 19:51:14+00:00,Puan kecewa dengan para pengawal pribadi (walpri) di lingkaran pertama sehingga Ketua DPR RI itu tidak senyum saat membagikan kaus kepada warga di Jawa Barat. https://t.co/cmXwJHfw9o
161,2022-09-29 19:49:44+00:00,Bagaimana peluang Ketua DPR RI Puan Maharani pada kontestasi Pemilihan Presiden 2024 nanti? Yuk simak penjelasan langsung dari Mbak Puan!! https://t.co/r3MXUwZHFg
162,2022-09-29 19:47:33+00:00,"DPR Bangun PLTS, @PuanMaharani_RI [#PuanMaharani]Maharani: Ini Komitmen Anggota Dewan Selamatkan Bumi dari Perubahan Iklim - https://t.co/J21vXibt18 https://t.co/YW3YUMC5EN"
163,2022-09-29 19:44:33+00:00,Tangis Ibu Rohini pecah kala bertemu dengan Ketua DPR RI Puan Maharani. Rohini terharu karena rumahnya kini telah diperbaiki melalui program bedah rumah yang difasilitasi oleh Puan. https://t.co/YG7L802IWL
164,2022-09-29 19:43:06+00:00,stream nerves by dpr ian https://t.co/ntU8jc1QIb
165,2022-09-29 19:42:48+00:00,"""Kami sendiri dibilang pro-Amerika, tentu tidak. Dibilang pro-China juga tidak. SBY ini pro-Indonesia, Ibas ini pro-Indonesia, Partai Demokrat pro-Indonesia. Jadi, SBY menurut saya adalah salah satu 'Golden Boy of Indonesia'."" - @Edhie_Baskoro (@FPD_DPR)
https://t.co/bULTAtHOls"
166,2022-09-29 19:41:10+00:00,Anggota DPR RI Herman Khaeron menyerahkan 2 unit ambulance untuk digunakan warga cirebon yang membutuhkan secara gratis
167,2022-09-29 19:40:42+00:00,"@M45Broo_ Ganjar ga boleh main sosmed &amp; kemana2. Gubernur ga boleh ketemu rakyat.

Si tante sibuuukkk banget belakangan ini.
Ketua DPR tanam padi &amp; aduk semen itu gimanaaa ?? 

Syuliiddddd dijelaskan🙄"
168,2022-09-29 19:38:14+00:00,"Abis baca au ini, kepo sama dpr ian yang asli (nambah bias deh), tapii yaa malah gabisa lupain karakternya dia disini😭😭 lucu banget dan gaada sehari langsung abis bacanya. Ini ada s2/bukunya ga sii?"
169,2022-09-29 19:38:06+00:00,"Pengen deh ke kantor DPR, mau nanya, 
""Sila Ke 5 di mana ya?"""
170,2022-09-29 19:30:47+00:00,"Ketua Fraksi PDIP DPR Utut Adianto mengatakan, safari Puan Maharani ke semua partai politik bakal berakhir Oktober mendatang. https://t.co/O7knSdheeg"
171,2022-09-29 19:30:31+00:00,"Eksekutif Gerbang Informasi Miqdad Husein mengatakan, Indonesia butuhkan figur pemimpin perempuan, yg dinilai ada pada sosok Ketua DPR Puan Maharani. https://t.co/gRTkTpmM3u"
172,2022-09-29 19:26:40+00:00,DPR WE GANG GANG !!
173,2022-09-29 19:18:45+00:00,"DPR Bangun PLTS, Puan Maharani: Ini Komitmen Anggota Dewan Selamatkan Bumi dari Perubahan Iklim https://t.co/7PwNLHy3bf"
174,2022-09-29 19:18:05+00:00,DPR we gang gang
175,2022-09-29 19:13:55+00:00,"@antaranews Memgejar presiden hingga mobil rusak, seorang anggota DPR akan mendapatkan ganti berupa mobil listrik... #eeeh"
176,2022-09-29 19:11:23+00:00,MAKASIII SAMA MBANYAA YG NANYA INI DI MENFESS GANYANGKA TAHUN INI UDAH TERKABULKAN NONTON KONSER IKON SAMA DPR GANG NYAAAA😭😭😭😭😭
177,2022-09-29 19:10:49+00:00,soy solo dpr stan im sosorry besties
178,2022-09-29 19:07:18+00:00,@miuwmiuwna Ngomongnya muter2 kek dpr lagi kalah debat
179,2022-09-29 19:06:07+00:00,"Komisi I DPR Soroti Syarat Tinggi Badan Taruna TNI, Dianggap sebagai Kebijakan Mundur https://t.co/9oPFNypUyD"
180,2022-09-29 18:58:05+00:00,"@democrazymedia Udh dungu, coba' ngelles tampak makin bodoh, yg plng parah ngeyel pula..
Mna mungkin bsa di pilih jd presiden, hla wong jd ketua DPR saja meragukan kapasitasnya ."
181,2022-09-29 18:56:02+00:00,"Tok..DPR RI Sahkan APBN Tahun 2023 Sebesar Rp 3.061,1 Triliun =&gt; https://t.co/3hwOH470EG."
182,2022-09-29 18:45:42+00:00,DPR we gang gang kt rumah jelah der #RegimeTourInKL
183,2022-09-29 18:38:09+00:00,Lewat Rapat Paripurna Prof Guntur Hamzah Disetujui Jadi Hakim Konstitusi Usulan DPR https://t.co/p8NwnCTFT1
184,2022-09-29 18:34:15+00:00,"@democrazymedia Beda Kelas antara Ketua DPR dgn Petani, cara tanam Padi Ketua DPR pengennya maju dan setelah padinya tertanam lalu terinjak, sedangkan dgn cara tanam padi mundur ala Petani, setelah ditanam padinya akan tumbuh dan tersusun rapih."
185,2022-09-29 18:32:19+00:00,"Siapapun Presiden yang Terpilih, Jangan Sampai IKN Mangkrak

Anggota Komisi XI DPR RI Masinton Pasaribu mengharapkan siapapun Presiden terpilih di Pilpres 2024 mau melanjutkan program pembangunan era Presiden Jokowi.

#PDIPerjuangan
#PDIPerjuanganJabar
#PDIPerjuanganKabBandung https://t.co/CGBpk0X8gn"
186,2022-09-29 18:30:40+00:00,@beroeangMadoe @LaNyallaAcademy caranya gmn mengumpulkan seluruh komponen untuk demo ke dpr?? yg tuntutannya hapus PT 20....
187,2022-09-29 18:21:08+00:00,@myliljourneyok @Puthutea Yg ngebentak dpr kan? Dri settingan pabrik dpr aja udh ga beener
188,2022-09-29 18:19:48+00:00,@DPR_CHRISTYU Ditunda kah hyung? Atau pas c word gak ada jadwal tournya? Iyaa kapan lagi liat ian hyung ngedance lagi ya kan?
189,2022-09-29 18:18:27+00:00,"Aswanto memperpanjang masa jabatannya sendiri menjadi 2029 saat mengadili UU MK. Kini, ia dicopot DPR. https://t.co/bcHadIKNg8"
190,2022-09-29 18:17:56+00:00,DPR LIVE via Instagram https://t.co/cEeZBpyUF4
191,2022-09-29 18:17:53+00:00,DPR LIVE via Instagram https://t.co/Tht4FzsSqD
192,2022-09-29 18:15:29+00:00,"@idprrian ih ga dulu, maunya dpr we gang gang🤟🏻"
193,2022-09-29 18:15:22+00:00,"Mohon di firalkan ya saudara-Saudara Ku seindonesia.
@mprgoid
@DPR_RI
@FPKSDPRRI
@jokowi
@KSPgoid 
@KemenBUMN  @erickthohir 
@mohmahfudmd
@ListyoSigitP
@propampolri
@MahkamahAgung
@KejaksaanRI
@aniesbaswedan
@ptpn5untukindo 
@Kopsa_mRiau 
@polreskampar
@Nike 
@YouTube 
@NEWS https://t.co/8hz19qnsfr"
194,2022-09-29 18:14:01+00:00,@idprrian mau memberikan saham DPR untukku🤟🏻
195,2022-09-29 18:11:58+00:00,Ketua DPR RI didampingi oleh Direktur utama BULOG melakukan peninjauan langsung unit Modern Rice Milling Plant (MRMP). #InfrastrukturBULOG https://t.co/3ro5plh0OX
196,2022-09-29 18:11:14+00:00,@anainhercloud @palpaluvv DPR WE GANG GANG
197,2022-09-29 18:09:00+00:00,dpr we gang gang #Ianflorida #DPRIAN https://t.co/eZa5NYpiAT
198,2022-09-29 18:07:07+00:00,dpr we gang gang
199,2022-09-29 18:03:00+00:00,"ian__dpr LUNERPW Gpp kok, emg awalnya denial"
200,2022-09-29 18:02:16+00:00,"dpr we gang gang, w ga bisa drawing peceye"
201,2022-09-29 17:59:53+00:00,"Mengenal Mahkamah Kehormatan Dewan, Alat Kelengkapan DPR yang Dipimpin Eks Wakapolri Adang Daradjatun

 #Sindonews #BukanBeritaBiasa .https://t.co/nobGMUtyuL"
202,2022-09-29 17:56:15+00:00,"@alisyarief Karena Gugatan PT 20% ke @officialMKRI  selalu gagal, usaha terakhir ada ditangan Rakyat, kita tau di 2024 harus milih Partai apa. Pastikan yg duduk dikursi Anggota DPR di 2024, orang² yg pro penghapusan PT 20%. Bahkan perlu mempertimbang Pembubaran MK."
203,2022-09-29 17:56:06+00:00,@sejinmingc @LUNERPW jangan nuduh gitu ce
204,2022-09-29 17:55:16+00:00,DPR WE GANG GANG!!! @_DPRLIVE @DPRIAN_ @_DPRREM #DPR #REGIMETOUR #DPRinChicago https://t.co/Mzap2ZX5qB
205,2022-09-29 17:55:15+00:00,bibi sama gerombolan hitc + dpr si desember ya
206,2022-09-29 17:51:17+00:00,"@BennyHarmanID Bukankah anda komisi III, knapa anda tdk buka suaraMu di parlemen, knapa harus melalui cuitan Tweet, anda mcm org yg baru mengenal medsos aja, percuma anda duduk di komisi III, permalukan masyarakat NTT yg sudah memilih anda menjadi DPR."
207,2022-09-29 17:51:09+00:00,DPR Ingatkan Johanis Tanak soal Biaya Eksekusi Kasus Korupsi KPK https://t.co/74xQQdYbFW
208,2022-09-29 17:50:35+00:00,DPR Ingatkan Johanis Tanak soal Biaya Eksekusi Kasus Korupsi KPK https://t.co/CNYVyHKynG
209,2022-09-29 17:49:21+00:00,"Momen Sri Mulyani Teriakkan Slogan NasDem dan Demokrat di Rapat DPR

https://t.co/zySqtiPBQL.

Kode apa ini ya? Hehehe.."
210,2022-09-29 17:48:56+00:00,Jangan Pilih Ketua DPR Tersangkut Korupsi. Berikut ini Setya Novanto Korupsi Baca selengkapnya. https://t.co/sZ20eGq6k5
211,2022-09-29 17:47:02+00:00,@Stevaniehuangg Ketua DPR ngapain cb ujan2an
212,2022-09-29 17:45:24+00:00,Desember ada DPR 🙏
213,2022-09-29 17:45:23+00:00,@JukiHoki Basi banget caranya. Anehnya rakyat selalu aja ketipu.ya makanya cuma jadi rakyat kalo pinteran nipu dikit udah jadi DPR.
214,2022-09-29 17:42:24+00:00,"@awemany Terkait hal ini, saya usulkan agar setiap pembahasan, Fraksi Demokrat DPR RI atau mgkn DPP, membuat semacam konsultasi publik mengundang pakar, akademisi, mahasiswa dan stakeholders lain dan bisa saja membuat RUU APBN yg lebih efektif dan efisien utk diusulkan dlm paripurna."
215,2022-09-29 17:42:14+00:00,"@pramukhtiko Liat hutang yg dlm USD..? Dominan..

Dgn depresiasi IDR sebesar 1.000 point kira2 apa yg terjadi?

Knp di APBN 2023..penetapanya waktu di DPR Agustus.. asumsi 1 USD= rp. 14.750..pdhal di mei juni sdh gejolak inflasi dunia dmn2..Kenapa tdk ditetapkan 15.750?

Tdk populer kah?"
216,2022-09-29 17:41:31+00:00,Ketua DPR kerjaanya gitu ya bang
217,2022-09-29 17:41:19+00:00,@tijabar Ular sawah gigit lah tangan nya biar mic DPR gak sering mati
218,2022-09-29 17:39:03+00:00,@dpr_yian Terima kasih kak ian!
219,2022-09-29 17:38:45+00:00,@Metro_TV tolong untuk pihak KPK pusat jangan menyasar sekitaraan ibu kota saja tapi di desa desa sangat gencarrr aksi koropsi masallll... Semoga sampai ketelinga mereka DPR/APALAH ITU... Sing penting kalian jangan sampai makan gajih buta anjay
220,2022-09-29 17:38:07+00:00,"DPR Bangun Pembangkit Listrik Tenaga Surya, Ini Kata Puan https://t.co/OApIK1HD6v"
221,2022-09-29 17:37:31+00:00,@sejinmingc @LUNERPW wkwkwk
222,2022-09-29 17:36:54+00:00,dpr ian ko kiss karlungi
223,2022-09-29 17:36:44+00:00,@sharonmyooi @selfolconvo ciuman https://t.co/woZWznTs5N
224,2022-09-29 17:35:13+00:00,"stress anjing berita isinya drama selingkuh artis mulu, terus berita sambo gimana? soal bbm naik? kasus petinggi dpr yg rayain ultah di saat rakyat demo? dan berita tentang kasus pejabat pemerintahan?

makin aneh ini kayak seketika banyak pengalihan isu doang ni jgn2"
225,2022-09-29 17:34:18+00:00,"@puanmaharani_ri MUNAFIKUN!
WONG CILIK WONG CILIK, BBM NAIK GA KEBELI. LU KMN? MINYAK MAHAL APA YG LU LAKUIN? KATANYA DPR, PERWAKILAN RAKYAT MANA YG LU WAKILIN? NUMPANG TENAR PAKE NAMA KAKEK LU DOANG. PRESTASI 0. BISA APA?"
226,2022-09-29 17:33:10+00:00,@toooysroies dpr we gang gang!!!
227,2022-09-29 17:30:37+00:00,"Kamu mikirnya kejauhan Bang @BennyHarmanID. Sama jauhnya dengan nabok orang kecil gegara gak dapat meja.

Aswanto sudah jadi hakim MK 2 periode. Di periode kedua, dia menyetujui UU MK yang memperpanjang masa jabatannya sendiri. Lagian mencopotnya adalah wewenang Pemerintah &amp; DPR."
228,2022-09-29 17:30:29+00:00,DPR IAN!!
229,2022-09-29 17:30:20+00:00,mw punya pacar dpr
230,2022-09-29 17:27:54+00:00,"@ryanandrn_ Namjoon amin ya allah 🙏🥹, tapi kalo engga bisa hobie juga engga papa, kalo engga boleh sama hobie sama dpr ian engga papa kan ya allah 🙏🥹."
231,2022-09-29 17:26:28+00:00,"cocok bgt buat souvenir Wedding Party, Just call : 085725054237 tweetnikah https://t.co/foi4T9kMY9"
232,2022-09-29 17:25:53+00:00,"@tanyakanrl My bf juga kl denger lagunya Dpr Ian, chungha, sunmi, TWICE, apalagi Instagram-nya Dean, ikutan nyanyi :'))))"
233,2022-09-29 17:23:29+00:00,@adadeglekkk pie yo rasane dadi anake dpr
234,2022-09-29 17:23:26+00:00,dpr ian has me by the dick
235,2022-09-29 17:21:20+00:00,"Mgk DPR akan bikin UU n ketok palu, nanam padi Sistem Kekinian, harus maju nda bole mundur.
Agar produksi melimpah."
236,2022-09-29 17:19:53+00:00,Uang bisa dicari tapi DPR belum tentu taun depan world tour lagi
237,2022-09-29 17:19:36+00:00,"@dpr_kyzia @ShopeePH AHAHA iyakin 😂
shopee lang sakalam
congrats Ms toni♥️😘"
238,2022-09-29 17:18:34+00:00,"@BennyHarmanID Nikmatin aja pak tua makan gaji buta hasil pajak rakyat,2024 partai anda akan nyungsep terdegradasi dari dpr"
239,2022-09-29 17:14:28+00:00,"Seandainya DPR membatalkan kenaikan anggaran BSSN, apakah Bjorka akan muncul kembali ???"
240,2022-09-29 17:13:45+00:00,@GarudaWisnu11 Berarti sudah cocok jabatan sekarang jadi ketua DPR 🤭
241,2022-09-29 17:13:00+00:00,@dpr_yian ㅠㅠian oppa sudah mencapai jamet?
242,2022-09-29 17:10:30+00:00,@Muhammad_Saewad yg goblog DPR RI ya acc anggaran
243,2022-09-29 17:10:27+00:00,@yuehoooo dpr pun sama masalahnya🥲
244,2022-09-29 17:05:31+00:00,"Yg diteliti jajaran pemerintah, dpr, dan para pendukungnya saja. Btw ada untungnya Timor-Leste jdi negara. Kalau nggk pisah malah Indonesia ranking 1 dri bawah. 😅"
245,2022-09-29 17:04:33+00:00,"@alisyarief Berpikir rasional dikit lah karena penentuan angka presidential threshold merupakan kebijakan terbuka atau open legal policy.
Kebijakan  open legal policy adalah ranah pembuat UU, yakni DPR dan Presiden era SBY..
Dan penentuan besaran angka presidential threshold bukan ranah MK."
246,2022-09-29 17:03:00+00:00,ian__dpr Iyaa sihh bener juga hyung
247,2022-09-29 17:03:00+00:00,ian__dpr Apa kimak???
248,2022-09-29 17:00:29+00:00,DPR IAN - Nerves (OFFICIAL M/V) https://t.co/6mF6LjGnPF via @YouTube 💔💔💔
249,2022-09-29 16:59:56+00:00,@dpr_yian Raisa bukan ya? Kali kedua?
250,2022-09-29 16:59:05+00:00,"Anggota Komisi III DPR RI Fraksi Partai Demokrat, menyesalkan sikap hakim Mahkamah Agung (MA) yang tertangkap OTT KPK. #DemokratHarapanRakyat AHY Pemimpin Tegas https://t.co/hJmN6yIpJS"
251,2022-09-29 16:58:21+00:00,fyp ku isinya konser dpr 😓
252,2022-09-29 16:58:06+00:00,@ian__dpr Iyaa sihh bener juga hyung
253,2022-09-29 16:58:05+00:00,@ian__dpr Oalahhhh ku tak memperhatikanny huffet
254,2022-09-29 16:57:32+00:00,@rkojeu enakanya ian dpr
255,2022-09-29 16:57:11+00:00,"@jokowi Pak Jokowi..
Bilang sama DPR buat hukum yang berat agar para pelaku kejahatan jera tidak mengulangi lagi.
Terlebih sekarang hukum di Indonesia tajam kebawah apakah itu yang dibilang adil. bapak presiden kalau DPR engga mau arahan dari bapak biar masyarakat yg turun bantu bapak."
256,2022-09-29 16:57:02+00:00,@TAERIYAKll @hyyubi suwun bude
257,2022-09-29 16:56:52+00:00,@eunwoont @syaotingg kondisikan itu anak
258,2022-09-29 16:56:35+00:00,@jaybnowhi mau kalau emas
259,2022-09-29 16:56:24+00:00,@hyyubi kimak
260,2022-09-29 16:55:49+00:00,@yeoxbin sebelum error itu mixlr liriknya kaya gitu watashi
261,2022-09-29 16:55:26+00:00,@ian__dpr LAGU YG TADI KAH
262,2022-09-29 16:55:24+00:00,Mood - DPR IAN
263,2022-09-29 16:54:57+00:00,@pisgorsrikaya Udah paling bener dengerin dpr Ian dah
264,2022-09-29 16:54:28+00:00,coba2 main tinder buat nyari spek modelan dpr ian 🙏🏼
265,2022-09-29 16:54:28+00:00,"masih gua pantau aja dah ini lagu liriknya “teringat saat kita di ranjang, masuk pelan pelan” 🤦‍♂️"
266,2022-09-29 16:54:16+00:00,"Bamsoet Dorong MPR, DPR, DPD dan DPRD Miliki Undang-Undang Tersendiri https://t.co/pDFPK4w8gA"
267,2022-09-29 16:53:55+00:00,Baru tau klo dpr ian mayan jg maen bass nya wkwk
268,2022-09-29 16:52:45+00:00,"@ardianpancaa Para petani beneran bsa tertarik kah sma dia, pencitraan kyak gini jadul bgt atau mmg saking gda prestasinya ni org meski sdh jdi ketua dpr smp menter koordinasi 🤦🏻"
269,2022-09-29 16:52:12+00:00,"@catchmeupid ""Justru masyarakat dan media lah yg harus berpartisipasi ngasih masukan ke DPR"". Maafkan rakyat mu ini pak/bu yg ga pernah berpatisipasi ngasih masukan apapun utk negara ini hingga DPR harus susah payah memberikan yg terbaik utk rakyat walau harus dgn menerka2 kemauan rakyat."
270,2022-09-29 16:51:45+00:00,"Tok! DPR Sahkan Johanis Tanak Jadi Pimpinan Baru KPK, Firli: Mari Bersihkan Negeri Ini dari Korupsi https://t.co/e0OVGKRSec"
271,2022-09-29 16:51:36+00:00,DPR Siap Tunjukkan Komitmen Indonesia Kurangi Emisi https://t.co/ce3Fj76EoE
272,2022-09-29 16:51:14+00:00,"@ian__dpr Gws bang, mau disuapin?"
273,2022-09-29 16:50:02+00:00,"aduh ini dpr gada yg blue section kah, aku sndirian masa gaes"
274,2022-09-29 16:48:15+00:00,Punya selera pacar kayak DPR IAN tp bentukan sejari kuku CL gak ada. Siapa lagi kalau bukan saya.
275,2022-09-29 16:48:06+00:00,Dewan Perwakilan Rakyat (DPR) mengusulkan kursi anggota dewan gubernur (ADG) Bank Indonesia (BI) bisa diisi oleh anggota partai politik. https://t.co/HdJJtWkwTs
276,2022-09-29 16:48:05+00:00,"Bangun Pembangkit Listrik Tenaga Surya di DPR, Puan: Komitmen Selamatkan Bumi - https://t.co/3Mw8YET2vP https://t.co/JTQxTSCuk9"
277,2022-09-29 16:47:46+00:00,"kalo netijen mo kritik satu2 kebijakan si bebas aja sbenernya. tp nyatanya dpr pun kalo rapat sama pemerintah isinya sama ky komen netijen di sosmed. 

perlu ada pihak yg emg ngeevaluasi kinerja pemerintah dgn holistik, gk asal ceplas ceplos kebijakan ini dan itu."
278,2022-09-29 16:47:43+00:00,wtbnya november aja kali yaaa abis nonton justin. nangis bgt fyp isinya dpr😭
279,2022-09-29 16:47:16+00:00,"@TxtdariHI Hasil poll kata Russia min:

Hasil voting dari referendum untuk bergabung dengan Rusia:

 LPR - 98,42% 

 DPR - 99,23%

 Zaporizhzhya Oblast - 93,11%

 Kherson Oblast - 87,05%"
280,2022-09-29 16:47:13+00:00,@syaotingg luar biasa
281,2022-09-29 16:47:02+00:00,Anggota DPR RI Intan Fauzi bersama puluhan tokoh muda memeriahkan perhelatan IMGS 2022 bertajuk Visionary Leaders' atau pemimpin visioner. #IntanFauzi https://t.co/UBqjr33fe2
282,2022-09-29 16:46:42+00:00,"selain yubi, anjing dan monyet"
283,2022-09-29 16:46:41+00:00,"@ian__dpr @hyyubi Mangkanya, dikurangi."
284,2022-09-29 16:46:21+00:00,"Setelah syarat PT tidak ada maka semua dapat diatur untuk yg terbaik. 

Harusnya saat MK sdh lempar handuk ke DPR maka seluruh parpol bisa duduk bareng bersama rakyat. 
Jgn sungkan minta masukan DPD.

@PDemokrat @PKSejahtera @Ummat_KotaTsel @PBulanBintang"
285,2022-09-29 16:45:01+00:00,"#Bangun Pembangkit Listrik Tenaga Surya di DPR, Puan: Komitmen Selamatkan Bumi - https://t.co/3Mw8YFa5xP 
#PuanMaharani

https://t.co/qbgmNJjGn2"
286,2022-09-29 16:44:48+00:00,@situmorangpata1 @Wandystjk @officialMKRI Kebayang kalau bisa 0%. Betapa hiruk pikuknya dan resiko2 pergolakan dibawah pasti lebih gampang terjd. Blm lg manuver2 politik di DPR/MPR. Dan yg jelas memakan biaya jauh lebih besar.
287,2022-09-29 16:44:41+00:00,allahuakbar siapa ini request 😂
288,2022-09-29 16:44:35+00:00,DPR WE GANG GANG
289,2022-09-29 16:44:16+00:00,@tensorfascia @ahaqzzz @Smellmeee @IEIP3 @fans_dpr @lenggana_yudi @Mitaarini19 @imvibbyy @AREAJULID Gendam mah alat musik
290,2022-09-29 16:43:53+00:00,pag napa dpr we gang gang ko pa si Ara ewan ko na lang ha HAHAHAHHAHASKSJ
291,2022-09-29 16:43:35+00:00,@ahaqzzz @rhdn_rooms @Smellmeee @IEIP3 @fans_dpr @lenggana_yudi @Mitaarini19 @imvibbyy @AREAJULID Gendam kak
292,2022-09-29 16:42:33+00:00,@tanyakanrl Ya terus lo pengen ditanya apa? Masalah BBM naik? Masalah anggota DPR yg rayain ulang tahun padahal diluar lg pada demo? Masalah utang2 negara?? Kenapa kucing kaki nya 4?
293,2022-09-29 16:41:20+00:00,"Anggota Komisi V DPR RI Fraksi Partai Demokrat Irwan meminta agar kenaikan tarif ojek online dibatalkan. Menurutnya masalah ojek online bukan pada kenaikan tarif, melainkan payung hukum yang mengaturnya."
294,2022-09-29 16:40:25+00:00,@jimoury Dia anggota DPR?
295,2022-09-29 16:40:22+00:00,@zulek_2 Dope lovers - dpr ian
296,2022-09-29 16:40:19+00:00,@donbelle031201 @dpr_kyzia @ShopeePH As if Shopee cares? Hahaha hindi kawalan!
297,2022-09-29 16:39:52+00:00,ketika semuanya terasa begitu abot
298,2022-09-29 16:37:12+00:00,@Smellmeee @IEIP3 @fans_dpr @lenggana_yudi @Mitaarini19 @imvibbyy @AREAJULID Itu yang ada di energen
299,2022-09-29 16:36:55+00:00,"Uaf! Kakak yang pakee baju item rok coklat duduk di bunda dpr salamm yaaa
Maniss bgt"
300,2022-09-29 16:36:32+00:00,@indomieenaks dimarahin bu dpr
301,2022-09-29 16:36:03+00:00,"marica dpr ian, estoy tragada"
302,2022-09-29 16:35:58+00:00,@IEIP3 @fans_dpr @lenggana_yudi @Mitaarini19 @imvibbyy @AREAJULID Gadun apaan?
303,2022-09-29 16:35:14+00:00,@jaybnowhi @hyyubi sikat
304,2022-09-29 16:35:00+00:00,"DPR X AOMG
DPR X YG

dahlah~
https://t.co/4nYk7PcrPl"
305,2022-09-29 16:34:04+00:00,yah ulang dong lagunya full senyum
306,2022-09-29 16:33:55+00:00,"Semua Fraksi di DPR Setujui Belanja Negara Tahun 2023 sebesar Rp 3.061,2 triliun.
https://t.co/6R5o5hSO5p"
307,2022-09-29 16:33:46+00:00,"🎵🎵: tamino, dpr ian, chet faker"
308,2022-09-29 16:30:00+00:00,"Pemerintah bersama DPR telah menetapkan APBN 2023. Salah satunya terkait defisit APBN ditekan di bawah 3% PDB
https://t.co/vkEAZEHsfb"
309,2022-09-29 16:29:22+00:00,@fakedbibi @ian__dpr Kalo nangis tinggal imejin /kemasuk/
310,2022-09-29 16:27:24+00:00,Dpr live jkt yg pertama itu antrinya nggak panjang lokasinya jg kyk club gitu jd bs beli minum kyk air mineral beer dll. Nggak desak2an ribet jg pulangnya jg gampang. Tp fansnya blm segede skrg ya wkt itu…
311,2022-09-29 16:24:05+00:00,Partai Demokrat menargetkan akan meraih kembali 9 kursi di DPR Papua Barat. #DemokratHarapanRakyat AHY Pemimpin Tegas https://t.co/Hb71mvrzPy
312,2022-09-29 16:23:57+00:00,@letaeyongy wkwkwk
313,2022-09-29 16:22:58+00:00,Emang nasi bisa kebeli? 🥹 kmrin dah selesai giliranku kena the link dpr. Skrng kamu hihi
314,2022-09-29 16:22:23+00:00,@infotwitwor_ hduh
315,2022-09-29 16:19:45+00:00,"monmaap w salfok sama si skye, dpr we gang gang https://t.co/95pvZik7M2"
316,2022-09-29 16:15:49+00:00,@itzgfdk__ jeprerin ayy nanti klo dpr potonya jgn lupa kongsi2 wqwq
317,2022-09-29 16:14:54+00:00,"Anggota Komisi VII Fraksi @PDemokrat DPR, @SartonoHutomo menilai, rencana mengkonversi LPG 3 kg ke kompor listrik, tdk sesederhana hanya berikan kompor listrik #DemokratHarapanRakyat AHY Pemimpin Tegas https://t.co/dwTToiJauY"
318,2022-09-29 16:14:46+00:00,"@starfess Ballroom extravaganza - dpr ian
Dopamine - jackson wang
Blue - jackson wang
dan kebanyakan lagi monsta x wkwk"
319,2022-09-29 16:12:56+00:00,@TAERIYAKll @fakedbibi kasih ketawa dulu ngab https://t.co/0iRnXmDNEb
320,2022-09-29 16:12:37+00:00,@ian__dpr ayam
321,2022-09-29 16:12:29+00:00,@ian__dpr Semok ngab
322,2022-09-29 16:12:01+00:00,@fakedbibi @ian__dpr Jiahhhhhhhhh
323,2022-09-29 16:12:01+00:00,"@ian__dpr Jangkrik, wedhus"
324,2022-09-29 16:11:46+00:00,@ian__dpr Katak
325,2022-09-29 16:11:38+00:00,@ian__dpr kwek kwek
326,2022-09-29 16:11:34+00:00,@ian__dpr bangsat
327,2022-09-29 16:11:18+00:00,"Untuk membantu pelaku UMKM terkait perizinan dan legalitas, Anggota Komisi VI DPR RI Fraksi Partai Demokrat, MelaniLSuharli, menggelar Sosialisasi Formalisasi Usaha Mikro Strategis"
328,2022-09-29 16:11:02+00:00,@ian__dpr Kuda
329,2022-09-29 16:10:36+00:00,"saran binatang selain babi, anjing dan monyet"
330,2022-09-29 16:09:06+00:00,plsss stres tengok orang beli tiket dpr😭
331,2022-09-29 16:08:54+00:00,"@KemenkeuRI Yang saya heran satu ajah : dari dahulu kala sampai sekarang, kenapa APBN selalu dibuat DEVISIT ? 
Setiap tahun dibuat rancangan anggaran yang merugi kok ya di ACC oleh DPR ?
Rumus saya:
Didalam rencana anggaran devisit yang akan ditutupi dengan hutang, itu pasti ada kesalahan."
332,2022-09-29 16:07:25+00:00,"@Muhammad_Saewad @alisyarief Lagipula @PKSejahtera bukan menggugat agar PT jadi NOL, Bib.

""PKS memohon agar presidential threshold diubah menjadi 7 hingga 9 persen kursi DPR.""

Itu dikutip dari artikel Fusilat News."
333,2022-09-29 16:05:44+00:00,@yeoxbin bisa watashi belikan obat?
334,2022-09-29 16:05:40+00:00,cita cita : regime tour dpr we gang gang sama full team dpr 😿 https://t.co/pm4luG9ErP
335,2022-09-29 16:04:21+00:00,"@ian__dpr Sama sama watashi, watashi jgn sungkan kpadaku, santai sj. Trimalah ini, smoga watashi cpat sembuh https://t.co/ThcWO9C5Yb"
336,2022-09-29 16:02:47+00:00,"@tanyakanrl kalo tujuan buat nyari relasi sih oke, tp gue sendiri prefer ke kepanitiaan aja. organisasi ini kasarnya pembantu ga digaji. orang didalemnya pd lihai main kotor. simulasi dpr intinya"
337,2022-09-29 16:02:44+00:00,Revisi Undang-undang MK Disahkan Jadi RUU Inisiatif DPR https://t.co/OsEcvJi2gM
338,2022-09-29 16:01:59+00:00,@syaotingg penyakit jomblo
339,2022-09-29 16:00:47+00:00,"@gyrimes Dyandra lumayan tuh track record nya, IME (tapi lagi vakum), Sound Rhytm (sayangnya lebih fokus ke western artist, meskipun 2020 kemarin hampir ngebawa OOR ke jkt dan besok desember ngebawa DPR)"
340,2022-09-29 16:00:35+00:00,kapan lagi yekan dibilang keren anggota dpr yg punya pom bensin gunungsindur wkwkwk https://t.co/TqjWhEoq13
341,2022-09-29 15:59:56+00:00,"Ini cerite 3 tahun dulu. DPR kaga mau.

https://t.co/6D0mYpAZ0G"
342,2022-09-29 15:59:24+00:00,@eunwoont kelonin coba
343,2022-09-29 15:59:15+00:00,@fakedbibi gitu doang marah lu bib bib
344,2022-09-29 15:59:04+00:00,@yeoxbin makasih ya watashi
345,2022-09-29 15:58:32+00:00,@syaotingg gua sembuh kalau taken doang ting
346,2022-09-29 15:58:04+00:00,"Ketua Komisi X DPR, Syaiful Huda Tegur Nadiem soal 'Tim Bayangan': Catat Supaya Tidak Terjadi Lagi https://t.co/1XdA3ZxQtY https://t.co/o9jznCdPdw"
347,2022-09-29 15:57:06+00:00,sumpa demi alex pengen banget nonton konser DPR WOIII
348,2022-09-29 15:56:02+00:00,Kamu itu kayak DPR janjinya besar tapi aksinya cuma sebatas janji.
349,2022-09-29 15:54:47+00:00,Revisi Undang-undang MK Disahkan Jadi RUU Inisiatif DPR https://t.co/NbPXtQ3HXw
350,2022-09-29 15:54:26+00:00,Revisi Undang-undang MK Disahkan Jadi RUU Inisiatif DPR https://t.co/4KLLCULb5m
351,2022-09-29 15:54:02+00:00,"@moonareas Dpr Ian
Dpr Live
Crush
Zico
Monsta x"
352,2022-09-29 15:53:53+00:00,@DPR_RMI Bruuh
353,2022-09-29 15:53:08+00:00,kalo jadi bebek tiap ngomong tambahin “wkwkwk” ?
354,2022-09-29 15:52:58+00:00,@BennyHarmanID @SeanAkbar4 Emang demokrat ga ada di DPR ya  masa koroptor di bela itu enggak
355,2022-09-29 15:52:29+00:00,@ian__dpr Watashi hrus istirahat
356,2022-09-29 15:52:20+00:00,@seulyogi Cuiiii @lalaahmad mimpi versimu dgn dpr ian apa??? 🥲
357,2022-09-29 15:51:33+00:00,@DPR_RI BBM harus diturunkan lagi https://t.co/FR9qxRsPtl
358,2022-09-29 15:51:28+00:00,"@Zal_Tapian @kr1t1kp3d45_pro anaknya jadi Presiden, 
Cucu nya jadi DPR, menteri, calon presiden. 

Harto anaknya kasus narkoba, perceraian, perselingkuhan, asetnya disita negara. 
Jd gambar di bokong truck. 

Ni bocah2 blm pd lair jaman suharto kali ya? 
Rasanya dipimpin jenderal sadis &amp; keji. Kyai2 dibantai"
359,2022-09-29 15:50:45+00:00,halah halah demam lagi
360,2022-09-29 15:50:27+00:00,"@joochanini99 udahh ada dpr sama hitc, trus sama SHI kalo jadi 🤣🤣🤣"
361,2022-09-29 15:50:16+00:00,@fakedbibi hypersex gak bisa buat nonton bib
362,2022-09-29 15:49:58+00:00,@BennyHarmanID @TerongU72356816 Dan DPR diam sj pak
363,2022-09-29 15:48:30+00:00,bagi au dpr ian
364,2022-09-29 15:47:35+00:00,"@staggererr Begitu syulit jadi DPR ,apalagi DPR Baik ke rakyat"
365,2022-09-29 15:46:58+00:00,@BennyHarmanID Bukankah anda bagian dari DPR itu pak?
366,2022-09-29 15:46:54+00:00,@Yeotjn TKUT BANGET SULLYOON NMIXX BAHAS POLITIK DIA MAU JD ANGGOTA DPR
367,2022-09-29 15:46:54+00:00,https://t.co/WHm491Zrxf silahkan pelajari kenapa akhirnya DPR tidak memasukkan RUU Sisdiknas ke Prolegnas
368,2022-09-29 15:46:39+00:00,Aneh bgt ada org nikah sama DPR Ian
369,2022-09-29 15:46:39+00:00,@rio_evi @BennyHarmanID Jangan malah nyerang pak beni dari Demokrat mas Demokrat PKS yg masih berfikiran waras menentang dan ga ikut memecat tp tetap jg kalah suara karna DPR dikuasai partai yg mendukung rezim ini jd berfikir waras lah
370,2022-09-29 15:45:59+00:00,@JlJIHEON lu sih nawar
371,2022-09-29 15:45:47+00:00,@fakedbibi @yujinahn03 gua baca
372,2022-09-29 15:44:58+00:00,"@JulBayur3 Sejak lama, muncul upaya2 agitasi sistematis seolah2 ada kebusukan lembaga2 politik seperti parpol, dpr, dll. 
Upaya2 utk menciptakan persepsi seolah2 kondisinya revolusioner"
373,2022-09-29 15:44:43+00:00,@ian__dpr Oh iya kamu pak kirno
374,2022-09-29 15:44:09+00:00,@xescoxee bukan pak tarno
375,2022-09-29 15:43:51+00:00,@ian__dpr Kasih tepuk tangan untuk Laura yang pinter ini dong kak
376,2022-09-29 15:43:43+00:00,DPR LIVE&gt;&gt;&gt;
377,2022-09-29 15:43:09+00:00,"Akan rame ini.
Saya kira ini skandal besar di dunia peradilan. Apabila DPR, MA, Presiden sebagai pengusul Hakim MK bisa menarik kpn sja usulannya tnp menunggu habis masa jabatan, atau berdasarkan ketentuan pasal 23 UU/7/2020-MK maka bersiap2lah MK menjadi lembaga mainan politik."
378,2022-09-29 15:42:43+00:00,"@BennyHarmanID Akan rame ini.
Saya kira ini skandal besar di dunia peradilan. Apabila DPR, MA, Presiden sebagai pengusul Hakim MK bisa menarik kpn sja usulannya tnp menunggu habis masa jabatan, atau berdasarkan ketentuan pasal 23 UU/7/2020-MK maka bersiap2lah MK menjadi lembaga mainan politik."
379,2022-09-29 15:42:13+00:00,"@Arneilovescalum @urouterspace IYAAA DPR IAN, DIA KE INDO DESEMBER TANGGAL 6"
380,2022-09-29 15:42:04+00:00,"DPR Resmi Pilih 9 Komisioner KPAI Periode 2022-2027, Berikut Daftar Namanya: Komisi VIII DPR RI menyepakati sembilan Komisioner Komisi Perlindungan Anak Indonesia (KPAI) periode 2022-2027. Mereka dipilih setelah sebelumnya telah melaksanakan fit and… https://t.co/8uLDLQoARX"
381,2022-09-29 15:41:45+00:00,@xescoxee bagus
382,2022-09-29 15:41:12+00:00,@misfeast include dpr ian
383,2022-09-29 15:40:44+00:00,@ke2dari5 Hong Dabin pacarku yang nyanyi dpr we gang gang
384,2022-09-29 15:40:15+00:00,"@AlphaARachman Klo fokusnya pada sistem pendidikan, apalagi bentuknya RUU. Stakeholder dan pemangku kepentingan pny peran melalui lobi2 politik di DPR. Karena pembahasan RUU memang dilakukan beberapa tahap sampai dengan paripurna. Klo menurut Bapak, baiknya siapa yg merancang RUU Sisdiknas?"
385,2022-09-29 15:40:12+00:00,@ian__dpr @fakedbibi Jangn mau kak
386,2022-09-29 15:39:55+00:00,@dpr_yian Bener ya!nn
387,2022-09-29 15:39:41+00:00,"Kata #Google , Mantan #GubernurTerbodoh @DKIJakarta yg kyk #Monyet #Idiot = @jokowi GARONG DanaHaji alumni @UGMYogyakarta PALSOE anak TERORIS PKI RADIKAL si Widjiatno!! Paham kowe akun palsoe intel PKI @pr4m_w ,dll ??!! 🫵😠🖕👻Cc: @DPR_RI @MataNajwa @NajwaShihab https://t.co/u2sgA349wQ"
388,2022-09-29 15:38:29+00:00,@urouterspace @heroxmendes IAN AS IN DPR IAN? MO KE INDO?
389,2022-09-29 15:38:20+00:00,Banggar DPR RI Harap APBN 2023 Mampu Jawab Tantangan https://t.co/gJmmoQ62bk
390,2022-09-29 15:38:09+00:00,Komisi VIII DPR Sepakati Sembilan Komisioner KPAI Harap Lebih Libatkan Masyarakat https://t.co/zzUheKAore
391,2022-09-29 15:37:38+00:00,@fakedbibi ceritain dong bib https://t.co/4kR7Fycf57
392,2022-09-29 15:37:13+00:00,Kok repot kau ada yg sidang dpr  nonton  ***** kok diam kau
393,2022-09-29 15:36:45+00:00,@9YUETERN iya benar dpr ian🥲
394,2022-09-29 15:36:07+00:00,"@burningred30 @puanmaharani_ri Labelnya sj DPR. Isinya.... 
Sulit untuk diungkapkan krn terlalu tebal muka. Jd setiap kebijakan cuma ada dua... Megujtungkan oligarki atau mencekik rakyat"
395,2022-09-29 15:34:38+00:00,"@collegemenfess adm.negara, soalny mau kerja di dpr huwehuwehuwe"
396,2022-09-29 15:34:36+00:00,@lecIairdeLune brutal bangett dah dpr yian kitaa wkwkwje
397,2022-09-29 15:34:24+00:00,"Coba cek ini, deh: ""Buku DPR dan Defisit Demokrasi"" Rp297.450 di toko Librari Tokopedia. Bisa bebas ongkir, lho.
https://t.co/wSQkQcPLfM"
398,2022-09-29 15:32:00+00:00,MOHAN MAAF  AS WR WB KP YTH) ( SEMUA YG BERWAJIB SEMUA KALANGAN JAJARNYA PEMPERNTAHAN  MPR DPR POLDA JAYA KEPERSIDENAN MOHON MAAF TOLONG BBN TURUNKAN BPK 1 )  BIHAR LOOH JENAWI BIHAR ORG MISKIN DAPAT ENAKNYA JANGAN ORG KAYA PELULU?? https://t.co/sgBvoH9DaW
399,2022-09-29 15:32:00+00:00,"Mulan Jameela yang merupakan Anggota Komisi VII DPR RI mengkritik wacana kebijakan konversi kompor gas ke kompor listrik. Para emak-emak pun mendukungnya. 
 
Kira-kira apa alasannya? Yuk saksikan #PopNewsKompasTV besok, pkl 10.00 WIB!
 
Streaming: https://t.co/rUTSoYphmA https://t.co/h1HJ9wBFJJ"
400,2022-09-29 15:30:44+00:00,@dpr_yian @kimheejungie Oppa yg manaaa
401,2022-09-29 15:30:26+00:00,DPR Setujui APBN 2023 Senilai Rp3.061 Triliun https://t.co/xSQFpkl1lh
402,2022-09-29 15:30:02+00:00,Pengamat politik membeberkan soal elektabilitas Ketua DPR Puan Maharani. Simak beritanya. #PuanMaharani https://t.co/Lg6R1KFqTr
403,2022-09-29 15:30:00+00:00,"Anggota Komisi VI DPR RI Rudi Hartono Bangun menilai PLN tidak melakukan kajian dan penelitian ketika akan membagikan kompor listrik gratis ke masyarakat.
via @DPR_RI 
https://t.co/l7hEHpfTgv"
404,2022-09-29 15:29:49+00:00,"@dpr_yian Dah malem opp, dinner ini namanyaa"
405,2022-09-29 15:29:29+00:00,"@dpr_yian Run where? Kemanapun anda lari, sayaa akan menemukan anda /tertawa jahat/"
406,2022-09-29 15:29:11+00:00,"Daripada Tiru Aksi Lempar Kaos Jokowi, Sebaiknya Puan Maharani Maksimalkan Peran jadi Ketua DPR | 
Jokowi KDRT Cebong Lesti Leslar Minyak Rasa Air enak bgt tsay #2024SingkirkanPDIP #PejabatLaknat #JasMerahBiadabnyaPKI #JegalDoktrinKomunis #AniesPresiden https://t.co/j7OeRJzmgW"
407,2022-09-29 15:29:06+00:00,kenapa harus november😭😭😭😭 aku udah beli tiket dpr loh. masa aku jual tiket dpr😭
408,2022-09-29 15:27:45+00:00,"@ira5rae Ha ah yt je.. search je dpr ain joanday new york.. live tu haaa dia mmg comel cute cute gituhh, senyum terus cair mat🫠"
409,2022-09-29 15:27:09+00:00,@dpr_yian Waw makasih banyak hyung. Gapernah ada yg bilang cool ini sriusan makasi wjwjwj
410,2022-09-29 15:26:52+00:00,Luar biasa..Buat Ibu angota DPR .....👍👍👍🙏🙏🙏
411,2022-09-29 15:26:37+00:00,@delasyahmareads Katanya di smackdown😅
412,2022-09-29 15:25:46+00:00,Weeehhh dilema bgt apakah saya harus pergi nonton dpr regime sendirian tp krik bgt anjir sendiri ga ada temen
413,2022-09-29 15:24:54+00:00,@BennyHarmanID Menurut info paling anyar anda termasuk anggota DPR juga kan??
414,2022-09-29 15:22:49+00:00,@Minang_cyber @DPR_RI Ang sato pai demo tuh Jang... Ko indak... Garegak se nan gadang... Gaek gadang sarawa... 😁
415,2022-09-29 15:20:43+00:00,@Megatop99 @jokowi @mohmahfudmd @DPR_RI @KemenPU Ajukan upaya hukum dong  😉
416,2022-09-29 15:20:29+00:00,"DPR Bangun Pembangkit Listrik Tenaga Surya, Puan: Bagian Komitmen Selamatkan Bumi https://t.co/mr7x1jd0ah"
417,2022-09-29 15:19:06+00:00,dpr we gang gang
418,2022-09-29 15:17:58+00:00,Sri Mulyani Bikin Heboh Sidang Paripurna DPR: Demokrat Bersama Rakyat | https://t.co/yRSrY3IAUE https://t.co/AUs3BFOnoX
419,2022-09-29 15:17:41+00:00,"DPR menyetujui Johanis Tanak sebagai pimpinan KPK menggantikan Lili Pintauli Siregar melalui rapat paripurna. Namun, masyarakat sipil mengkritik gagasan Johanis untuk menerapkan keadilan restoratif pada kasus korupsi. #Polhuk #AdadiKompas

https://t.co/mUFNzLn7WF"
420,2022-09-29 15:17:18+00:00,"DPR menyetujui Johanis Tanak sebagai pimpinan KPK menggantikan Lili Pintauli Siregar melalui rapat paripurna. Namun, masyarakat sipil mengkritik gagasan Johanis untuk menerapkan keadilan restoratif pada kasus korupsi. #Polhuk #AdadiKompas
https://t.co/z2UitYgjJo"
421,2022-09-29 15:16:57+00:00,@iveserved dpr ian (Christian yu) check him out oomfie
422,2022-09-29 15:16:36+00:00,@worksfess Komisi 1 DPR RI
423,2022-09-29 15:16:18+00:00,Paripurna DPR Setuju RAPBN 2023 Jadi UU https://t.co/3O8IOaASYe
424,2022-09-29 15:15:52+00:00,@sbyfess DPR IAN love
425,2022-09-29 15:14:58+00:00,"@MUSIKMENFESS keshi, dpr"
426,2022-09-29 15:13:50+00:00,"@__qu1nn
Jasmine - DPR LIVE"
427,2022-09-29 15:13:17+00:00,"Artinya, DPR turut bertanggungjawab atas hancur keburnya MA dan peradilan Indonesia, dengan oknum Hakim Agung yg jual beli perkara. 

Pengamat Sebut Seleksi Hakim Agung Sangat Politis karena Peran DPR Dominan
Klik untuk baca: https://t.co/P31X03LRyE"
428,2022-09-29 15:13:11+00:00,"yang gue tau sih dia suka banget sama DAY6, SNSD, jay park, slchld sama dpr live. sisanya kurang paham sih dia semua genre didengerin tapi paling sering keluar dari bibirnya lagu day6 sih yang congratulation
https://t.co/8jJv7GUnEO"
429,2022-09-29 15:12:12+00:00,"Saatnya UMKM Naik Kelas, Komisi VI DPR RI Haris Turino Dorong Pelaku Usaha Membuat Perijinan https://t.co/vP3gALUFcx"
430,2022-09-29 15:11:42+00:00,Anggota DPR RI Bambang Purwanto dari Kotawaringin Timur memberi bantuan bibit ikan dari program aspirasi. Bentuk dari realisasi Demokrat Berkoalisi dengan Rakyat.
431,2022-09-29 15:10:35+00:00,@wibbbol Pasti ulah DPR
432,2022-09-29 15:10:06+00:00,@JoMinang @Minang_cyber @DPR_RI Baby sitter ikua amak ang apak anjiang
433,2022-09-29 15:09:55+00:00,wts wtb wtt dpr regime jakarta
434,2022-09-29 15:08:33+00:00,Anggota Panja Pembahas Laporan Hasil Pemeriksaan Badan Pemeriksa Keuangan (LHP-BPK) RI atas Laporan Keuangan Pemerintah Aceh Tahun Anggaran 2021 Melakukan Kunjungan Kerja ke Badan Penghubung Pemerintah Aceh di Jakarta dan DPRD Provinsi Jawa Tengah https://t.co/hoR3Qt29Qd
435,2022-09-29 15:07:56+00:00,bm pangsit dpr
436,2022-09-29 15:07:42+00:00,@samblematah @seulyogi beda dpr😭
437,2022-09-29 15:07:29+00:00,"@KeeNand__ @AnakLobster @GWirjawan @ridwankamil Dia aja jadi ketua DPR karena mayoritas PDIP yang masih patuh Bu Mega wkwk. Kalau mau jadi eksekutif, perlu sistem parlementer dengan PDIP mayoritas aja dah bisa jadi kepala pemerintahan"
438,2022-09-29 15:06:39+00:00,DPR menyetujui RUU APBN 2023 jadi Undang-Undang https://t.co/1Vg231vhH8
439,2022-09-29 15:03:47+00:00,kenapa fyp gue jadi banyak dpr ian gue CAPEEEEK mama mau ian!!!!!!!!!!! 🥹🥹🤭🤭😩😂😂😩😩😩😩😩😩💐💐💐💐💐💐💐💐💐💐💐💐💐💐💐💐💐
440,2022-09-29 15:03:36+00:00,"DPR LIVE-Martini Blue

#징버거 https://t.co/fEO2amGsvp"
441,2022-09-29 15:03:13+00:00,"Anak Muda Paling Tak Percaya DPR dalam Survei CSIS, Politisi Gerindra Buka Suara https://t.co/6ytHgwq8Op"
442,2022-09-29 15:02:59+00:00,"RT kebulrokok: tato, tarung derajat

dpr ian (christian yu) au https://t.co/OohBrsa1kb"
443,2022-09-29 15:02:40+00:00,"dpr... hallyuween... popstival...

universe, ikaw na po bahala"
444,2022-09-29 15:01:35+00:00,"Kader Golkar ini banyak tersandung korupsi, Setya Novanto jangan sampai menjadi ketua DPR"
445,2022-09-29 15:00:13+00:00,"@sanuri_tumpang klo d negara maju UMR disesuaikan dg pngeluaran.. klo d indonesia gajinya d hbskan sama pejabat dan DPR aja.. jd rkyat tdk kbagian  buat mereka aja gaji bsr.. sy jg tnggal d luar negri negara maju.. satpam/pnjaga sekolah mobilnya accord, camry, corolla dan land cruiser."
446,2022-09-29 14:59:34+00:00,"RT kebulrokok: tato, tarung derajat

dpr ian (christian yu) au https://t.co/OohBrrRS63"
447,2022-09-29 14:58:34+00:00,TAI BGT HEHEHE KLMPKNY DPR KATING LAGI
448,2022-09-29 14:58:31+00:00,"DPR Hijau Sebagai Aksi Memerangi Krisis Iklim

https://t.co/To20m37eMZ

#DPR #KrisisIklim #iklim #globalwarming #dprri #senayan"
449,2022-09-29 14:57:57+00:00,"@DPR_CHRISTYU @cxsoobien padahal ak ga ngapa""in :)"
450,2022-09-29 14:56:59+00:00,"Menurut teori politik paling anyer, salah satu kiat rezim otoriter mempertahankan kekuasaannya ialah memperlemah Mahkamah Konstitusi (MK).Hakim-hakim konstitusi yg melawan kehendak rezim dicopot tanpa due process of law. Ini dialami Hakim MK Prof Aswanto hari ini di DPR.#Liberte# https://t.co/f1pkAra3Ye"
451,2022-09-29 14:56:34+00:00,pgn bgt nntn dpr tp w lum booster gmn y
452,2022-09-29 14:56:23+00:00,@tanyakanrl Yang terang cuman masa depan DPR
453,2022-09-29 14:55:51+00:00,Niatnya mimpiin DPR IAN malah DPR……….wes ah tar diseruduk xixixixi
454,2022-09-29 14:55:30+00:00,@cxsoobien @DPR_CHRISTYU WKWKWKW kenapa kak
455,2022-09-29 14:54:14+00:00,"@ruhutsitompul Saya setuju aja lah pesong demo buruh. 

Demo clickbait. Yg dipikir gajinya mereka aja. Pake tangan DPR, penyesuaian gaji eh bahan baku lokal minta murah. Yg menang tokeknya."
456,2022-09-29 14:53:55+00:00,MAU NTN KONSER DPR LIVE 😭
457,2022-09-29 14:52:41+00:00,@DPR_CHRISTYU @cxsoobien sama ayen mah juga dia lagi loyo pap WKWKWKWK
458,2022-09-29 14:52:25+00:00,DPR RI Sahkan Sekjen MK Guntur Hamzah sebagai Hakim Konstitusi https://t.co/cNRQLfI5bu #DPRRI #GunturHamzah #HakimKonstitusi #SekjenMK
459,2022-09-29 14:52:16+00:00,"Mengenal Mahkamah Kehormatan Dewan, Alat Kelengkapan DPR yang Dipimpin Eks Wakapolri Adang Daradjatun https://t.co/omxxJ2zEQQ"
460,2022-09-29 14:52:14+00:00,"@DPR_CHRISTYU ntar di omelin ""NGOPI TEROOOOOS"""
461,2022-09-29 14:52:11+00:00,"Ustadz Ir . Andti Kurniawan: ""110 kader kader Komunis PKI yg duduk di DPR difasilitasi dan diprioritaskan oleh PDIP. 
Ketua komisi IX Anak PKI. 
Kader PDIP meng-inteli masjid masjid di Indonesia"" https://t.co/4u7p7RDPEc"
462,2022-09-29 14:52:08+00:00,"Mengenal Mahkamah Kehormatan Dewan, Alat Kelengkapan DPR yang Dipimpin Eks Wakapolri Adang Daradjatun https://t.co/rbSY1r8eCc"
463,2022-09-29 14:52:03+00:00,Anggota Komisi XI DPR mengusulkan agar kewajiban spin off unit usaha syariah (UUS) pada 2023 ditinjau kembali. #BTNSyariah https://t.co/TJ4Gd9CMhA
464,2022-09-29 14:51:49+00:00,"Mengenal Mahkamah Kehormatan Dewan, Alat Kelengkapan DPR yang Dipimpin Eks Wakapolri Adang Daradjatun https://t.co/EOYloxwHMc"
465,2022-09-29 14:49:46+00:00,"Saat yang gugat adlh jendral Gatot, partai buruh dll, alasan MK bahwa penggugat ga berhak gugat karena bukan peserta pemilu. Pas yang gugat PKS, alasannya soal ambang batas ini urusannya DPR. Emg langkah jitu banget ngawinin ketuanya sama adik penguasa. Aman semuanyaaa."
466,2022-09-29 14:48:43+00:00,@penjaga_garuda @bojonebojoku Semua dpr  bangsat dan korup apalagi parte korup sapi dan parte lambang Merci yg nyata2 bilang TDK pada korup eh malah dari pimpinan Ampe jongor korup semua dgn note jatah 20% dr nilai project
467,2022-09-29 14:48:09+00:00,"@DPR_CHRISTYU @cxsoobien habis kak mingze nya kaya masih loyo, ga asik jadi gelut sama kak soobin &gt;&lt;"
468,2022-09-29 14:46:42+00:00,@cxsoobien @DPR_CHRISTYU minta di giling ya?
469,2022-09-29 14:46:24+00:00,@DPR_CHRISTYU @cxsoobien DIH KOK GA BELA AKU SIH?!
470,2022-09-29 14:46:01+00:00,@DPR_CHRISTYU baiklah papa *mode kalem on*
471,2022-09-29 14:45:44+00:00,Menerima batuan Basiswa dari komisi X DPR RI.https://t.co/q040TxDeQs
472,2022-09-29 14:45:25+00:00,@lenggana_yudi @Mitaarini19 @imvibbyy @AREAJULID Haa jadi kucing gimana?!
473,2022-09-29 14:44:34+00:00,GUE BARU SADAR KALO NNTI PAS DPR GUE ADA KELAS OFFLINE AJG MANA 13 SKS 😭😭😭😭 INI W MENDING BOLOS APA GMN YA ADUH PUSING
474,2022-09-29 14:42:50+00:00,@mediaindonesia @DPR_RI hebat anggota nya euyyy!!! Kemarin yg ketauan nonton bokep juga gak di urus malah di anggap biasa. Nah apalagi ini paling juga di anggap angin lalu. Kalian rapat utk rakyat yg kalian wakili bkn malah untuk makan gaji buta
475,2022-09-29 14:42:34+00:00,"Relawan Puan menfasilitasi ratusan masyarakat Kembangan, Meruya, Jakarta Barat mendeklarasikan dukungan untuk Ketua DPR Puan Maharani menjadi penerus Presiden Jokowi 2024. https://t.co/GOeuQ241lO"
476,2022-09-29 14:42:01+00:00,"DPR Setujui RUU APBN 2023 Jadi Undang-Undang 
https://t.co/rZGAFtIvJZ"
477,2022-09-29 14:41:25+00:00,Fight me. Per-DPR-an ini lagunya gak ada yang gagal. https://t.co/dexK6DGRte
478,2022-09-29 14:40:51+00:00,@starfess bapakmu orang dpr ya bang?
479,2022-09-29 14:40:44+00:00,@ian__dpr KOK JD MAKIN MAHAALL!!??😭
480,2022-09-29 14:40:24+00:00,"Pengamat Politik, Hendri Satrio menilai Ketua DPR Puan Maharani adalah sosok paling rasional bagi PDIP untuk diusung sebagai capres atau cawapres pada Pilpres 2024. https://t.co/GV3C4LNv4S"
481,2022-09-29 14:39:49+00:00,DPR novemeber juga kn?
482,2022-09-29 14:39:31+00:00,Ketua DPR RI sekaligus Ketua DPP PDI Perjuangan Puan Maharani meminta kader untuk bersabar menunggu keputusan Ketua Umum PDIP Megawati Soekarnoputri. https://t.co/dqfPaBruIH
483,2022-09-29 14:38:47+00:00,@DPR_CHRISTYU KENAPA SIH PAPA SENSI BANGET HERAN
484,2022-09-29 14:38:43+00:00,"@BAHIYYIH_PH @bhyyhverse so beautiful - dpr ian

00:00 VER. WITH BAHIYYIH
#MIDNIGHT_HIYYIH
#HIYYIH_TROUBLESHOOTER
#HUENING_BAHIYYIH #휴닝바히에 #ヒュニンバヒエ"
485,2022-09-29 14:38:35+00:00,Seknas Puan Maharani segera melakukan konsolidasi ke seluruh Indonesia untuk mengenalkan Ketua DPR RI Puan Maharani dalam tiga bulan ke depan di 13 provinsi. https://t.co/4TeNHBMlcI
486,2022-09-29 14:37:30+00:00,@DPR_CHRISTYU CIHHH MAU TITIP BOLEH
487,2022-09-29 14:37:07+00:00,Ketua DPR Puan Maharani mendorong para perempuan di Indonesia untuk percaya diri dalam menjadi pemimpin. https://t.co/cFVnQltP43
488,2022-09-29 14:37:04+00:00,"cc 
@ekoepranoto 
@DediMulyadi71 
@DPR_RI komisi IV
@SitiNurbayaLHK"
489,2022-09-29 14:36:54+00:00,Dpr we gang gang 😔🤙🏻
490,2022-09-29 14:35:22+00:00,@puanmaharani_ri Emang kerjaan sampeyan sebagai ketua DPR udah kelar tah ? Kok malah klayapan safari politik ?
491,2022-09-29 14:34:54+00:00,Ketum Partai Demokrat (PD) Agus Harimurti Yudhoyono (AHY) mengungkap ada dua kali intervensi elemen negara terkait calon wakil gubernur (cawagub) pendamping Gubernur Papua Lukas Enembe. Wakil Ketua Komisi II DPR RI Junimart Girsang menilai pernyataan AHY tersebut terlalu naif.
492,2022-09-29 14:34:34+00:00,"DPR Dukung Revisi Syarat Taruna: Banyak Prajurit Cerdas, Tinggi Kurang https://t.co/qoV51vIcTy"
493,2022-09-29 14:33:50+00:00,@FPD_DPR @irwan_fecho @DPR_RI @PDemokrat Raja baper and ngeless ya ..
494,2022-09-29 14:33:49+00:00,"@puanmaharani_ri Masalah sawah biar jadi urusan petani mbak , urusan mbak sebagai ketua DPR itu salah satunya yg cukup penting soal RUU perampasan aset koruptor , jangan malah melu ciblon nang tegalan 😑"
495,2022-09-29 14:33:42+00:00,"DPR Dukung Revisi Syarat Taruna: Banyak Prajurit Cerdas, Tinggi Kurang https://t.co/fLJq0fiWSU"
496,2022-09-29 14:33:00+00:00,@semesta_han @bieskuit @marsyayu16 Emang mantannya si billar kek gimana? Aku cuma tau si dinda mantannya
497,2022-09-29 14:32:01+00:00,9. Pengakuan MK terkait legal standing PKS tsb menggugurkan argumen yg menyatakan partai politik tdk bisa melakukan JR ke MK terkait UU yg dibahasnya di DPR RI #MKMaunyaApa
498,2022-09-29 14:31:12+00:00,"DPR Bangun Pembangkit Listrik Tenaga Surya, Puan: Komitmen Selamatkan Bumi https://t.co/jSMnUa7wYJ"
499,2022-09-29 14:31:08+00:00,"Wakil Ketua Komisi VI, DPR RI, Aria Bima akan mengundang Kemendag, importir, perajin tahu dan tempe untuk mengatasi lonjakan harga kedelai yang cukup signifikan.#publisherstory #bengawannews https://t.co/BvxB1IxDEf"
